size,trial,rate,density,clustering,shortest_path,n_comp_nodes,steps,l1,l2
55,0,0.7636363636363637,0.08350168350168351,0.12634527089072548,2.748148148148148,8.333333333333332,1000,8.333333333333332,2.4267032964268394
55,1,0.5818181818181818,0.08350168350168351,0.12634527089072548,2.748148148148148,11.0,1000,11.0,2.560381915956203
55,2,0.6,0.08350168350168351,0.12634527089072548,2.748148148148148,11.333333333333334,1000,11.333333333333334,2.6666666666666665
55,3,0.6909090909090909,0.08350168350168351,0.12634527089072548,2.748148148148148,9.999999999999998,1000,9.999999999999998,2.581988897471611
55,4,0.6545454545454545,0.08350168350168351,0.12634527089072548,2.748148148148148,10.333333333333334,1000,10.333333333333334,2.5603819159562025
