size,trial,rate,density,clustering,shortest_path,n_comp_nodes,steps,l1,l2
55,0,0.6545454545454545,0.08350168350168351,0.04855699855699856,2.731313131313131,11.33333333333333,1000,11.33333333333333,2.7888667551135855
55,1,0.7090909090909091,0.08350168350168351,0.04855699855699856,2.731313131313131,9.666666666666666,1000,9.666666666666666,2.6034165586355518
55,2,0.6363636363636364,0.08350168350168351,0.04855699855699856,2.731313131313131,12.666666666666666,1000,12.666666666666666,3.0912061651652345
55,3,0.5636363636363637,0.08350168350168351,0.04855699855699856,2.731313131313131,12.666666666666666,1000,12.666666666666666,2.788866755113585
55,4,0.5454545454545454,0.08350168350168351,0.04855699855699856,2.731313131313131,12.666666666666668,1000,12.666666666666668,2.748737083745107
