size,trial,rate,density,clustering,shortest_path,n_comp_nodes,steps,l1,l2
55,0,0.6727272727272727,0.08215488215488216,0.04896103896103896,2.758922558922559,11.333333333333332,1000,11.333333333333332,2.8674417556808756
55,1,0.6,0.08215488215488216,0.04896103896103896,2.758922558922559,10.0,1000,10.0,2.309401076758503
55,2,0.5818181818181818,0.08215488215488216,0.04896103896103896,2.758922558922559,10.333333333333334,1000,10.333333333333334,2.333333333333333
55,3,0.6909090909090909,0.08215488215488216,0.04896103896103896,2.758922558922559,9.333333333333332,1000,9.333333333333332,2.449489742783178
55,4,0.6909090909090909,0.08215488215488216,0.04896103896103896,2.758922558922559,11.333333333333332,1000,11.333333333333332,2.943920288775949
