size,trial,rate,density,clustering,shortest_path,n_comp_nodes,steps,l1,l2
55,0,0.6181818181818182,0.08080808080808081,0.07627705627705628,2.783164983164983,13.0,1000,13.0,3.1091263510296048
55,1,0.6181818181818182,0.08080808080808081,0.07627705627705628,2.783164983164983,11.999999999999998,1000,11.999999999999998,2.788866755113585
55,2,0.6727272727272727,0.08080808080808081,0.07627705627705628,2.783164983164983,10.999999999999998,1000,10.999999999999998,2.7688746209726913
55,3,0.6181818181818182,0.08080808080808081,0.07627705627705628,2.783164983164983,9.666666666666668,1000,9.666666666666668,2.3804761428476167
55,4,0.6,0.08080808080808081,0.07627705627705628,2.783164983164983,10.333333333333332,1000,10.333333333333332,2.333333333333333
