size,trial,rate,density,clustering,shortest_path,n_comp_nodes,steps,l1,l2
55,0,0.6181818181818182,0.09023569023569024,0.0732034632034632,2.696969696969697,9.666666666666668,1000,9.666666666666668,2.2360679774997894
55,1,0.7818181818181819,0.09023569023569024,0.0732034632034632,2.696969696969697,6.666666666666666,1000,6.666666666666666,2.1081851067789197
55,2,0.6363636363636364,0.09023569023569024,0.0732034632034632,2.696969696969697,11.0,1000,11.0,2.6034165586355513
55,3,0.5818181818181818,0.09023569023569024,0.0732034632034632,2.696969696969697,10.666666666666668,1000,10.666666666666668,2.403700850309326
55,4,0.6545454545454545,0.09023569023569024,0.0732034632034632,2.696969696969697,10.333333333333332,1000,10.333333333333332,2.560381915956203
