size,trial,rate,density,clustering,shortest_path,n_comp_nodes,steps,l1,l2
55,0,0.6181818181818182,0.07676767676767676,0.07095238095238096,2.9313131313131313,12.0,1000,12.0,2.8674417556808756
55,1,0.6181818181818182,0.07676767676767676,0.07095238095238096,2.9313131313131313,11.666666666666668,1000,11.666666666666668,2.728450923957483
55,2,0.6363636363636364,0.07676767676767676,0.07095238095238096,2.9313131313131313,10.666666666666666,1000,10.666666666666666,2.5385910352879693
55,3,0.6,0.07676767676767676,0.07095238095238096,2.9313131313131313,13.0,1000,13.0,3.0368111930480994
55,4,0.6181818181818182,0.07676767676767676,0.07095238095238096,2.9313131313131313,11.666666666666666,1000,11.666666666666666,2.7284509239574835
