size,trial,rate,density,clustering,shortest_path,n_comp_nodes,steps,l1,l2
55,0,0.5272727272727273,0.08484848484848485,0.036709956709956706,2.727946127946128,12.666666666666668,1000,12.666666666666668,2.7080128015453195
55,1,0.5454545454545454,0.08484848484848485,0.036709956709956706,2.727946127946128,12.333333333333332,1000,12.333333333333332,2.7688746209726913
55,2,0.6181818181818182,0.08484848484848485,0.036709956709956706,2.727946127946128,11.333333333333332,1000,11.333333333333332,2.6666666666666665
55,3,0.6,0.08484848484848485,0.036709956709956706,2.727946127946128,9.333333333333332,1000,9.333333333333332,2.1081851067789197
55,4,0.7454545454545455,0.08484848484848485,0.036709956709956706,2.727946127946128,9.666666666666666,1000,9.666666666666666,2.7688746209726918
