size,trial,rate,density,clustering,shortest_path,n_comp_nodes,steps,l1,l2
55,0,0.6727272727272727,0.08552188552188553,0.10268660632296997,2.7932659932659933,10.333333333333332,1000,10.333333333333332,2.6457513110645907
55,1,0.6181818181818182,0.08552188552188553,0.10268660632296997,2.7932659932659933,12.0,1000,12.0,2.8284271247461903
55,2,0.5818181818181818,0.08552188552188553,0.10268660632296997,2.7932659932659933,10.666666666666666,1000,10.666666666666666,2.403700850309326
55,3,0.6363636363636364,0.08552188552188553,0.10268660632296997,2.7932659932659933,12.0,1000,12.0,2.8674417556808756
55,4,0.6181818181818182,0.08552188552188553,0.10268660632296997,2.7932659932659933,12.333333333333334,1000,12.333333333333334,2.9249881291307074
