size,trial,rate,density,clustering,shortest_path,n_comp_nodes,steps,l1,l2
55,0,0.6727272727272727,0.08686868686868687,0.10596221959858323,2.709090909090909,9.333333333333332,1000,9.333333333333332,2.3570226039551585
55,1,0.6363636363636364,0.08686868686868687,0.10596221959858323,2.709090909090909,11.333333333333334,1000,11.333333333333334,2.788866755113585
55,2,0.7090909090909091,0.08686868686868687,0.10596221959858323,2.709090909090909,7.999999999999999,1000,7.999999999999999,2.1081851067789197
55,3,0.6363636363636364,0.08686868686868687,0.10596221959858323,2.709090909090909,10.666666666666666,1000,10.666666666666666,2.6666666666666665
55,4,0.5272727272727273,0.08686868686868687,0.10596221959858323,2.709090909090909,13.333333333333334,1000,13.333333333333334,2.9059326290271152
