size,trial,rate,density,clustering,shortest_path,n_comp_nodes,steps,l1,l2
25,0,0.52,0.12,0.064,2.8066666666666666,6.666666666666666,1000,6.666666666666666,2.1602468994692865
25,1,0.43999999999999995,0.12,0.064,2.8066666666666666,8.333333333333332,1000,8.333333333333332,2.4720661623652207
25,2,0.28,0.12,0.064,2.8066666666666666,10.0,1000,10.0,2.5385910352879693
25,3,0.43999999999999995,0.12,0.064,2.8066666666666666,7.666666666666666,1000,7.666666666666666,2.185812841434
25,4,0.48,0.12,0.064,2.8066666666666666,7.333333333333332,1000,7.333333333333332,2.260776661041756
