size,trial,rate,density,clustering,shortest_path,n_comp_nodes,steps,l1,l2
25,0,0.43999999999999995,0.12,0.06533333333333334,3.05,11.0,1000,11.0,3.0731814857642954
25,1,0.52,0.12,0.06533333333333334,3.05,6.333333333333332,1000,6.333333333333332,2.0275875100994063
25,2,0.43999999999999995,0.12,0.06533333333333334,3.05,9.0,1000,9.0,2.6034165586355513
25,3,0.43999999999999995,0.12,0.06533333333333334,3.05,7.666666666666666,1000,7.666666666666666,2.23606797749979
25,4,0.43999999999999995,0.12,0.06533333333333334,3.05,10.0,1000,10.0,2.8674417556808756
