size,trial,rate,density,clustering,shortest_path,n_comp_nodes,steps,l1,l2
25,0,0.72,0.15666666666666668,0.1285714285714286,2.56,5.333333333333333,1000,5.333333333333333,2.160246899469287
25,1,0.6,0.15666666666666668,0.1285714285714286,2.56,6.666666666666666,1000,6.666666666666666,2.309401076758503
25,2,0.6799999999999999,0.15666666666666668,0.1285714285714286,2.56,5.333333333333333,1000,5.333333333333333,1.9999999999999998
25,3,0.64,0.15666666666666668,0.1285714285714286,2.56,4.666666666666666,1000,4.666666666666666,1.763834207376394
25,4,0.52,0.15666666666666668,0.1285714285714286,2.56,7.999999999999999,1000,7.999999999999999,2.494438257849294
