size,trial,rate,density,clustering,shortest_path,n_comp_nodes,steps,l1,l2
25,0,0.4,0.11333333333333333,0.11333333333333333,3.0833333333333335,8.666666666666664,1000,8.666666666666664,2.494438257849294
25,1,0.52,0.11333333333333333,0.11333333333333333,3.0833333333333335,7.666666666666666,1000,7.666666666666666,2.3804761428476167
25,2,0.52,0.11333333333333333,0.11333333333333333,3.0833333333333335,7.333333333333333,1000,7.333333333333333,2.309401076758503
25,3,0.4,0.11333333333333333,0.11333333333333333,3.0833333333333335,9.666666666666666,1000,9.666666666666666,2.728450923957483
25,4,0.4,0.11333333333333333,0.11333333333333333,3.0833333333333335,8.333333333333332,1000,8.333333333333332,2.3804761428476167
