size,trial,rate,density,clustering,shortest_path,n_comp_nodes,steps,l1,l2
25,0,0.43999999999999995,0.11666666666666667,0.049523809523809526,3.066666666666667,9.0,1000,9.0,2.6457513110645907
25,1,0.56,0.11666666666666667,0.049523809523809526,3.066666666666667,6.333333333333333,1000,6.333333333333333,2.0816659994661326
25,2,0.43999999999999995,0.11666666666666667,0.049523809523809526,3.066666666666667,7.333333333333333,1000,7.333333333333333,2.160246899469287
25,3,0.52,0.11666666666666667,0.049523809523809526,3.066666666666667,7.666666666666666,1000,7.666666666666666,2.4267032964268394
25,4,0.4,0.11666666666666667,0.049523809523809526,3.066666666666667,8.999999999999998,1000,8.999999999999998,2.560381915956203
