size,trial,rate,density,clustering,shortest_path,n_comp_nodes,steps,l1,l2
25,0,0.56,0.13333333333333333,0.03447619047619047,2.7066666666666666,7.333333333333332,1000,7.333333333333332,2.4037008503093262
25,1,0.56,0.13333333333333333,0.03447619047619047,2.7066666666666666,6.999999999999999,1000,6.999999999999999,2.2360679774997894
25,2,0.52,0.13333333333333333,0.03447619047619047,2.7066666666666666,7.0,1000,7.0,2.23606797749979
25,3,0.6,0.13333333333333333,0.03447619047619047,2.7066666666666666,6.666666666666666,1000,6.666666666666666,2.3094010767585034
25,4,0.48,0.13333333333333333,0.03447619047619047,2.7066666666666666,8.333333333333332,1000,8.333333333333332,2.516611478423583
