size,trial,rate,density,clustering,shortest_path,n_comp_nodes,steps,l1,l2
25,0,0.6,0.13666666666666666,0.041333333333333326,2.6233333333333335,5.666666666666666,1000,5.666666666666666,1.8559214542766738
25,1,0.48,0.13666666666666666,0.041333333333333326,2.6233333333333335,9.333333333333332,1000,9.333333333333332,2.748737083745107
25,2,0.48,0.13666666666666666,0.041333333333333326,2.6233333333333335,8.333333333333332,1000,8.333333333333332,2.4720661623652207
25,3,0.48,0.13666666666666666,0.041333333333333326,2.6233333333333335,8.666666666666666,1000,8.666666666666666,2.6246692913372702
25,4,0.43999999999999995,0.13666666666666666,0.041333333333333326,2.6233333333333335,9.0,1000,9.0,2.6034165586355518
