size,trial,rate,density,clustering,shortest_path,n_comp_nodes,steps,l1,l2
25,0,0.31999999999999995,0.10666666666666667,0.0,3.15,10.0,1000,10.0,2.70801280154532
25,1,0.31999999999999995,0.10666666666666667,0.0,3.15,9.0,1000,9.0,2.3804761428476167
25,2,0.28,0.10666666666666667,0.0,3.15,10.333333333333332,1000,10.333333333333332,2.6874192494328497
25,3,0.28,0.10666666666666667,0.0,3.15,10.0,1000,10.0,2.6246692913372702
25,4,0.4,0.10666666666666667,0.0,3.15,10.0,1000,10.0,2.8284271247461903
