size,trial,rate,density,clustering,shortest_path,n_comp_nodes,steps,l1,l2
155,0,0.8064516129032258,0.0611646418098031,0.04992391187936974,2.482195224130708,11.333333333333332,1000,11.333333333333332,2.1602468994692865
155,1,0.8129032258064516,0.0611646418098031,0.04992391187936974,2.482195224130708,11.666666666666666,1000,11.666666666666666,2.285218200133681
155,2,0.8129032258064516,0.0611646418098031,0.04992391187936974,2.482195224130708,12.333333333333332,1000,12.333333333333332,2.4720661623652207
155,3,0.7677419354838709,0.0611646418098031,0.04992391187936974,2.482195224130708,14.333333333333332,1000,14.333333333333332,2.516611478423583
155,4,0.8193548387096774,0.0611646418098031,0.04992391187936974,2.482195224130708,11.666666666666668,1000,11.666666666666668,2.3804761428476167
