size,trial,rate,density,clustering,shortest_path,n_comp_nodes,steps,l1,l2
155,0,0.8193548387096774,0.06124842899036447,0.05675099831646314,2.4767490573942186,11.0,1000,11.0,2.23606797749979
155,1,0.7548387096774194,0.06124842899036447,0.05675099831646314,2.4767490573942186,15.333333333333332,1000,15.333333333333332,2.6246692913372702
155,2,0.7548387096774194,0.06124842899036447,0.05675099831646314,2.4767490573942186,15.333333333333332,1000,15.333333333333332,2.6666666666666665
155,3,0.8451612903225807,0.06124842899036447,0.05675099831646314,2.4767490573942186,9.333333333333332,1000,9.333333333333332,1.9999999999999998
155,4,0.8387096774193549,0.06124842899036447,0.05675099831646314,2.4767490573942186,10.666666666666666,1000,10.666666666666666,2.260776661041756
