size,trial,rate,density,clustering,shortest_path,n_comp_nodes,steps,l1,l2
155,0,0.8580645161290322,0.06250523669878509,0.05902480593632089,2.455048177628823,8.333333333333332,1000,8.333333333333332,1.855921454276674
155,1,0.7935483870967742,0.06250523669878509,0.05902480593632089,2.455048177628823,13.333333333333332,1000,13.333333333333332,2.5385910352879693
155,2,0.832258064516129,0.06250523669878509,0.05902480593632089,2.455048177628823,10.333333333333332,1000,10.333333333333332,2.185812841434
155,3,0.8709677419354839,0.06250523669878509,0.05902480593632089,2.455048177628823,7.333333333333333,1000,7.333333333333333,1.699673171197595
155,4,0.8258064516129032,0.06250523669878509,0.05902480593632089,2.455048177628823,10.333333333333334,1000,10.333333333333334,2.0816659994661326
