size,trial,rate,density,clustering,shortest_path,n_comp_nodes,steps,l1,l2
155,0,0.7612903225806451,0.057561793045664014,0.05034249431782638,2.5284457478005864,14.0,1000,14.0,2.403700850309326
155,1,0.8387096774193549,0.057561793045664014,0.05034249431782638,2.5284457478005864,10.666666666666666,1000,10.666666666666666,2.260776661041756
155,2,0.7161290322580645,0.057561793045664014,0.05034249431782638,2.5284457478005864,16.666666666666664,1000,16.666666666666664,2.6246692913372702
155,3,0.7870967741935484,0.057561793045664014,0.05034249431782638,2.5284457478005864,14.666666666666664,1000,14.666666666666664,2.748737083745107
155,4,0.864516129032258,0.057561793045664014,0.05034249431782638,2.5284457478005864,9.333333333333332,1000,9.333333333333332,2.1602468994692865
