size,trial,rate,density,clustering,shortest_path,n_comp_nodes,steps,l1,l2
155,0,0.8193548387096774,0.05948889819857562,0.05142080142080136,2.508169250104734,11.0,1000,11.0,2.185812841434
155,1,0.8387096774193549,0.05948889819857562,0.05142080142080136,2.508169250104734,9.333333333333332,1000,9.333333333333332,1.9436506316151
155,2,0.7935483870967742,0.05948889819857562,0.05142080142080136,2.508169250104734,12.333333333333332,1000,12.333333333333332,2.285218200133681
155,3,0.7806451612903226,0.05948889819857562,0.05142080142080136,2.508169250104734,15.0,1000,15.0,2.728450923957483
155,4,0.8,0.05948889819857562,0.05142080142080136,2.508169250104734,11.333333333333332,1000,11.333333333333332,2.1081851067789197
