size,trial,rate,density,clustering,shortest_path,n_comp_nodes,steps,l1,l2
155,0,0.864516129032258,0.06267281105990784,0.06356118281665066,2.4648512777545037,8.666666666666666,1000,8.666666666666666,2.054804667656325
155,1,0.8,0.06267281105990784,0.06356118281665066,2.4648512777545037,14.0,1000,14.0,2.748737083745107
155,2,0.8129032258064516,0.06267281105990784,0.06356118281665066,2.4648512777545037,11.0,1000,11.0,2.185812841434
155,3,0.8064516129032258,0.06267281105990784,0.06356118281665066,2.4648512777545037,13.333333333333332,1000,13.333333333333332,2.6246692913372702
155,4,0.7677419354838709,0.06267281105990784,0.06356118281665066,2.4648512777545037,14.0,1000,14.0,2.494438257849294
