size,trial,rate,density,clustering,shortest_path,n_comp_nodes,steps,l1,l2
155,0,0.8129032258064516,0.06535400083787181,0.0737962690903867,2.4299120234604104,11.333333333333332,1000,11.333333333333332,2.211083193570267
155,1,0.7806451612903226,0.06535400083787181,0.0737962690903867,2.4299120234604104,13.666666666666664,1000,13.666666666666664,2.4720661623652207
155,2,0.8,0.06535400083787181,0.0737962690903867,2.4299120234604104,12.333333333333332,1000,12.333333333333332,2.333333333333333
155,3,0.7806451612903226,0.06535400083787181,0.0737962690903867,2.4299120234604104,14.333333333333332,1000,14.333333333333332,2.6034165586355513
155,4,0.864516129032258,0.06535400083787181,0.0737962690903867,2.4299120234604104,8.666666666666666,1000,8.666666666666666,2.0
