size,trial,rate,density,clustering,shortest_path,n_comp_nodes,steps,l1,l2
155,0,0.8064516129032258,0.06258902387934646,0.04960655077802783,2.4671135316296606,11.333333333333332,1000,11.333333333333332,2.211083193570267
155,1,0.7483870967741936,0.06258902387934646,0.04960655077802783,2.4671135316296606,15.333333333333332,1000,15.333333333333332,2.581988897471611
155,2,0.8258064516129032,0.06258902387934646,0.04960655077802783,2.4671135316296606,11.333333333333332,1000,11.333333333333332,2.357022603955158
155,3,0.8,0.06258902387934646,0.04960655077802783,2.4671135316296606,13.333333333333332,1000,13.333333333333332,2.581988897471611
155,4,0.8,0.06258902387934646,0.04960655077802783,2.4671135316296606,11.666666666666666,1000,11.666666666666666,2.185812841434
