size,trial,rate,density,clustering,shortest_path,n_comp_nodes,steps,l1,l2
155,0,0.7870967741935484,0.06217008797653959,0.06887491598916741,2.479011311269376,13.0,1000,13.0,2.4267032964268394
155,1,0.7870967741935484,0.06217008797653959,0.06887491598916741,2.479011311269376,13.333333333333332,1000,13.333333333333332,2.449489742783178
155,2,0.8258064516129032,0.06217008797653959,0.06887491598916741,2.479011311269376,11.666666666666664,1000,11.666666666666664,2.4267032964268394
155,3,0.8516129032258064,0.06217008797653959,0.06887491598916741,2.479011311269376,10.333333333333332,1000,10.333333333333332,2.333333333333333
155,4,0.8129032258064516,0.06217008797653959,0.06887491598916741,2.479011311269376,13.333333333333332,1000,13.333333333333332,2.6246692913372702
