size,trial,rate,density,clustering,shortest_path,n_comp_nodes,steps,l1,l2
155,0,0.7870967741935484,0.0614997905320486,0.0604307467779953,2.4723921240050273,13.666666666666666,1000,13.666666666666666,2.516611478423583
155,1,0.8,0.0614997905320486,0.0604307467779953,2.4723921240050273,12.999999999999998,1000,12.999999999999998,2.516611478423583
155,2,0.8193548387096774,0.0614997905320486,0.0604307467779953,2.4723921240050273,12.333333333333332,1000,12.333333333333332,2.516611478423583
155,3,0.8129032258064516,0.0614997905320486,0.0604307467779953,2.4723921240050273,12.333333333333332,1000,12.333333333333332,2.4267032964268394
155,4,0.8451612903225807,0.0614997905320486,0.0604307467779953,2.4723921240050273,8.333333333333332,1000,8.333333333333332,1.7320508075688772
