size,trial,rate,density,clustering,shortest_path,n_comp_nodes,steps,l1,l2
135,0,0.7851851851851852,0.06025428413488115,0.05131839354061572,2.5524599226091764,14.666666666666664,1000,14.666666666666664,3.055050463303893
135,1,0.8296296296296296,0.06025428413488115,0.05131839354061572,2.5524599226091764,15.333333333333332,1000,15.333333333333332,3.4641016151377544
135,2,0.7925925925925926,0.06025428413488115,0.05131839354061572,2.5524599226091764,13.666666666666666,1000,13.666666666666666,2.886751345948129
135,3,0.837037037037037,0.06025428413488115,0.05131839354061572,2.5524599226091764,13.0,1000,13.0,3.0368111930481
135,4,0.8074074074074074,0.06025428413488115,0.05131839354061572,2.5524599226091764,13.0,1000,13.0,2.9249881291307074
