size,trial,rate,density,clustering,shortest_path,n_comp_nodes,steps,l1,l2
135,0,0.8518518518518519,0.0626865671641791,0.06421016064290913,2.5284687672747372,13.333333333333332,1000,13.333333333333332,3.197221015541813
135,1,0.8296296296296296,0.0626865671641791,0.06421016064290913,2.5284687672747372,14.666666666666666,1000,14.666666666666666,3.3665016461206925
135,2,0.8074074074074074,0.0626865671641791,0.06421016064290913,2.5284687672747372,15.0,1000,15.0,3.248931448269655
135,3,0.837037037037037,0.0626865671641791,0.06421016064290913,2.5284687672747372,12.0,1000,12.0,2.8284271247461903
135,4,0.8222222222222222,0.0626865671641791,0.06421016064290913,2.5284687672747372,14.333333333333332,1000,14.333333333333332,3.2489314482696545
