size,trial,rate,density,clustering,shortest_path,n_comp_nodes,steps,l1,l2
135,0,0.7851851851851852,0.060033167495854065,0.048327680549902705,2.558319513543394,17.0,1000,17.0,3.5433819375782165
135,1,0.8,0.060033167495854065,0.048327680549902705,2.558319513543394,16.0,1000,16.0,3.39934634239519
135,2,0.8148148148148149,0.060033167495854065,0.048327680549902705,2.558319513543394,17.0,1000,17.0,3.6666666666666665
135,3,0.837037037037037,0.060033167495854065,0.048327680549902705,2.558319513543394,12.666666666666666,1000,12.666666666666666,2.9814239699997196
135,4,0.8518518518518519,0.060033167495854065,0.048327680549902705,2.558319513543394,10.666666666666666,1000,10.666666666666666,2.6666666666666665
