size,trial,rate,density,clustering,shortest_path,n_comp_nodes,steps,l1,l2
135,0,0.7555555555555555,0.06323935876174683,0.058588510255176904,2.5093421779988945,18.0,1000,18.0,3.4960294939005054
135,1,0.8518518518518519,0.06323935876174683,0.058588510255176904,2.5093421779988945,11.666666666666664,1000,11.666666666666664,2.924988129130707
135,2,0.8,0.06323935876174683,0.058588510255176904,2.5093421779988945,14.0,1000,14.0,2.9814239699997196
135,3,0.8296296296296296,0.06323935876174683,0.058588510255176904,2.5093421779988945,12.0,1000,12.0,2.748737083745107
135,4,0.8444444444444444,0.06323935876174683,0.058588510255176904,2.5093421779988945,11.666666666666664,1000,11.666666666666664,2.848001248439177
