size,trial,rate,density,clustering,shortest_path,n_comp_nodes,steps,l1,l2
135,0,0.8666666666666667,0.06334991708126037,0.05567012508188974,2.513543394140409,10.0,1000,10.0,2.581988897471611
135,1,0.837037037037037,0.06334991708126037,0.05567012508188974,2.513543394140409,14.999999999999998,1000,14.999999999999998,3.4801021696368504
135,2,0.8,0.06334991708126037,0.05567012508188974,2.513543394140409,12.999999999999998,1000,12.999999999999998,2.7688746209726913
135,3,0.8740740740740741,0.06334991708126037,0.05567012508188974,2.513543394140409,9.333333333333332,1000,9.333333333333332,2.449489742783178
135,4,0.7703703703703704,0.06334991708126037,0.05567012508188974,2.513543394140409,17.0,1000,17.0,3.3829638550307397
