size,trial,rate,density,clustering,shortest_path,n_comp_nodes,steps,l1,l2
135,0,0.8222222222222222,0.062354892205638474,0.06641005085449525,2.5390823659480377,13.666666666666668,1000,13.666666666666668,3.109126351029605
135,1,0.8074074074074074,0.062354892205638474,0.06641005085449525,2.5390823659480377,14.0,1000,14.0,3.0912061651652345
135,2,0.8074074074074074,0.062354892205638474,0.06641005085449525,2.5390823659480377,15.333333333333332,1000,15.333333333333332,3.3333333333333335
135,3,0.8222222222222222,0.062354892205638474,0.06641005085449525,2.5390823659480377,13.333333333333332,1000,13.333333333333332,3.0912061651652345
135,4,0.7925925925925926,0.062354892205638474,0.06641005085449525,2.5390823659480377,14.333333333333334,1000,14.333333333333334,2.9999999999999996
