size,trial,rate,density,clustering,shortest_path,n_comp_nodes,steps,l1,l2
135,0,0.8296296296296296,0.062354892205638474,0.05974889308222635,2.5305693753454945,14.0,1000,14.0,3.2317865716108862
135,1,0.8444444444444444,0.062354892205638474,0.05974889308222635,2.5305693753454945,12.666666666666668,1000,12.666666666666668,3.0550504633038935
135,2,0.8,0.062354892205638474,0.05974889308222635,2.5305693753454945,15.999999999999998,1000,15.999999999999998,3.3665016461206925
135,3,0.8666666666666667,0.062354892205638474,0.05974889308222635,2.5305693753454945,10.666666666666668,1000,10.666666666666668,2.7888667551135855
135,4,0.8222222222222222,0.062354892205638474,0.05974889308222635,2.5305693753454945,11.333333333333332,1000,11.333333333333332,2.5385910352879693
