size,trial,rate,density,clustering,shortest_path,n_comp_nodes,steps,l1,l2
135,0,0.8444444444444444,0.06721945826423438,0.06776921940320628,2.449640685461581,14.333333333333332,1000,14.333333333333332,3.38296385503074
135,1,0.8592592592592593,0.06721945826423438,0.06776921940320628,2.449640685461581,11.0,1000,11.0,2.808716591058786
135,2,0.8518518518518519,0.06721945826423438,0.06776921940320628,2.449640685461581,9.666666666666666,1000,9.666666666666666,2.3804761428476167
135,3,0.8740740740740741,0.06721945826423438,0.06776921940320628,2.449640685461581,10.666666666666666,1000,10.666666666666666,2.788866755113585
135,4,0.837037037037037,0.06721945826423438,0.06776921940320628,2.449640685461581,12.666666666666666,1000,12.666666666666666,3.0550504633038935
