size,trial,rate,density,clustering,shortest_path,n_comp_nodes,steps,l1,l2
135,0,0.8074074074074074,0.06511885019347706,0.05953651891560382,2.485019347705915,15.999999999999998,1000,15.999999999999998,3.4318767136623336
135,1,0.762962962962963,0.06511885019347706,0.05953651891560382,2.485019347705915,17.666666666666664,1000,17.666666666666664,3.415650255319866
135,2,0.8074074074074074,0.06511885019347706,0.05953651891560382,2.485019347705915,15.0,1000,15.0,3.2489314482696545
135,3,0.8444444444444444,0.06511885019347706,0.05953651891560382,2.485019347705915,13.0,1000,13.0,3.073181485764296
135,4,0.8148148148148149,0.06511885019347706,0.05953651891560382,2.485019347705915,13.999999999999998,1000,13.999999999999998,3.091206165165235
