size,trial,rate,density,clustering,shortest_path,n_comp_nodes,steps,l1,l2
135,0,0.8222222222222222,0.0644555002763958,0.058230660648961256,2.498949695964621,12.666666666666664,1000,12.666666666666664,2.9059326290271157
135,1,0.8444444444444444,0.0644555002763958,0.058230660648961256,2.498949695964621,12.333333333333332,1000,12.333333333333332,3.0
135,2,0.8444444444444444,0.0644555002763958,0.058230660648961256,2.498949695964621,13.333333333333332,1000,13.333333333333332,3.126943839882286
135,3,0.8074074074074074,0.0644555002763958,0.058230660648961256,2.498949695964621,13.666666666666664,1000,13.666666666666664,3.0368111930481
135,4,0.8296296296296296,0.0644555002763958,0.058230660648961256,2.498949695964621,12.666666666666668,1000,12.666666666666668,2.8674417556808756
