size,trial,rate,density,clustering,shortest_path,n_comp_nodes,steps,l1,l2
5,0,0.0,0.4,0.0,1.8,2.9999999999999996,1000,2.9999999999999996,1.3743685418725535
5,1,0.0,0.4,0.0,1.8,3.6666666666666665,1000,3.6666666666666665,1.7320508075688772
5,2,0.19999999999999996,0.4,0.0,1.8,1.6666666666666665,1000,1.6666666666666665,0.8819171036881968
5,3,0.0,0.4,0.0,1.8,2.6666666666666665,1000,2.6666666666666665,1.3333333333333335
5,4,0.19999999999999996,0.4,0.0,1.8,1.6666666666666665,1000,1.6666666666666665,0.8819171036881968
