size,trial,rate,density,clustering,shortest_path,n_comp_nodes,steps,l1,l2
5,0,0.4,0.5,0.4666666666666666,1.7,2.0,1000,2.0,1.247219128924647
5,1,0.4,0.5,0.4666666666666666,1.7,2.0,1000,2.0,1.247219128924647
5,2,0.6,0.5,0.4666666666666666,1.7,1.0,1000,1.0,0.7453559924999298
5,3,0.4,0.5,0.4666666666666666,1.7,1.6666666666666665,1000,1.6666666666666665,0.9999999999999999
5,4,0.6,0.5,0.4666666666666666,1.7,1.0,1000,1.0,0.7453559924999298
