size,trial,rate,density,clustering,shortest_path,n_comp_nodes,steps,l1,l2
5,0,0.0,0.4,0.0,1.8,2.3333333333333335,1000,2.3333333333333335,1.1055415967851332
5,1,0.19999999999999996,0.4,0.0,1.8,1.6666666666666665,1000,1.6666666666666665,0.8819171036881968
5,2,0.0,0.4,0.0,1.8,2.6666666666666665,1000,2.6666666666666665,1.247219128924647
5,3,0.0,0.4,0.0,1.8,2.9999999999999996,1000,2.9999999999999996,1.4529663145135578
5,4,0.19999999999999996,0.4,0.0,1.8,2.333333333333333,1000,2.333333333333333,1.2909944487358056
