size,trial,rate,density,clustering,shortest_path,n_comp_nodes,steps,l1,l2
45,0,0.6444444444444444,0.09696969696969697,0.11201058201058203,2.7333333333333334,10.333333333333332,1000,10.333333333333332,2.8087165910587863
45,1,0.7333333333333334,0.09696969696969697,0.11201058201058203,2.7333333333333334,6.666666666666666,1000,6.666666666666666,2.1602468994692865
45,2,0.6222222222222222,0.09696969696969697,0.11201058201058203,2.7333333333333334,9.666666666666666,1000,9.666666666666666,2.5166114784235836
45,3,0.6444444444444444,0.09696969696969697,0.11201058201058203,2.7333333333333334,7.333333333333333,1000,7.333333333333333,2.0
45,4,0.6222222222222222,0.09696969696969697,0.11201058201058203,2.7333333333333334,10.666666666666666,1000,10.666666666666666,2.82842712474619
