size,trial,rate,density,clustering,shortest_path,n_comp_nodes,steps,l1,l2
45,0,0.6666666666666667,0.10202020202020202,0.08502645502645505,2.602020202020202,9.666666666666666,1000,9.666666666666666,2.7688746209726913
45,1,0.6,0.10202020202020202,0.08502645502645505,2.602020202020202,10.333333333333332,1000,10.333333333333332,2.6457513110645907
45,2,0.7111111111111111,0.10202020202020202,0.08502645502645505,2.602020202020202,7.333333333333333,1000,7.333333333333333,2.309401076758503
45,3,0.6444444444444444,0.10202020202020202,0.08502645502645505,2.602020202020202,11.666666666666666,1000,11.666666666666666,3.1446603773522015
45,4,0.6888888888888889,0.10202020202020202,0.08502645502645505,2.602020202020202,9.0,1000,9.0,2.6034165586355513
