size,trial,rate,density,clustering,shortest_path,n_comp_nodes,steps,l1,l2
45,0,0.5333333333333333,0.08080808080808081,0.04328042328042328,3.1121212121212123,11.666666666666664,1000,11.666666666666664,2.7688746209726913
45,1,0.5777777777777777,0.08080808080808081,0.04328042328042328,3.1121212121212123,11.333333333333334,1000,11.333333333333334,2.8284271247461903
45,2,0.6666666666666667,0.08080808080808081,0.04328042328042328,3.1121212121212123,11.999999999999998,1000,11.999999999999998,3.197221015541813
45,3,0.48888888888888893,0.08080808080808081,0.04328042328042328,3.1121212121212123,13.666666666666664,1000,13.666666666666664,3.073181485764296
45,4,0.5555555555555556,0.08080808080808081,0.04328042328042328,3.1121212121212123,12.666666666666664,1000,12.666666666666664,3.0912061651652345
