size,trial,rate,density,clustering,shortest_path,n_comp_nodes,steps,l1,l2
45,0,0.6444444444444444,0.09898989898989899,0.05335097001763668,2.672727272727273,8.333333333333332,1000,8.333333333333332,2.23606797749979
45,1,0.6,0.09898989898989899,0.05335097001763668,2.672727272727273,10.666666666666666,1000,10.666666666666666,2.748737083745107
45,2,0.5777777777777777,0.09898989898989899,0.05335097001763668,2.672727272727273,9.999999999999998,1000,9.999999999999998,2.581988897471611
45,3,0.5777777777777777,0.09898989898989899,0.05335097001763668,2.672727272727273,11.0,1000,11.0,2.6874192494328497
45,4,0.6666666666666667,0.09898989898989899,0.05335097001763668,2.672727272727273,8.666666666666666,1000,8.666666666666666,2.4037008503093262
