size,trial,rate,density,clustering,shortest_path,n_comp_nodes,steps,l1,l2
45,0,0.6222222222222222,0.08787878787878788,0.10380952380952381,2.9242424242424243,10.333333333333332,1000,10.333333333333332,2.7284509239574835
45,1,0.4444444444444444,0.08787878787878788,0.10380952380952381,2.9242424242424243,13.000000000000002,1000,13.000000000000002,2.924988129130707
45,2,0.6222222222222222,0.08787878787878788,0.10380952380952381,2.9242424242424243,11.0,1000,11.0,2.9249881291307074
45,3,0.6222222222222222,0.08787878787878788,0.10380952380952381,2.9242424242424243,12.333333333333332,1000,12.333333333333332,3.2145502536643185
45,4,0.6,0.08787878787878788,0.10380952380952381,2.9242424242424243,10.666666666666666,1000,10.666666666666666,2.748737083745107
