size,trial,rate,density,clustering,shortest_path,n_comp_nodes,steps,l1,l2
45,0,0.48888888888888893,0.09090909090909091,0.05855379188712523,2.7767676767676766,13.666666666666666,1000,13.666666666666666,3.1446603773522015
45,1,0.5777777777777777,0.09090909090909091,0.05855379188712523,2.7767676767676766,11.999999999999998,1000,11.999999999999998,3.018461712712472
45,2,0.5111111111111111,0.09090909090909091,0.05855379188712523,2.7767676767676766,12.0,1000,12.0,2.82842712474619
45,3,0.5777777777777777,0.09090909090909091,0.05855379188712523,2.7767676767676766,10.666666666666666,1000,10.666666666666666,2.6666666666666665
45,4,0.4666666666666667,0.09090909090909091,0.05855379188712523,2.7767676767676766,12.666666666666666,1000,12.666666666666666,2.8284271247461903
