size,trial,rate,density,clustering,shortest_path,n_comp_nodes,steps,l1,l2
45,0,0.6222222222222222,0.09292929292929293,0.062186948853615524,2.7393939393939393,10.666666666666666,1000,10.666666666666666,2.788866755113585
45,1,0.5111111111111111,0.09292929292929293,0.062186948853615524,2.7393939393939393,14.333333333333334,1000,14.333333333333334,3.3829638550307397
45,2,0.6,0.09292929292929293,0.062186948853615524,2.7393939393939393,10.0,1000,10.0,2.581988897471611
45,3,0.5777777777777777,0.09292929292929293,0.062186948853615524,2.7393939393939393,11.999999999999998,1000,11.999999999999998,3.0550504633038935
45,4,0.6,0.09292929292929293,0.062186948853615524,2.7393939393939393,12.0,1000,12.0,3.055050463303893
