size,trial,rate,density,clustering,shortest_path,n_comp_nodes,steps,l1,l2
45,0,0.5777777777777777,0.09494949494949495,0.06686067019400353,2.721212121212121,10.333333333333332,1000,10.333333333333332,2.6034165586355518
45,1,0.6,0.09494949494949495,0.06686067019400353,2.721212121212121,10.999999999999998,1000,10.999999999999998,2.848001248439177
45,2,0.6,0.09494949494949495,0.06686067019400353,2.721212121212121,11.666666666666664,1000,11.666666666666664,3.0368111930480994
45,3,0.5555555555555556,0.09494949494949495,0.06686067019400353,2.721212121212121,12.666666666666666,1000,12.666666666666666,3.0550504633038935
45,4,0.6,0.09494949494949495,0.06686067019400353,2.721212121212121,9.666666666666664,1000,9.666666666666664,2.5166114784235836
