size,trial,rate,density,clustering,shortest_path,n_comp_nodes,steps,l1,l2
45,0,0.6666666666666667,0.10404040404040404,0.081657848324515,2.5898989898989897,8.333333333333332,1000,8.333333333333332,2.3804761428476167
45,1,0.6888888888888889,0.10404040404040404,0.081657848324515,2.5898989898989897,9.0,1000,9.0,2.560381915956203
45,2,0.7333333333333334,0.10404040404040404,0.081657848324515,2.5898989898989897,7.333333333333333,1000,7.333333333333333,2.260776661041756
45,3,0.7111111111111111,0.10404040404040404,0.081657848324515,2.5898989898989897,7.333333333333333,1000,7.333333333333333,2.1602468994692865
45,4,0.6666666666666667,0.10404040404040404,0.081657848324515,2.5898989898989897,8.666666666666666,1000,8.666666666666666,2.3570226039551585
