size,trial,rate,density,clustering,shortest_path,n_comp_nodes,steps,l1,l2
25,0,0.28,0.10666666666666667,0.0,3.15,10.333333333333332,1000,10.333333333333332,2.6457513110645907
25,1,0.24,0.10666666666666667,0.0,3.15,10.666666666666666,1000,10.666666666666666,2.666666666666666
25,2,0.31999999999999995,0.10666666666666667,0.0,3.15,10.666666666666666,1000,10.666666666666666,2.788866755113585
25,3,0.31999999999999995,0.10666666666666667,0.0,3.15,10.0,1000,10.0,2.6666666666666665
25,4,0.28,0.10666666666666667,0.0,3.15,10.0,1000,10.0,2.581988897471611
