size,trial,rate,density,clustering,shortest_path,n_comp_nodes,steps,l1,l2
25,0,0.48,0.12,0.06533333333333334,3.05,7.666666666666666,1000,7.666666666666666,2.333333333333333
25,1,0.48,0.12,0.06533333333333334,3.05,7.333333333333334,1000,7.333333333333334,2.2607766610417555
25,2,0.4,0.12,0.06533333333333334,3.05,9.999999999999998,1000,9.999999999999998,2.748737083745107
25,3,0.43999999999999995,0.12,0.06533333333333334,3.05,8.666666666666666,1000,8.666666666666666,2.494438257849294
25,4,0.52,0.12,0.06533333333333334,3.05,7.0,1000,7.0,2.23606797749979
