size,trial,rate,density,clustering,shortest_path,n_comp_nodes,steps,l1,l2
25,0,0.52,0.11666666666666667,0.049523809523809526,3.066666666666667,8.666666666666666,1000,8.666666666666666,2.6666666666666665
25,1,0.48,0.11666666666666667,0.049523809523809526,3.066666666666667,8.666666666666666,1000,8.666666666666666,2.6246692913372702
25,2,0.48,0.11666666666666667,0.049523809523809526,3.066666666666667,8.666666666666666,1000,8.666666666666666,2.581988897471611
25,3,0.28,0.11666666666666667,0.049523809523809526,3.066666666666667,10.666666666666666,1000,10.666666666666666,2.748737083745107
25,4,0.19999999999999996,0.11666666666666667,0.049523809523809526,3.066666666666667,9.666666666666666,1000,9.666666666666666,2.333333333333333
