size,trial,rate,density,clustering,shortest_path,n_comp_nodes,steps,l1,l2
25,0,0.28,0.12,0.064,2.8066666666666666,9.666666666666666,1000,9.666666666666666,2.5603819159562025
25,1,0.4,0.12,0.064,2.8066666666666666,10.0,1000,10.0,2.8284271247461903
25,2,0.52,0.12,0.064,2.8066666666666666,6.666666666666666,1000,6.666666666666666,2.1081851067789192
25,3,0.48,0.12,0.064,2.8066666666666666,6.666666666666666,1000,6.666666666666666,2.0548046676563256
25,4,0.4,0.12,0.064,2.8066666666666666,9.666666666666666,1000,9.666666666666666,2.728450923957483
