size,trial,rate,density,clustering,shortest_path,n_comp_nodes,steps,l1,l2
25,0,0.6,0.13,0.132,2.783333333333333,7.666666666666666,1000,7.666666666666666,2.5166114784235836
25,1,0.64,0.13,0.132,2.783333333333333,6.333333333333333,1000,6.333333333333333,2.185812841434
25,2,0.56,0.13,0.132,2.783333333333333,7.333333333333333,1000,7.333333333333333,2.3570226039551585
25,3,0.64,0.13,0.132,2.783333333333333,6.0,1000,6.0,2.1081851067789192
25,4,0.6799999999999999,0.13,0.132,2.783333333333333,5.666666666666666,1000,5.666666666666666,2.1343747458109497
