size,trial,rate,density,clustering,shortest_path,n_comp_nodes,steps,l1,l2
25,0,0.48,0.13333333333333333,0.03447619047619047,2.7066666666666666,7.0,1000,7.0,2.0816659994661326
25,1,0.52,0.13333333333333333,0.03447619047619047,2.7066666666666666,7.0,1000,7.0,2.185812841434
25,2,0.64,0.13333333333333333,0.03447619047619047,2.7066666666666666,5.0,1000,5.0,1.855921454276674
25,3,0.48,0.13333333333333333,0.03447619047619047,2.7066666666666666,7.0,1000,7.0,2.1343747458109497
25,4,0.52,0.13333333333333333,0.03447619047619047,2.7066666666666666,8.0,1000,8.0,2.449489742783178
