size,trial,rate,density,clustering,shortest_path,n_comp_nodes,steps,l1,l2
25,0,0.64,0.15666666666666668,0.1285714285714286,2.56,7.333333333333333,1000,7.333333333333333,2.4944382578492945
25,1,0.6,0.15666666666666668,0.1285714285714286,2.56,6.0,1000,6.0,1.9999999999999998
25,2,0.6,0.15666666666666668,0.1285714285714286,2.56,7.0,1000,7.0,2.3333333333333335
25,3,0.56,0.15666666666666668,0.1285714285714286,2.56,7.666666666666666,1000,7.666666666666666,2.472066162365221
25,4,0.56,0.15666666666666668,0.1285714285714286,2.56,6.666666666666666,1000,6.666666666666666,2.1602468994692865
