size,trial,rate,density,clustering,shortest_path,n_comp_nodes,steps,l1,l2
25,0,0.48,0.13666666666666666,0.041333333333333326,2.6233333333333335,7.666666666666666,1000,7.666666666666666,2.2852182001336816
25,1,0.52,0.13666666666666666,0.041333333333333326,2.6233333333333335,7.666666666666666,1000,7.666666666666666,2.4267032964268394
25,2,0.56,0.13666666666666666,0.041333333333333326,2.6233333333333335,7.0,1000,7.0,2.23606797749979
25,3,0.48,0.13666666666666666,0.041333333333333326,2.6233333333333335,6.999999999999999,1000,6.999999999999999,2.0816659994661326
25,4,0.43999999999999995,0.13666666666666666,0.041333333333333326,2.6233333333333335,10.333333333333332,1000,10.333333333333332,2.9627314724385294
