size,trial,rate,density,clustering,shortest_path,n_comp_nodes,steps,l1,l2
25,0,0.48,0.11333333333333333,0.11333333333333333,3.0833333333333335,7.0,1000,7.0,2.134374745810949
25,1,0.24,0.11333333333333333,0.11333333333333333,3.0833333333333335,9.333333333333332,1000,9.333333333333332,2.403700850309326
25,2,0.4,0.11333333333333333,0.11333333333333333,3.0833333333333335,9.666666666666666,1000,9.666666666666666,2.7688746209726913
25,3,0.52,0.11333333333333333,0.11333333333333333,3.0833333333333335,7.333333333333333,1000,7.333333333333333,2.2110831935702664
25,4,0.43999999999999995,0.11333333333333333,0.11333333333333333,3.0833333333333335,8.666666666666666,1000,8.666666666666666,2.5385910352879693
