size,trial,rate,density,clustering,shortest_path,n_comp_nodes,steps,l1,l2
25,0,0.56,0.13333333333333333,0.11942857142857143,2.8833333333333333,6.666666666666666,1000,6.666666666666666,2.160246899469287
25,1,0.43999999999999995,0.13333333333333333,0.11942857142857143,2.8833333333333333,7.666666666666665,1000,7.666666666666665,2.2360679774997894
25,2,0.43999999999999995,0.13333333333333333,0.11942857142857143,2.8833333333333333,8.999999999999998,1000,8.999999999999998,2.560381915956203
25,3,0.48,0.13333333333333333,0.11942857142857143,2.8833333333333333,7.333333333333334,1000,7.333333333333334,2.211083193570267
25,4,0.43999999999999995,0.13333333333333333,0.11942857142857143,2.8833333333333333,9.666666666666668,1000,9.666666666666668,2.808716591058786
