size,trial,rate,density,clustering,shortest_path,n_comp_nodes,steps,l1,l2
75,0,0.6933333333333334,0.07495495495495495,0.08313730713730713,2.6695495495495494,13.333333333333332,1000,13.333333333333332,3.055050463303893
75,1,0.72,0.07495495495495495,0.08313730713730713,2.6695495495495494,11.666666666666666,1000,11.666666666666666,2.848001248439177
75,2,0.6666666666666667,0.07495495495495495,0.08313730713730713,2.6695495495495494,16.0,1000,16.0,3.4960294939005054
75,3,0.76,0.07495495495495495,0.08313730713730713,2.6695495495495494,12.0,1000,12.0,3.0550504633038935
75,4,0.76,0.07495495495495495,0.08313730713730713,2.6695495495495494,10.666666666666666,1000,10.666666666666666,2.748737083745107
