size,trial,rate,density,clustering,shortest_path,n_comp_nodes,steps,l1,l2
75,0,0.6533333333333333,0.06918918918918919,0.11018389018389017,2.7816216216216216,17.666666666666668,1000,17.666666666666668,3.7859388972001824
75,1,0.6133333333333333,0.06918918918918919,0.11018389018389017,2.7816216216216216,17.333333333333332,1000,17.333333333333332,3.527668414752787
75,2,0.6666666666666667,0.06918918918918919,0.11018389018389017,2.7816216216216216,15.0,1000,15.0,3.2145502536643185
75,3,0.7333333333333334,0.06918918918918919,0.11018389018389017,2.7816216216216216,9.999999999999998,1000,9.999999999999998,2.449489742783178
75,4,0.6533333333333333,0.06918918918918919,0.11018389018389017,2.7816216216216216,11.666666666666668,1000,11.666666666666668,2.4720661623652207
