size,trial,rate,density,clustering,shortest_path,n_comp_nodes,steps,l1,l2
75,0,0.7733333333333333,0.07423423423423424,0.07081673881673883,2.671351351351351,9.0,1000,9.0,2.3333333333333335
75,1,0.7333333333333334,0.07423423423423424,0.07081673881673883,2.671351351351351,10.333333333333334,1000,10.333333333333334,2.5603819159562025
75,2,0.6666666666666667,0.07423423423423424,0.07081673881673883,2.671351351351351,13.666666666666664,1000,13.666666666666664,3.0
75,3,0.7733333333333333,0.07423423423423424,0.07081673881673883,2.671351351351351,11.0,1000,11.0,2.9249881291307074
75,4,0.7333333333333334,0.07423423423423424,0.07081673881673883,2.671351351351351,11.666666666666666,1000,11.666666666666666,2.8087165910587863
