size,trial,rate,density,clustering,shortest_path,n_comp_nodes,steps,l1,l2
75,0,0.7066666666666667,0.0727927927927928,0.059415103415103435,2.6936936936936937,12.33333333333333,1000,12.33333333333333,2.8867513459481287
75,1,0.7466666666666666,0.0727927927927928,0.059415103415103435,2.6936936936936937,10.666666666666666,1000,10.666666666666666,2.70801280154532
75,2,0.7466666666666666,0.0727927927927928,0.059415103415103435,2.6936936936936937,12.999999999999998,1000,12.999999999999998,3.2145502536643185
75,3,0.6933333333333334,0.0727927927927928,0.059415103415103435,2.6936936936936937,12.0,1000,12.0,2.8284271247461903
75,4,0.6533333333333333,0.0727927927927928,0.059415103415103435,2.6936936936936937,14.666666666666666,1000,14.666666666666666,3.197221015541813
