size,trial,rate,density,clustering,shortest_path,n_comp_nodes,steps,l1,l2
75,0,0.7466666666666666,0.07711711711711712,0.05243171643171643,2.6194594594594593,11.333333333333332,1000,11.333333333333332,2.9059326290271157
75,1,0.7066666666666667,0.07711711711711712,0.05243171643171643,2.6194594594594593,11.333333333333332,1000,11.333333333333332,2.6246692913372702
75,2,0.7333333333333334,0.07711711711711712,0.05243171643171643,2.6194594594594593,10.666666666666666,1000,10.666666666666666,2.581988897471611
75,3,0.7333333333333334,0.07711711711711712,0.05243171643171643,2.6194594594594593,11.333333333333334,1000,11.333333333333334,2.8284271247461903
75,4,0.6533333333333333,0.07711711711711712,0.05243171643171643,2.6194594594594593,16.333333333333332,1000,16.333333333333332,3.605551275463989
