size,trial,rate,density,clustering,shortest_path,n_comp_nodes,steps,l1,l2
75,0,0.6266666666666667,0.07243243243243243,0.0694074074074074,2.694774774774775,15.333333333333334,1000,15.333333333333334,3.231786571610886
75,1,0.72,0.07243243243243243,0.0694074074074074,2.694774774774775,10.333333333333332,1000,10.333333333333332,2.4720661623652207
75,2,0.6933333333333334,0.07243243243243243,0.0694074074074074,2.694774774774775,11.666666666666668,1000,11.666666666666668,2.6874192494328497
75,3,0.6666666666666667,0.07243243243243243,0.0694074074074074,2.694774774774775,14.33333333333333,1000,14.33333333333333,3.1446603773522015
75,4,0.76,0.07243243243243243,0.0694074074074074,2.694774774774775,11.0,1000,11.0,2.848001248439177
