size,trial,rate,density,clustering,shortest_path,n_comp_nodes,steps,l1,l2
75,0,0.7333333333333334,0.07783783783783783,0.0872275132275132,2.63027027027027,13.666666666666666,1000,13.666666666666666,3.2829526005987013
75,1,0.6799999999999999,0.07783783783783783,0.0872275132275132,2.63027027027027,12.666666666666666,1000,12.666666666666666,2.82842712474619
75,2,0.6933333333333334,0.07783783783783783,0.0872275132275132,2.63027027027027,13.0,1000,13.0,3.0
75,3,0.6666666666666667,0.07783783783783783,0.0872275132275132,2.63027027027027,13.0,1000,13.0,2.8867513459481287
75,4,0.6533333333333333,0.07783783783783783,0.0872275132275132,2.63027027027027,12.333333333333332,1000,12.333333333333332,2.6034165586355513
