size,trial,rate,density,clustering,shortest_path,n_comp_nodes,steps,l1,l2
75,0,0.72,0.07243243243243243,0.04825012025012025,2.716036036036036,12.333333333333332,1000,12.333333333333332,2.96273147243853
75,1,0.72,0.07243243243243243,0.04825012025012025,2.716036036036036,11.0,1000,11.0,2.6457513110645903
75,2,0.7066666666666667,0.07243243243243243,0.04825012025012025,2.716036036036036,11.999999999999998,1000,11.999999999999998,2.788866755113585
75,3,0.7066666666666667,0.07243243243243243,0.04825012025012025,2.716036036036036,14.333333333333332,1000,14.333333333333332,3.3166247903554
75,4,0.6666666666666667,0.07243243243243243,0.04825012025012025,2.716036036036036,16.0,1000,16.0,3.559026084010437
