size,trial,rate,density,clustering,shortest_path,n_comp_nodes,steps,l1,l2
75,0,0.6666666666666667,0.07855855855855856,0.059773929773929785,2.5945945945945947,16.666666666666664,1000,16.666666666666664,3.5901098714230026
75,1,0.6933333333333334,0.07855855855855856,0.059773929773929785,2.5945945945945947,12.666666666666668,1000,12.666666666666668,2.9439202887759492
75,2,0.7066666666666667,0.07855855855855856,0.059773929773929785,2.5945945945945947,12.333333333333332,1000,12.333333333333332,2.9249881291307074
75,3,0.6133333333333333,0.07855855855855856,0.059773929773929785,2.5945945945945947,14.666666666666666,1000,14.666666666666666,3.018461712712472
75,4,0.6933333333333334,0.07855855855855856,0.059773929773929785,2.5945945945945947,14.666666666666666,1000,14.666666666666666,3.3333333333333335
