size,trial,rate,density,clustering,shortest_path,n_comp_nodes,steps,l1,l2
75,0,0.6666666666666667,0.06882882882882883,0.04292833092833093,2.799279279279279,15.666666666666666,1000,15.666666666666666,3.48010216963685
75,1,0.6799999999999999,0.06882882882882883,0.04292833092833093,2.799279279279279,13.666666666666664,1000,13.666666666666664,3.1091263510296048
75,2,0.7466666666666666,0.06882882882882883,0.04292833092833093,2.799279279279279,11.0,1000,11.0,2.7688746209726913
75,3,0.6533333333333333,0.06882882882882883,0.04292833092833093,2.799279279279279,13.666666666666666,1000,13.666666666666666,3.0368111930480994
75,4,0.6,0.06882882882882883,0.04292833092833093,2.799279279279279,18.666666666666668,1000,18.666666666666668,3.6817870057290873
