size,trial,rate,density,clustering,shortest_path,n_comp_nodes,steps,l1,l2
195,0,0.8923076923076922,0.056515992598466826,0.053171597130873084,2.458260639703939,7.666666666666666,1000,7.666666666666666,1.7320508075688772
195,1,0.882051282051282,0.056515992598466826,0.053171597130873084,2.458260639703939,9.666666666666666,1000,9.666666666666666,2.185812841434
195,2,0.7435897435897436,0.056515992598466826,0.053171597130873084,2.458260639703939,19.666666666666664,1000,19.666666666666664,2.9249881291307074
195,3,0.8564102564102565,0.056515992598466826,0.053171597130873084,2.458260639703939,10.666666666666666,1000,10.666666666666666,2.1081851067789197
195,4,0.8358974358974359,0.056515992598466826,0.053171597130873084,2.458260639703939,12.0,1000,12.0,2.211083193570267
