size,trial,rate,density,clustering,shortest_path,n_comp_nodes,steps,l1,l2
195,0,0.8717948717948718,0.06021675918583135,0.05656434843503189,2.4113666402326195,10.0,1000,10.0,2.1081851067789197
195,1,0.841025641025641,0.06021675918583135,0.05656434843503189,2.4113666402326195,11.333333333333332,1000,11.333333333333332,2.1081851067789197
195,2,0.8153846153846154,0.06021675918583135,0.05656434843503189,2.4113666402326195,13.666666666666664,1000,13.666666666666664,2.3804761428476167
195,3,0.8512820512820513,0.06021675918583135,0.05656434843503189,2.4113666402326195,10.666666666666666,1000,10.666666666666666,2.0548046676563256
195,4,0.8205128205128205,0.06021675918583135,0.05656434843503189,2.4113666402326195,13.333333333333332,1000,13.333333333333332,2.3570226039551585
