size,trial,rate,density,clustering,shortest_path,n_comp_nodes,steps,l1,l2
195,0,0.8666666666666667,0.05894792492730637,0.05924529533028445,2.42426645519429,10.333333333333332,1000,10.333333333333332,2.1343747458109497
195,1,0.841025641025641,0.05894792492730637,0.05924529533028445,2.42426645519429,11.999999999999998,1000,11.999999999999998,2.260776661041756
195,2,0.8256410256410256,0.05894792492730637,0.05924529533028445,2.42426645519429,11.999999999999998,1000,11.999999999999998,2.1081851067789192
195,3,0.8717948717948718,0.05894792492730637,0.05924529533028445,2.42426645519429,10.333333333333332,1000,10.333333333333332,2.185812841434
195,4,0.8615384615384616,0.05894792492730637,0.05924529533028445,2.42426645519429,11.333333333333332,1000,11.333333333333332,2.309401076758503
