size,trial,rate,density,clustering,shortest_path,n_comp_nodes,steps,l1,l2
195,0,0.8615384615384616,0.05931800158604282,0.05425564948665686,2.4274914089347077,9.666666666666666,1000,9.666666666666666,1.9148542155126762
195,1,0.882051282051282,0.05931800158604282,0.05425564948665686,2.4274914089347077,9.666666666666666,1000,9.666666666666666,2.1343747458109497
195,2,0.8717948717948718,0.05931800158604282,0.05425564948665686,2.4274914089347077,10.0,1000,10.0,2.1081851067789192
195,3,0.7897435897435897,0.05931800158604282,0.05425564948665686,2.4274914089347077,15.999999999999998,1000,15.999999999999998,2.6246692913372702
195,4,0.841025641025641,0.05931800158604282,0.05425564948665686,2.4274914089347077,11.666666666666666,1000,11.666666666666666,2.185812841434
