size,trial,rate,density,clustering,shortest_path,n_comp_nodes,steps,l1,l2
195,0,0.9025641025641026,0.05900079302141158,0.0606968233476615,2.4261168384879723,7.0,1000,7.0,1.6666666666666667
195,1,0.9025641025641026,0.05900079302141158,0.0606968233476615,2.4261168384879723,8.333333333333332,1000,8.333333333333332,2.0275875100994067
195,2,0.841025641025641,0.05900079302141158,0.0606968233476615,2.4261168384879723,12.0,1000,12.0,2.260776661041756
195,3,0.8666666666666667,0.05900079302141158,0.0606968233476615,2.4261168384879723,10.666666666666666,1000,10.666666666666666,2.211083193570267
195,4,0.8564102564102565,0.05900079302141158,0.0606968233476615,2.4261168384879723,11.0,1000,11.0,2.185812841434
