size,trial,rate,density,clustering,shortest_path,n_comp_nodes,steps,l1,l2
195,0,0.8923076923076922,0.06174993391488237,0.058532621533335966,2.386782976473698,9.0,1000,9.0,2.081665999466133
195,1,0.841025641025641,0.06174993391488237,0.058532621533335966,2.386782976473698,11.333333333333332,1000,11.333333333333332,2.1081851067789197
195,2,0.882051282051282,0.06174993391488237,0.058532621533335966,2.386782976473698,9.333333333333332,1000,9.333333333333332,2.0548046676563256
195,3,0.8461538461538461,0.06174993391488237,0.058532621533335966,2.386782976473698,11.333333333333332,1000,11.333333333333332,2.160246899469287
195,4,0.8615384615384616,0.06174993391488237,0.058532621533335966,2.386782976473698,10.0,1000,10.0,1.9999999999999998
