size,trial,rate,density,clustering,shortest_path,n_comp_nodes,steps,l1,l2
195,0,0.8923076923076922,0.06026962727993656,0.05897493087408902,2.4068199841395717,10.0,1000,10.0,2.3570226039551585
195,1,0.8666666666666667,0.06026962727993656,0.05897493087408902,2.4068199841395717,9.666666666666666,1000,9.666666666666666,1.9720265943665387
195,2,0.841025641025641,0.06026962727993656,0.05897493087408902,2.4068199841395717,11.333333333333332,1000,11.333333333333332,2.1081851067789197
195,3,0.8512820512820513,0.06026962727993656,0.05897493087408902,2.4068199841395717,11.666666666666664,1000,11.666666666666664,2.2852182001336816
195,4,0.8717948717948718,0.06026962727993656,0.05897493087408902,2.4068199841395717,10.0,1000,10.0,2.1081851067789192
