size,trial,rate,density,clustering,shortest_path,n_comp_nodes,steps,l1,l2
195,0,0.8666666666666667,0.06048109965635739,0.056260422782213625,2.3995770552471583,9.666666666666666,1000,9.666666666666666,1.9720265943665385
195,1,0.7794871794871795,0.06048109965635739,0.056260422782213625,2.3995770552471583,16.666666666666664,1000,16.666666666666664,2.6666666666666665
195,2,0.8564102564102565,0.06048109965635739,0.056260422782213625,2.3995770552471583,11.666666666666664,1000,11.666666666666664,2.3333333333333335
195,3,0.8871794871794871,0.06048109965635739,0.056260422782213625,2.3995770552471583,9.666666666666666,1000,9.666666666666666,2.23606797749979
195,4,0.8307692307692307,0.06048109965635739,0.056260422782213625,2.3995770552471583,13.666666666666664,1000,13.666666666666664,2.516611478423583
