size,trial,rate,density,clustering,shortest_path,n_comp_nodes,steps,l1,l2
195,0,0.8615384615384616,0.059212265397832406,0.05292415165122949,2.421200105736188,11.0,1000,11.0,2.23606797749979
195,1,0.8512820512820513,0.059212265397832406,0.05292415165122949,2.421200105736188,11.0,1000,11.0,2.1343747458109497
195,2,0.8512820512820513,0.059212265397832406,0.05292415165122949,2.421200105736188,12.333333333333332,1000,12.333333333333332,2.4267032964268394
195,3,0.8205128205128205,0.059212265397832406,0.05292415165122949,2.421200105736188,13.333333333333332,1000,13.333333333333332,2.3570226039551585
195,4,0.8461538461538461,0.059212265397832406,0.05292415165122949,2.421200105736188,10.666666666666666,1000,10.666666666666666,1.9999999999999998
