size,trial,rate,density,clustering,shortest_path,n_comp_nodes,steps,l1,l2
195,0,0.8717948717948718,0.0598466825270949,0.058726564686316964,2.415014538725879,9.333333333333332,1000,9.333333333333332,1.9436506316151
195,1,0.8512820512820513,0.0598466825270949,0.058726564686316964,2.415014538725879,13.666666666666666,1000,13.666666666666666,2.6874192494328497
195,2,0.8153846153846154,0.0598466825270949,0.058726564686316964,2.415014538725879,13.333333333333332,1000,13.333333333333332,2.309401076758503
195,3,0.8307692307692307,0.0598466825270949,0.058726564686316964,2.415014538725879,12.666666666666666,1000,12.666666666666666,2.309401076758503
195,4,0.8564102564102565,0.0598466825270949,0.058726564686316964,2.415014538725879,11.333333333333332,1000,11.333333333333332,2.260776661041756
