size,trial,rate,density,clustering,shortest_path,n_comp_nodes,steps,l1,l2
105,0,0.7523809523809524,0.07307692307692308,0.09592690378404659,2.4866300366300367,15.0,1000,15.0,3.2145502536643185
105,1,0.7333333333333334,0.07307692307692308,0.09592690378404659,2.4866300366300367,14.333333333333332,1000,14.333333333333332,2.9627314724385294
105,2,0.819047619047619,0.07307692307692308,0.09592690378404659,2.4866300366300367,13.333333333333332,1000,13.333333333333332,3.265986323710904
105,3,0.8380952380952381,0.07307692307692308,0.09592690378404659,2.4866300366300367,9.333333333333332,1000,9.333333333333332,2.494438257849294
105,4,0.7714285714285715,0.07307692307692308,0.09592690378404659,2.4866300366300367,14.0,1000,14.0,3.162277660168379
