size,trial,rate,density,clustering,shortest_path,n_comp_nodes,steps,l1,l2
105,0,0.7714285714285715,0.07087912087912088,0.08528307671164811,2.5142857142857142,13.333333333333332,1000,13.333333333333332,3.0184617127124724
105,1,0.8285714285714285,0.07087912087912088,0.08528307671164811,2.5142857142857142,13.666666666666668,1000,13.666666666666668,3.4156502553198664
105,2,0.6952380952380952,0.07087912087912088,0.08528307671164811,2.5142857142857142,18.666666666666664,1000,18.666666666666664,3.681787005729087
105,3,0.8,0.07087912087912088,0.08528307671164811,2.5142857142857142,12.333333333333332,1000,12.333333333333332,3.0
105,4,0.8571428571428572,0.07087912087912088,0.08528307671164811,2.5142857142857142,10.333333333333332,1000,10.333333333333332,2.8087165910587863
