size,trial,rate,density,clustering,shortest_path,n_comp_nodes,steps,l1,l2
105,0,0.780952380952381,0.06978021978021978,0.08918954061811205,2.5448717948717947,13.333333333333332,1000,13.333333333333332,3.018461712712472
105,1,0.7428571428571429,0.06978021978021978,0.08918954061811205,2.5448717948717947,14.666666666666666,1000,14.666666666666666,3.126943839882286
105,2,0.7428571428571429,0.06978021978021978,0.08918954061811205,2.5448717948717947,14.333333333333332,1000,14.333333333333332,3.0
105,3,0.7904761904761904,0.06978021978021978,0.08918954061811205,2.5448717948717947,13.0,1000,13.0,3.0
105,4,0.7904761904761904,0.06978021978021978,0.08918954061811205,2.5448717948717947,12.333333333333332,1000,12.333333333333332,2.8867513459481287
