size,trial,rate,density,clustering,shortest_path,n_comp_nodes,steps,l1,l2
105,0,0.819047619047619,0.06336996336996337,0.06313147170290023,2.6597069597069596,10.666666666666666,1000,10.666666666666666,2.748737083745107
105,1,0.7238095238095238,0.06336996336996337,0.06313147170290023,2.6597069597069596,16.333333333333332,1000,16.333333333333332,3.34995854037363
105,2,0.7523809523809524,0.06336996336996337,0.06313147170290023,2.6597069597069596,14.333333333333332,1000,14.333333333333332,3.0368111930480994
105,3,0.6952380952380952,0.06336996336996337,0.06313147170290023,2.6597069597069596,18.0,1000,18.0,3.5276684147527875
105,4,0.780952380952381,0.06336996336996337,0.06313147170290023,2.6597069597069596,11.666666666666666,1000,11.666666666666666,2.728450923957483
