size,trial,rate,density,clustering,shortest_path,n_comp_nodes,steps,l1,l2
105,0,0.8285714285714285,0.06648351648351648,0.06086072657501227,2.581868131868132,9.999999999999998,1000,9.999999999999998,2.6246692913372702
105,1,0.7428571428571429,0.06648351648351648,0.06086072657501227,2.581868131868132,14.0,1000,14.0,2.9814239699997196
105,2,0.7904761904761904,0.06648351648351648,0.06086072657501227,2.581868131868132,15.666666666666664,1000,15.666666666666664,3.5433819375782165
105,3,0.8476190476190476,0.06648351648351648,0.06086072657501227,2.581868131868132,8.0,1000,8.0,2.2607766610417563
105,4,0.780952380952381,0.06648351648351648,0.06086072657501227,2.581868131868132,11.999999999999998,1000,11.999999999999998,2.8284271247461903
