size,trial,rate,density,clustering,shortest_path,n_comp_nodes,steps,l1,l2
105,0,0.7238095238095238,0.07197802197802197,0.07655444151242466,2.5075091575091575,19.333333333333332,1000,19.333333333333332,3.8873012632302006
105,1,0.7142857142857143,0.07197802197802197,0.07655444151242466,2.5075091575091575,15.999999999999998,1000,15.999999999999998,3.231786571610886
105,2,0.780952380952381,0.07197802197802197,0.07655444151242466,2.5075091575091575,11.666666666666666,1000,11.666666666666666,2.6874192494328497
105,3,0.7619047619047619,0.07197802197802197,0.07655444151242466,2.5075091575091575,16.0,1000,16.0,3.4960294939005054
105,4,0.7047619047619047,0.07197802197802197,0.07655444151242466,2.5075091575091575,19.0,1000,19.0,3.7564758898615485
