size,trial,rate,density,clustering,shortest_path,n_comp_nodes,steps,l1,l2
105,0,0.8095238095238095,0.07014652014652015,0.09507090514609302,2.5388278388278387,10.666666666666666,1000,10.666666666666666,2.581988897471611
105,1,0.819047619047619,0.07014652014652015,0.09507090514609302,2.5388278388278387,10.333333333333332,1000,10.333333333333332,2.6457513110645907
105,2,0.7619047619047619,0.07014652014652015,0.09507090514609302,2.5388278388278387,12.333333333333332,1000,12.333333333333332,2.728450923957483
105,3,0.7619047619047619,0.07014652014652015,0.09507090514609302,2.5388278388278387,13.999999999999998,1000,13.999999999999998,3.0912061651652345
105,4,0.7904761904761904,0.07014652014652015,0.09507090514609302,2.5388278388278387,13.666666666666664,1000,13.666666666666664,3.2829526005987018
