size,trial,rate,density,clustering,shortest_path,n_comp_nodes,steps,l1,l2
105,0,0.7238095238095238,0.0663003663003663,0.07062323919466774,2.614835164835165,16.333333333333332,1000,16.333333333333332,3.34995854037363
105,1,0.780952380952381,0.0663003663003663,0.07062323919466774,2.614835164835165,13.666666666666666,1000,13.666666666666666,3.1446603773522015
105,2,0.7428571428571429,0.0663003663003663,0.07062323919466774,2.614835164835165,16.0,1000,16.0,3.4641016151377544
105,3,0.7714285714285715,0.0663003663003663,0.07062323919466774,2.614835164835165,12.999999999999998,1000,12.999999999999998,2.9627314724385294
105,4,0.7523809523809524,0.0663003663003663,0.07062323919466774,2.614835164835165,13.333333333333332,1000,13.333333333333332,2.8674417556808756
