size,trial,rate,density,clustering,shortest_path,n_comp_nodes,steps,l1,l2
105,0,0.7904761904761904,0.0728937728937729,0.06608946608946606,2.509157509157509,13.666666666666666,1000,13.666666666666666,3.2489314482696545
105,1,0.8,0.0728937728937729,0.06608946608946606,2.509157509157509,11.333333333333332,1000,11.333333333333332,2.788866755113585
105,2,0.8285714285714285,0.0728937728937729,0.06608946608946606,2.509157509157509,12.666666666666666,1000,12.666666666666666,3.197221015541813
105,3,0.8,0.0728937728937729,0.06608946608946606,2.509157509157509,12.333333333333332,1000,12.333333333333332,3.0368111930480994
105,4,0.8380952380952381,0.0728937728937729,0.06608946608946606,2.509157509157509,12.333333333333332,1000,12.333333333333332,3.2145502536643185
