size,trial,rate,density,clustering,shortest_path,n_comp_nodes,steps,l1,l2
105,0,0.8,0.06391941391941391,0.05249707963993676,2.6364468864468864,10.333333333333332,1000,10.333333333333332,2.4720661623652207
105,1,0.7238095238095238,0.06391941391941391,0.05249707963993676,2.6364468864468864,16.666666666666664,1000,16.666666666666664,3.39934634239519
105,2,0.7428571428571429,0.06391941391941391,0.05249707963993676,2.6364468864468864,16.999999999999996,1000,16.999999999999996,3.5746017649212027
105,3,0.7714285714285715,0.06391941391941391,0.05249707963993676,2.6364468864468864,12.666666666666664,1000,12.666666666666664,2.7888667551135855
105,4,0.7904761904761904,0.06391941391941391,0.05249707963993676,2.6364468864468864,12.0,1000,12.0,2.788866755113585
