size,trial,rate,density,clustering,shortest_path,n_comp_nodes,steps,l1,l2
75,0,0.6933333333333334,0.07423423423423424,0.07081673881673883,2.671351351351351,11.333333333333334,1000,11.333333333333334,2.6246692913372702
75,1,0.72,0.07423423423423424,0.07081673881673883,2.671351351351351,10.666666666666666,1000,10.666666666666666,2.5385910352879693
75,2,0.5733333333333333,0.07423423423423424,0.07081673881673883,2.671351351351351,13.999999999999998,1000,13.999999999999998,2.6666666666666665
75,3,0.7866666666666666,0.07423423423423424,0.07081673881673883,2.671351351351351,7.666666666666666,1000,7.666666666666666,2.1343747458109497
75,4,0.6666666666666667,0.07423423423423424,0.07081673881673883,2.671351351351351,10.0,1000,10.0,2.1602468994692865
