size,trial,rate,density,clustering,shortest_path,n_comp_nodes,steps,l1,l2
75,0,0.6533333333333333,0.0727927927927928,0.059415103415103435,2.6936936936936937,13.666666666666666,1000,13.666666666666666,2.9999999999999996
75,1,0.6666666666666667,0.0727927927927928,0.059415103415103435,2.6936936936936937,10.666666666666666,1000,10.666666666666666,2.309401076758503
75,2,0.6533333333333333,0.0727927927927928,0.059415103415103435,2.6936936936936937,13.666666666666666,1000,13.666666666666666,2.8867513459481287
75,3,0.76,0.0727927927927928,0.059415103415103435,2.6936936936936937,8.999999999999998,1000,8.999999999999998,2.23606797749979
75,4,0.6799999999999999,0.0727927927927928,0.059415103415103435,2.6936936936936937,12.333333333333334,1000,12.333333333333334,2.7688746209726913
