size,trial,rate,density,clustering,shortest_path,n_comp_nodes,steps,l1,l2
75,0,0.6799999999999999,0.07783783783783783,0.0872275132275132,2.63027027027027,11.666666666666666,1000,11.666666666666666,2.516611478423583
75,1,0.5866666666666667,0.07783783783783783,0.0872275132275132,2.63027027027027,14.333333333333334,1000,14.333333333333334,2.7688746209726913
75,2,0.6533333333333333,0.07783783783783783,0.0872275132275132,2.63027027027027,12.333333333333332,1000,12.333333333333332,2.6874192494328497
75,3,0.6799999999999999,0.07783783783783783,0.0872275132275132,2.63027027027027,13.0,1000,13.0,2.8867513459481287
75,4,0.72,0.07783783783783783,0.0872275132275132,2.63027027027027,10.0,1000,10.0,2.3570226039551585
