size,trial,rate,density,clustering,shortest_path,n_comp_nodes,steps,l1,l2
75,0,0.7066666666666667,0.07711711711711712,0.05243171643171643,2.6194594594594593,9.666666666666666,1000,9.666666666666666,2.185812841434
75,1,0.76,0.07711711711711712,0.05243171643171643,2.6194594594594593,9.0,1000,9.0,2.2852182001336816
75,2,0.6799999999999999,0.07711711711711712,0.05243171643171643,2.6194594594594593,10.666666666666664,1000,10.666666666666664,2.3570226039551585
75,3,0.76,0.07711711711711712,0.05243171643171643,2.6194594594594593,8.666666666666666,1000,8.666666666666666,2.160246899469287
75,4,0.72,0.07711711711711712,0.05243171643171643,2.6194594594594593,11.666666666666666,1000,11.666666666666666,2.7688746209726913
