size,trial,rate,density,clustering,shortest_path,n_comp_nodes,steps,l1,l2
75,0,0.7466666666666666,0.07495495495495495,0.08313730713730713,2.6695495495495494,9.333333333333332,1000,9.333333333333332,2.3570226039551585
75,1,0.7466666666666666,0.07495495495495495,0.08313730713730713,2.6695495495495494,9.0,1000,9.0,2.185812841434
75,2,0.7066666666666667,0.07495495495495495,0.08313730713730713,2.6695495495495494,9.333333333333332,1000,9.333333333333332,2.160246899469287
75,3,0.6666666666666667,0.07495495495495495,0.08313730713730713,2.6695495495495494,12.0,1000,12.0,2.6666666666666665
75,4,0.7733333333333333,0.07495495495495495,0.08313730713730713,2.6695495495495494,10.0,1000,10.0,2.581988897471611
