size,trial,rate,density,clustering,shortest_path,n_comp_nodes,steps,l1,l2
75,0,0.6666666666666667,0.06882882882882883,0.04292833092833093,2.799279279279279,13.333333333333334,1000,13.333333333333334,2.9059326290271157
75,1,0.6533333333333333,0.06882882882882883,0.04292833092833093,2.799279279279279,13.0,1000,13.0,2.7688746209726913
75,2,0.6933333333333334,0.06882882882882883,0.04292833092833093,2.799279279279279,12.0,1000,12.0,2.6666666666666665
75,3,0.56,0.06882882882882883,0.04292833092833093,2.799279279279279,15.666666666666666,1000,15.666666666666666,2.9249881291307074
75,4,0.6133333333333333,0.06882882882882883,0.04292833092833093,2.799279279279279,15.666666666666664,1000,15.666666666666664,3.1446603773522015
