size,trial,rate,density,clustering,shortest_path,n_comp_nodes,steps,l1,l2
75,0,0.64,0.06918918918918919,0.11018389018389017,2.7816216216216216,14.333333333333332,1000,14.333333333333332,3.0368111930480994
75,1,0.6133333333333333,0.06918918918918919,0.11018389018389017,2.7816216216216216,14.666666666666666,1000,14.666666666666666,2.9059326290271152
75,2,0.6266666666666667,0.06918918918918919,0.11018389018389017,2.7816216216216216,11.999999999999998,1000,11.999999999999998,2.403700850309326
75,3,0.7333333333333334,0.06918918918918919,0.11018389018389017,2.7816216216216216,11.333333333333332,1000,11.333333333333332,2.7888667551135855
75,4,0.6,0.06918918918918919,0.11018389018389017,2.7816216216216216,14.333333333333334,1000,14.333333333333334,2.848001248439177
