size,trial,rate,density,clustering,shortest_path,n_comp_nodes,steps,l1,l2
75,0,0.7733333333333333,0.07243243243243243,0.04825012025012025,2.716036036036036,9.333333333333332,1000,9.333333333333332,2.449489742783178
75,1,0.6133333333333333,0.07243243243243243,0.04825012025012025,2.716036036036036,14.666666666666666,1000,14.666666666666666,2.9439202887759484
75,2,0.7333333333333334,0.07243243243243243,0.04825012025012025,2.716036036036036,11.333333333333332,1000,11.333333333333332,2.748737083745107
75,3,0.6933333333333334,0.07243243243243243,0.04825012025012025,2.716036036036036,10.333333333333332,1000,10.333333333333332,2.3333333333333335
75,4,0.7066666666666667,0.07243243243243243,0.04825012025012025,2.716036036036036,10.333333333333334,1000,10.333333333333334,2.4267032964268394
