size,trial,rate,density,clustering,shortest_path,n_comp_nodes,steps,l1,l2
75,0,0.6533333333333333,0.07855855855855856,0.059773929773929785,2.5945945945945947,11.999999999999998,1000,11.999999999999998,2.5385910352879693
75,1,0.7333333333333334,0.07855855855855856,0.059773929773929785,2.5945945945945947,7.999999999999999,1000,7.999999999999999,1.8856180831641267
75,2,0.6799999999999999,0.07855855855855856,0.059773929773929785,2.5945945945945947,11.333333333333332,1000,11.333333333333332,2.494438257849294
75,3,0.7066666666666667,0.07855855855855856,0.059773929773929785,2.5945945945945947,10.0,1000,10.0,2.260776661041756
75,4,0.6799999999999999,0.07855855855855856,0.059773929773929785,2.5945945945945947,10.0,1000,10.0,2.1602468994692865
