size,trial,rate,density,clustering,shortest_path,n_comp_nodes,steps,l1,l2
195,0,0.8615384615384616,0.059212265397832406,0.05292415165122949,2.421200105736188,15.666666666666664,1000,15.666666666666664,3.2829526005987018
195,1,0.8666666666666667,0.059212265397832406,0.05292415165122949,2.421200105736188,16.666666666666664,1000,16.666666666666664,3.6209268304000717
195,2,0.8871794871794871,0.059212265397832406,0.05292415165122949,2.421200105736188,12.333333333333332,1000,12.333333333333332,2.886751345948129
195,3,0.8769230769230769,0.059212265397832406,0.05292415165122949,2.421200105736188,10.333333333333332,1000,10.333333333333332,2.333333333333333
195,4,0.8923076923076922,0.059212265397832406,0.05292415165122949,2.421200105736188,11.999999999999998,1000,11.999999999999998,2.8674417556808756
