size,trial,rate,density,clustering,shortest_path,n_comp_nodes,steps,l1,l2
195,0,0.8923076923076922,0.05900079302141158,0.0606968233476615,2.4261168384879723,12.0,1000,12.0,2.8674417556808756
195,1,0.8666666666666667,0.05900079302141158,0.0606968233476615,2.4261168384879723,17.333333333333332,1000,17.333333333333332,3.711842908553348
195,2,0.8974358974358975,0.05900079302141158,0.0606968233476615,2.4261168384879723,13.0,1000,13.0,3.1797973380564852
195,3,0.8717948717948718,0.05900079302141158,0.0606968233476615,2.4261168384879723,13.0,1000,13.0,2.8867513459481287
195,4,0.8974358974358975,0.05900079302141158,0.0606968233476615,2.4261168384879723,12.333333333333332,1000,12.333333333333332,3.0368111930480994
