size,trial,rate,density,clustering,shortest_path,n_comp_nodes,steps,l1,l2
195,0,0.8666666666666667,0.06021675918583135,0.05656434843503189,2.4113666402326195,15.333333333333332,1000,15.333333333333332,3.265986323710904
195,1,0.8512820512820513,0.06021675918583135,0.05656434843503189,2.4113666402326195,16.333333333333332,1000,16.333333333333332,3.34995854037363
195,2,0.8769230769230769,0.06021675918583135,0.05656434843503189,2.4113666402326195,14.333333333333332,1000,14.333333333333332,3.2145502536643185
195,3,0.8871794871794871,0.06021675918583135,0.05656434843503189,2.4113666402326195,13.666666666666664,1000,13.666666666666664,3.1091263510296048
195,4,0.9025641025641026,0.06021675918583135,0.05656434843503189,2.4113666402326195,14.333333333333334,1000,14.333333333333334,3.4480268109295333
