size,trial,rate,density,clustering,shortest_path,n_comp_nodes,steps,l1,l2
195,0,0.8615384615384616,0.05894792492730637,0.05924529533028445,2.42426645519429,15.333333333333332,1000,15.333333333333332,3.3333333333333335
195,1,0.9076923076923077,0.05894792492730637,0.05924529533028445,2.42426645519429,11.666666666666666,1000,11.666666666666666,3.0
195,2,0.8717948717948718,0.05894792492730637,0.05924529533028445,2.42426645519429,14.0,1000,14.0,3.1269438398822866
195,3,0.8769230769230769,0.05894792492730637,0.05924529533028445,2.42426645519429,13.666666666666666,1000,13.666666666666666,3.1091263510296048
195,4,0.9179487179487179,0.05894792492730637,0.05924529533028445,2.42426645519429,9.333333333333332,1000,9.333333333333332,2.5385910352879693
