size,trial,rate,density,clustering,shortest_path,n_comp_nodes,steps,l1,l2
195,0,0.8564102564102565,0.056515992598466826,0.053171597130873084,2.458260639703939,17.0,1000,17.0,3.511884584284246
195,1,0.8666666666666667,0.056515992598466826,0.053171597130873084,2.458260639703939,16.666666666666664,1000,16.666666666666664,3.5901098714230026
195,2,0.8871794871794871,0.056515992598466826,0.053171597130873084,2.458260639703939,12.666666666666666,1000,12.666666666666666,2.943920288775949
195,3,0.9025641025641026,0.056515992598466826,0.053171597130873084,2.458260639703939,12.333333333333332,1000,12.333333333333332,3.1446603773522015
195,4,0.8769230769230769,0.056515992598466826,0.053171597130873084,2.458260639703939,9.666666666666666,1000,9.666666666666666,2.1343747458109497
