size,trial,rate,density,clustering,shortest_path,n_comp_nodes,steps,l1,l2
195,0,0.8974358974358975,0.06174993391488237,0.058532621533335966,2.386782976473698,12.333333333333332,1000,12.333333333333332,3.0
195,1,0.8923076923076922,0.06174993391488237,0.058532621533335966,2.386782976473698,12.999999999999998,1000,12.999999999999998,3.1446603773522015
195,2,0.8974358974358975,0.06174993391488237,0.058532621533335966,2.386782976473698,11.0,1000,11.0,2.6874192494328497
195,3,0.8974358974358975,0.06174993391488237,0.058532621533335966,2.386782976473698,12.666666666666666,1000,12.666666666666666,3.091206165165234
195,4,0.9076923076923077,0.06174993391488237,0.058532621533335966,2.386782976473698,12.333333333333332,1000,12.333333333333332,3.1446603773522015
