size,trial,rate,density,clustering,shortest_path,n_comp_nodes,steps,l1,l2
195,0,0.8974358974358975,0.06048109965635739,0.056260422782213625,2.3995770552471583,11.666666666666664,1000,11.666666666666664,2.808716591058786
195,1,0.8717948717948718,0.06048109965635739,0.056260422782213625,2.3995770552471583,12.666666666666666,1000,12.666666666666666,2.8284271247461903
195,2,0.8974358974358975,0.06048109965635739,0.056260422782213625,2.3995770552471583,13.333333333333332,1000,13.333333333333332,3.197221015541813
195,3,0.8871794871794871,0.06048109965635739,0.056260422782213625,2.3995770552471583,11.666666666666666,1000,11.666666666666666,2.7688746209726918
195,4,0.9025641025641026,0.06048109965635739,0.056260422782213625,2.3995770552471583,10.999999999999998,1000,10.999999999999998,2.808716591058786
