size,trial,rate,density,clustering,shortest_path,n_comp_nodes,steps,l1,l2
195,0,0.9179487179487179,0.0598466825270949,0.058726564686316964,2.415014538725879,9.333333333333332,1000,9.333333333333332,2.581988897471611
195,1,0.9179487179487179,0.0598466825270949,0.058726564686316964,2.415014538725879,11.0,1000,11.0,2.96273147243853
195,2,0.8769230769230769,0.0598466825270949,0.058726564686316964,2.415014538725879,14.333333333333332,1000,14.333333333333332,3.214550253664318
195,3,0.9076923076923077,0.0598466825270949,0.058726564686316964,2.415014538725879,11.0,1000,11.0,2.7688746209726913
195,4,0.9128205128205128,0.0598466825270949,0.058726564686316964,2.415014538725879,9.666666666666668,1000,9.666666666666668,2.560381915956203
