size,trial,rate,density,clustering,shortest_path,n_comp_nodes,steps,l1,l2
195,0,0.8512820512820513,0.05931800158604282,0.05425564948665686,2.4274914089347077,16.333333333333332,1000,16.333333333333332,3.2829526005987018
195,1,0.9128205128205128,0.05931800158604282,0.05425564948665686,2.4274914089347077,9.333333333333334,1000,9.333333333333334,2.5385910352879693
195,2,0.9076923076923077,0.05931800158604282,0.05425564948665686,2.4274914089347077,11.0,1000,11.0,2.8480012484391772
195,3,0.8923076923076922,0.05931800158604282,0.05425564948665686,2.4274914089347077,12.333333333333332,1000,12.333333333333332,2.9627314724385294
195,4,0.8871794871794871,0.05931800158604282,0.05425564948665686,2.4274914089347077,15.333333333333332,1000,15.333333333333332,3.496029493900505
