size,trial,rate,density,clustering,shortest_path,n_comp_nodes,steps,l1,l2
195,0,0.8769230769230769,0.06026962727993656,0.05897493087408902,2.4068199841395717,14.333333333333332,1000,14.333333333333332,3.1446603773522015
195,1,0.882051282051282,0.06026962727993656,0.05897493087408902,2.4068199841395717,15.999999999999998,1000,15.999999999999998,3.6209268304000717
195,2,0.8974358974358975,0.06026962727993656,0.05897493087408902,2.4068199841395717,12.0,1000,12.0,3.018461712712472
195,3,0.9025641025641026,0.06026962727993656,0.05897493087408902,2.4068199841395717,9.666666666666666,1000,9.666666666666666,2.4267032964268394
195,4,0.9128205128205128,0.06026962727993656,0.05897493087408902,2.4068199841395717,10.0,1000,10.0,2.7080128015453204
