size,trial,rate,density,clustering,shortest_path,n_comp_nodes,steps,l1,l2
115,0,0.7652173913043478,0.06376811594202898,0.06536960623917144,2.576048817696415,14.666666666666666,1000,14.666666666666666,3.1622776601683795
115,1,0.7652173913043478,0.06376811594202898,0.06536960623917144,2.576048817696415,19.0,1000,19.0,3.929942040850532
115,2,0.782608695652174,0.06376811594202898,0.06536960623917144,2.576048817696415,13.999999999999998,1000,13.999999999999998,3.1269438398822866
115,3,0.808695652173913,0.06376811594202898,0.06536960623917144,2.576048817696415,12.666666666666666,1000,12.666666666666666,3.018461712712472
115,4,0.7739130434782608,0.06376811594202898,0.06536960623917144,2.576048817696415,13.999999999999998,1000,13.999999999999998,3.0912061651652345
