size,trial,rate,density,clustering,shortest_path,n_comp_nodes,steps,l1,l2
115,0,0.8,0.06697177726926011,0.05620471316123484,2.533638443935927,14.0,1000,14.0,3.1622776601683795
115,1,0.782608695652174,0.06697177726926011,0.05620471316123484,2.533638443935927,14.333333333333334,1000,14.333333333333334,3.144660377352201
115,2,0.8,0.06697177726926011,0.05620471316123484,2.533638443935927,12.333333333333332,1000,12.333333333333332,2.886751345948129
115,3,0.7739130434782608,0.06697177726926011,0.05620471316123484,2.533638443935927,17.666666666666664,1000,17.666666666666664,3.7859388972001824
115,4,0.8347826086956522,0.06697177726926011,0.05620471316123484,2.533638443935927,10.333333333333332,1000,10.333333333333332,2.6874192494328497
