size,trial,rate,density,clustering,shortest_path,n_comp_nodes,steps,l1,l2
115,0,0.8,0.07154843630816171,0.07441671428883703,2.491228070175439,12.333333333333332,1000,12.333333333333332,2.848001248439177
115,1,0.817391304347826,0.07154843630816171,0.07441671428883703,2.491228070175439,11.333333333333332,1000,11.333333333333332,2.748737083745107
115,2,0.808695652173913,0.07154843630816171,0.07441671428883703,2.491228070175439,11.333333333333332,1000,11.333333333333332,2.748737083745107
115,3,0.8,0.07154843630816171,0.07441671428883703,2.491228070175439,14.999999999999998,1000,14.999999999999998,3.4480268109295333
115,4,0.7739130434782608,0.07154843630816171,0.07441671428883703,2.491228070175439,14.333333333333332,1000,14.333333333333332,3.1091263510296048
