size,trial,rate,density,clustering,shortest_path,n_comp_nodes,steps,l1,l2
115,0,0.817391304347826,0.07109077040427154,0.07475442431964167,2.479938977879481,9.33333333333333,1000,9.33333333333333,2.211083193570267
115,1,0.817391304347826,0.07109077040427154,0.07475442431964167,2.479938977879481,11.0,1000,11.0,2.7284509239574835
115,2,0.8260869565217391,0.07109077040427154,0.07475442431964167,2.479938977879481,8.333333333333334,1000,8.333333333333334,2.0275875100994063
115,3,0.8,0.07109077040427154,0.07475442431964167,2.479938977879481,13.0,1000,13.0,3.0
115,4,0.8,0.07109077040427154,0.07475442431964167,2.479938977879481,12.33333333333333,1000,12.33333333333333,2.8087165910587863
