size,trial,rate,density,clustering,shortest_path,n_comp_nodes,steps,l1,l2
115,0,0.808695652173913,0.06422578184591915,0.07218052478922038,2.579252479023646,12.666666666666666,1000,12.666666666666666,2.9814239699997196
115,1,0.8521739130434782,0.06422578184591915,0.07218052478922038,2.579252479023646,11.666666666666664,1000,11.666666666666664,3.0368111930480994
115,2,0.8347826086956522,0.06422578184591915,0.07218052478922038,2.579252479023646,11.333333333333334,1000,11.333333333333334,2.8674417556808756
115,3,0.7652173913043478,0.06422578184591915,0.07218052478922038,2.579252479023646,15.333333333333334,1000,15.333333333333334,3.265986323710904
115,4,0.8,0.06422578184591915,0.07218052478922038,2.579252479023646,12.666666666666666,1000,12.666666666666666,2.8674417556808756
