size,trial,rate,density,clustering,shortest_path,n_comp_nodes,steps,l1,l2
115,0,0.7478260869565218,0.06666666666666667,0.07498844151018061,2.531197559115179,19.0,1000,19.0,3.7859388972001824
115,1,0.7217391304347827,0.06666666666666667,0.07498844151018061,2.531197559115179,16.0,1000,16.0,3.1622776601683795
115,2,0.7565217391304347,0.06666666666666667,0.07498844151018061,2.531197559115179,17.666666666666664,1000,17.666666666666664,3.696845502136472
115,3,0.8260869565217391,0.06666666666666667,0.07498844151018061,2.531197559115179,11.666666666666666,1000,11.666666666666666,2.8087165910587863
115,4,0.7565217391304347,0.06666666666666667,0.07498844151018061,2.531197559115179,14.000000000000002,1000,14.000000000000002,2.8674417556808756
