size,trial,rate,density,clustering,shortest_path,n_comp_nodes,steps,l1,l2
115,0,0.808695652173913,0.06971777269260107,0.06515971382979051,2.486651411136537,13.333333333333332,1000,13.333333333333332,3.055050463303893
115,1,0.8434782608695652,0.06971777269260107,0.06515971382979051,2.486651411136537,9.0,1000,9.0,2.3804761428476167
115,2,0.8260869565217391,0.06971777269260107,0.06515971382979051,2.486651411136537,10.666666666666666,1000,10.666666666666666,2.70801280154532
115,3,0.782608695652174,0.06971777269260107,0.06515971382979051,2.486651411136537,13.0,1000,13.0,2.8867513459481287
115,4,0.8260869565217391,0.06971777269260107,0.06515971382979051,2.486651411136537,11.333333333333332,1000,11.333333333333332,2.8284271247461903
