size,trial,rate,density,clustering,shortest_path,n_comp_nodes,steps,l1,l2
115,0,0.7739130434782608,0.06864988558352403,0.06508378663110116,2.5257055682684975,14.333333333333332,1000,14.333333333333332,3.0368111930480994
115,1,0.8,0.06864988558352403,0.06508378663110116,2.5257055682684975,11.333333333333332,1000,11.333333333333332,2.5385910352879693
115,2,0.7739130434782608,0.06864988558352403,0.06508378663110116,2.5257055682684975,13.333333333333332,1000,13.333333333333332,2.788866755113585
115,3,0.7913043478260869,0.06864988558352403,0.06508378663110116,2.5257055682684975,14.666666666666666,1000,14.666666666666666,3.265986323710904
115,4,0.7913043478260869,0.06864988558352403,0.06508378663110116,2.5257055682684975,14.666666666666666,1000,14.666666666666666,3.265986323710904
