size,trial,rate,density,clustering,shortest_path,n_comp_nodes,steps,l1,l2
115,0,0.8,0.06407322654462243,0.0647810643462817,2.5804729214340196,11.666666666666664,1000,11.666666666666664,2.6457513110645907
115,1,0.8347826086956522,0.06407322654462243,0.0647810643462817,2.5804729214340196,10.666666666666666,1000,10.666666666666666,2.666666666666667
115,2,0.8260869565217391,0.06407322654462243,0.0647810643462817,2.5804729214340196,12.333333333333332,1000,12.333333333333332,2.9627314724385294
115,3,0.7304347826086957,0.06407322654462243,0.0647810643462817,2.5804729214340196,14.666666666666664,1000,14.666666666666664,2.9059326290271157
115,4,0.782608695652174,0.06407322654462243,0.0647810643462817,2.5804729214340196,13.333333333333332,1000,13.333333333333332,2.8674417556808756
