size,trial,rate,density,clustering,shortest_path,n_comp_nodes,steps,l1,l2
185,0,0.8594594594594595,0.059753231492361926,0.05778999168163251,2.4310810810810812,9.333333333333332,1000,9.333333333333332,1.8856180831641267
185,1,0.8594594594594595,0.059753231492361926,0.05778999168163251,2.4310810810810812,10.0,1000,10.0,2.054804667656325
185,2,0.8648648648648649,0.059753231492361926,0.05778999168163251,2.4310810810810812,10.666666666666666,1000,10.666666666666666,2.260776661041756
185,3,0.8702702702702703,0.059753231492361926,0.05778999168163251,2.4310810810810812,9.333333333333332,1000,9.333333333333332,2.054804667656325
185,4,0.8324324324324324,0.059753231492361926,0.05778999168163251,2.4310810810810812,11.333333333333332,1000,11.333333333333332,2.1081851067789192
