size,trial,rate,density,clustering,shortest_path,n_comp_nodes,steps,l1,l2
185,0,0.8486486486486486,0.0626909518213866,0.06437418325963215,2.389776733254994,11.333333333333332,1000,11.333333333333332,2.260776661041756
185,1,0.8486486486486486,0.0626909518213866,0.06437418325963215,2.389776733254994,11.333333333333332,1000,11.333333333333332,2.260776661041756
185,2,0.8702702702702703,0.0626909518213866,0.06437418325963215,2.389776733254994,8.666666666666666,1000,8.666666666666666,1.8257418583505536
185,3,0.827027027027027,0.0626909518213866,0.06437418325963215,2.389776733254994,12.0,1000,12.0,2.2110831935702664
185,4,0.8648648648648649,0.0626909518213866,0.06437418325963215,2.389776733254994,9.666666666666666,1000,9.666666666666666,2.0275875100994063
