size,trial,rate,density,clustering,shortest_path,n_comp_nodes,steps,l1,l2
185,0,0.8108108108108107,0.06010575793184489,0.05396181986840214,2.4306110458284373,14.666666666666664,1000,14.666666666666664,2.6246692913372702
185,1,0.7837837837837838,0.06010575793184489,0.05396181986840214,2.4306110458284373,15.666666666666666,1000,15.666666666666666,2.6034165586355513
185,2,0.8864864864864865,0.06010575793184489,0.05396181986840214,2.4306110458284373,9.0,1000,9.0,2.1343747458109497
185,3,0.8324324324324324,0.06010575793184489,0.05396181986840214,2.4306110458284373,12.999999999999998,1000,12.999999999999998,2.560381915956203
185,4,0.8108108108108107,0.06010575793184489,0.05396181986840214,2.4306110458284373,13.666666666666666,1000,13.666666666666666,2.4267032964268394
