size,trial,rate,density,clustering,shortest_path,n_comp_nodes,steps,l1,l2
185,0,0.854054054054054,0.060810810810810814,0.05928164125566194,2.423207990599295,11.0,1000,11.0,2.23606797749979
185,1,0.8594594594594595,0.060810810810810814,0.05928164125566194,2.423207990599295,10.0,1000,10.0,2.0548046676563256
185,2,0.8486486486486486,0.060810810810810814,0.05928164125566194,2.423207990599295,11.333333333333332,1000,11.333333333333332,2.260776661041756
185,3,0.8864864864864865,0.060810810810810814,0.05928164125566194,2.423207990599295,8.333333333333332,1000,8.333333333333332,1.914854215512676
185,4,0.8432432432432433,0.060810810810810814,0.05928164125566194,2.423207990599295,10.333333333333332,1000,10.333333333333332,1.9720265943665385
