size,trial,rate,density,clustering,shortest_path,n_comp_nodes,steps,l1,l2
185,0,0.8324324324324324,0.061339600470035255,0.06300389571287401,2.4148648648648647,12.666666666666666,1000,12.666666666666666,2.449489742783178
185,1,0.854054054054054,0.061339600470035255,0.06300389571287401,2.4148648648648647,10.333333333333332,1000,10.333333333333332,2.0816659994661326
185,2,0.8486486486486486,0.061339600470035255,0.06300389571287401,2.4148648648648647,11.666666666666666,1000,11.666666666666666,2.333333333333333
185,3,0.8378378378378378,0.061339600470035255,0.06300389571287401,2.4148648648648647,13.333333333333332,1000,13.333333333333332,2.6246692913372702
185,4,0.9027027027027027,0.061339600470035255,0.06300389571287401,2.4148648648648647,6.333333333333332,1000,6.333333333333332,1.5275252316519468
