size,trial,rate,density,clustering,shortest_path,n_comp_nodes,steps,l1,l2
185,0,0.7945945945945946,0.057579318448883664,0.06359477398177085,2.4641010575793185,13.333333333333332,1000,13.333333333333332,2.211083193570266
185,1,0.8486486486486486,0.057579318448883664,0.06359477398177085,2.4641010575793185,10.0,1000,10.0,1.9436506316151
185,2,0.8432432432432433,0.057579318448883664,0.06359477398177085,2.4641010575793185,11.0,1000,11.0,2.1343747458109497
185,3,0.8486486486486486,0.057579318448883664,0.06359477398177085,2.4641010575793185,10.666666666666666,1000,10.666666666666666,2.1081851067789192
185,4,0.8486486486486486,0.057579318448883664,0.06359477398177085,2.4641010575793185,12.333333333333332,1000,12.333333333333332,2.4720661623652207
