size,trial,rate,density,clustering,shortest_path,n_comp_nodes,steps,l1,l2
185,0,0.8054054054054054,0.06116333725029377,0.06054517921390984,2.4172150411280846,13.0,1000,13.0,2.2360679774997894
185,1,0.854054054054054,0.06116333725029377,0.06054517921390984,2.4172150411280846,10.666666666666666,1000,10.666666666666666,2.2110831935702664
185,2,0.8054054054054054,0.06116333725029377,0.06054517921390984,2.4172150411280846,15.0,1000,15.0,2.6457513110645903
185,3,0.8972972972972972,0.06116333725029377,0.06054517921390984,2.4172150411280846,7.666666666666666,1000,7.666666666666666,1.855921454276674
185,4,0.8,0.06116333725029377,0.06054517921390984,2.4172150411280846,13.999999999999998,1000,13.999999999999998,2.403700850309326
