size,trial,rate,density,clustering,shortest_path,n_comp_nodes,steps,l1,l2
185,0,0.8324324324324324,0.061339600470035255,0.0600694770044615,2.4106933019976498,12.666666666666666,1000,12.666666666666666,2.403700850309326
185,1,0.8486486486486486,0.061339600470035255,0.0600694770044615,2.4106933019976498,11.0,1000,11.0,2.185812841434
185,2,0.772972972972973,0.061339600470035255,0.0600694770044615,2.4106933019976498,16.333333333333332,1000,16.333333333333332,2.6874192494328497
185,3,0.8162162162162162,0.061339600470035255,0.0600694770044615,2.4106933019976498,14.333333333333332,1000,14.333333333333332,2.6034165586355513
185,4,0.8324324324324324,0.061339600470035255,0.0600694770044615,2.4106933019976498,11.666666666666666,1000,11.666666666666666,2.185812841434
