size,trial,rate,density,clustering,shortest_path,n_comp_nodes,steps,l1,l2
185,0,0.8648648648648649,0.06098707403055229,0.06062045634801049,2.4178613396004702,10.0,1000,10.0,2.160246899469287
185,1,0.8702702702702703,0.06098707403055229,0.06062045634801049,2.4178613396004702,10.0,1000,10.0,2.160246899469287
185,2,0.8702702702702703,0.06098707403055229,0.06062045634801049,2.4178613396004702,9.666666666666666,1000,9.666666666666666,2.0816659994661326
185,3,0.8162162162162162,0.06098707403055229,0.06062045634801049,2.4178613396004702,13.333333333333332,1000,13.333333333333332,2.403700850309326
185,4,0.8756756756756756,0.06098707403055229,0.06062045634801049,2.4178613396004702,9.0,1000,9.0,1.9720265943665387
