size,trial,rate,density,clustering,shortest_path,n_comp_nodes,steps,l1,l2
185,0,0.8648648648648649,0.05804935370152761,0.05400497567680225,2.452291421856639,9.333333333333332,1000,9.333333333333332,1.9436506316151
185,1,0.8378378378378378,0.05804935370152761,0.05400497567680225,2.452291421856639,10.666666666666666,1000,10.666666666666666,1.9999999999999998
185,2,0.8108108108108107,0.05804935370152761,0.05400497567680225,2.452291421856639,12.999999999999998,1000,12.999999999999998,2.285218200133681
185,3,0.772972972972973,0.05804935370152761,0.05400497567680225,2.452291421856639,15.666666666666666,1000,15.666666666666666,2.516611478423583
185,4,0.8162162162162162,0.05804935370152761,0.05400497567680225,2.452291421856639,13.666666666666664,1000,13.666666666666664,2.4720661623652207
