size,trial,rate,density,clustering,shortest_path,n_comp_nodes,steps,l1,l2
25,0,0.36,0.10666666666666667,0.0,3.15,9.333333333333332,1000,9.333333333333332,2.449489742783178
25,1,0.48,0.10666666666666667,0.0,3.15,8.666666666666666,1000,8.666666666666666,2.581988897471611
25,2,0.24,0.10666666666666667,0.0,3.15,10.333333333333334,1000,10.333333333333334,2.560381915956203
25,3,0.28,0.10666666666666667,0.0,3.15,9.333333333333334,1000,9.333333333333334,2.3570226039551585
25,4,0.19999999999999996,0.10666666666666667,0.0,3.15,10.999999999999998,1000,10.999999999999998,2.6034165586355513
