size,trial,rate,density,clustering,shortest_path,n_comp_nodes,steps,l1,l2
25,0,0.52,0.13,0.132,2.783333333333333,6.999999999999999,1000,6.999999999999999,2.1343747458109497
25,1,0.6,0.13,0.132,2.783333333333333,6.333333333333333,1000,6.333333333333333,2.0816659994661326
25,2,0.52,0.13,0.132,2.783333333333333,5.666666666666666,1000,5.666666666666666,1.7320508075688772
25,3,0.6,0.13,0.132,2.783333333333333,6.999999999999998,1000,6.999999999999998,2.2852182001336816
25,4,0.56,0.13,0.132,2.783333333333333,6.333333333333333,1000,6.333333333333333,2.0816659994661326
