size,trial,rate,density,clustering,shortest_path,n_comp_nodes,steps,l1,l2
25,0,0.43999999999999995,0.11333333333333333,0.11333333333333333,3.0833333333333335,9.666666666666666,1000,9.666666666666666,2.7284509239574835
25,1,0.36,0.11333333333333333,0.11333333333333333,3.0833333333333335,10.999999999999998,1000,10.999999999999998,2.886751345948129
25,2,0.4,0.11333333333333333,0.11333333333333333,3.0833333333333335,9.666666666666666,1000,9.666666666666666,2.6034165586355513
25,3,0.28,0.11333333333333333,0.11333333333333333,3.0833333333333335,12.333333333333334,1000,12.333333333333334,3.0731814857642954
25,4,0.31999999999999995,0.11333333333333333,0.11333333333333333,3.0833333333333335,11.333333333333332,1000,11.333333333333332,2.943920288775949
