size,trial,rate,density,clustering,shortest_path,n_comp_nodes,steps,l1,l2
25,0,0.64,0.13666666666666666,0.041333333333333326,2.6233333333333335,5.333333333333333,1000,5.333333333333333,1.8856180831641265
25,1,0.56,0.13666666666666666,0.041333333333333326,2.6233333333333335,6.333333333333333,1000,6.333333333333333,2.0275875100994063
25,2,0.43999999999999995,0.13666666666666666,0.041333333333333326,2.6233333333333335,9.333333333333332,1000,9.333333333333332,2.6666666666666665
25,3,0.6,0.13666666666666666,0.041333333333333326,2.6233333333333335,5.333333333333333,1000,5.333333333333333,1.7638342073763937
25,4,0.48,0.13666666666666666,0.041333333333333326,2.6233333333333335,7.333333333333332,1000,7.333333333333332,2.211083193570267
