size,trial,rate,density,clustering,shortest_path,n_comp_nodes,steps,l1,l2
25,0,0.52,0.13333333333333333,0.11942857142857143,2.8833333333333333,8.333333333333332,1000,8.333333333333332,2.5166114784235836
25,1,0.48,0.13333333333333333,0.11942857142857143,2.8833333333333333,8.0,1000,8.0,2.3094010767585034
25,2,0.48,0.13333333333333333,0.11942857142857143,2.8833333333333333,8.666666666666666,1000,8.666666666666666,2.5385910352879693
25,3,0.43999999999999995,0.13333333333333333,0.11942857142857143,2.8833333333333333,7.999999999999999,1000,7.999999999999999,2.260776661041756
25,4,0.48,0.13333333333333333,0.11942857142857143,2.8833333333333333,8.0,1000,8.0,2.3570226039551585
