size,trial,rate,density,clustering,shortest_path,n_comp_nodes,steps,l1,l2
25,0,0.36,0.11666666666666667,0.049523809523809526,3.066666666666667,8.666666666666666,1000,8.666666666666666,2.4037008503093262
25,1,0.52,0.11666666666666667,0.049523809523809526,3.066666666666667,8.333333333333332,1000,8.333333333333332,2.4267032964268394
25,2,0.43999999999999995,0.11666666666666667,0.049523809523809526,3.066666666666667,7.999999999999999,1000,7.999999999999999,2.260776661041756
25,3,0.12,0.11666666666666667,0.049523809523809526,3.066666666666667,11.666666666666666,1000,11.666666666666666,2.6874192494328497
25,4,0.36,0.11666666666666667,0.049523809523809526,3.066666666666667,10.666666666666664,1000,10.666666666666664,2.8284271247461903
