size,trial,rate,density,clustering,shortest_path,n_comp_nodes,steps,l1,l2
25,0,0.6,0.15666666666666668,0.1285714285714286,2.56,7.0,1000,7.0,2.2852182001336816
25,1,0.56,0.15666666666666668,0.1285714285714286,2.56,6.333333333333333,1000,6.333333333333333,2.0275875100994067
25,2,0.6,0.15666666666666668,0.1285714285714286,2.56,5.0,1000,5.0,1.6666666666666667
25,3,0.6,0.15666666666666668,0.1285714285714286,2.56,6.333333333333333,1000,6.333333333333333,2.1858128414340006
25,4,0.56,0.15666666666666668,0.1285714285714286,2.56,6.0,1000,6.0,1.9436506316151
