size,trial,rate,density,clustering,shortest_path,n_comp_nodes,steps,l1,l2
125,0,0.84,0.06606451612903226,0.056918942495413044,2.495225806451613,11.666666666666666,1000,11.666666666666666,2.848001248439177
125,1,0.8240000000000001,0.06606451612903226,0.056918942495413044,2.495225806451613,10.0,1000,10.0,2.4037008503093262
125,2,0.848,0.06606451612903226,0.056918942495413044,2.495225806451613,9.666666666666666,1000,9.666666666666666,2.516611478423583
125,3,0.84,0.06606451612903226,0.056918942495413044,2.495225806451613,11.666666666666666,1000,11.666666666666666,2.9249881291307074
125,4,0.8160000000000001,0.06606451612903226,0.056918942495413044,2.495225806451613,10.666666666666666,1000,10.666666666666666,2.449489742783178
