size,trial,rate,density,clustering,shortest_path,n_comp_nodes,steps,l1,l2
125,0,0.848,0.07393548387096774,0.06875838540544417,2.410967741935484,9.000000000000002,1000,9.000000000000002,2.2360679774997894
125,1,0.8160000000000001,0.07393548387096774,0.06875838540544417,2.410967741935484,11.666666666666664,1000,11.666666666666664,2.6874192494328497
125,2,0.92,0.07393548387096774,0.06875838540544417,2.410967741935484,5.333333333333332,1000,5.333333333333332,1.8856180831641267
125,3,0.832,0.07393548387096774,0.06875838540544417,2.410967741935484,10.333333333333334,1000,10.333333333333334,2.5603819159562025
125,4,0.792,0.07393548387096774,0.06875838540544417,2.410967741935484,13.333333333333332,1000,13.333333333333332,2.9059326290271152
