size,trial,rate,density,clustering,shortest_path,n_comp_nodes,steps,l1,l2
125,0,0.84,0.06696774193548387,0.0797785210317717,2.497677419354839,11.666666666666666,1000,11.666666666666666,2.886751345948129
125,1,0.808,0.06696774193548387,0.0797785210317717,2.497677419354839,14.0,1000,14.0,3.1622776601683795
125,2,0.856,0.06696774193548387,0.0797785210317717,2.497677419354839,9.333333333333332,1000,9.333333333333332,2.494438257849294
125,3,0.808,0.06696774193548387,0.0797785210317717,2.497677419354839,10.999999999999998,1000,10.999999999999998,2.4267032964268394
125,4,0.832,0.06696774193548387,0.0797785210317717,2.497677419354839,9.333333333333334,1000,9.333333333333334,2.309401076758503
