size,trial,rate,density,clustering,shortest_path,n_comp_nodes,steps,l1,l2
125,0,0.8240000000000001,0.06438709677419355,0.061219521654815735,2.535741935483871,12.999999999999998,1000,12.999999999999998,3.0368111930481
125,1,0.8240000000000001,0.06438709677419355,0.061219521654815735,2.535741935483871,12.0,1000,12.0,2.9059326290271152
125,2,0.864,0.06438709677419355,0.061219521654815735,2.535741935483871,9.333333333333332,1000,9.333333333333332,2.449489742783178
125,3,0.8,0.06438709677419355,0.061219521654815735,2.535741935483871,11.333333333333332,1000,11.333333333333332,2.5385910352879693
125,4,0.76,0.06438709677419355,0.061219521654815735,2.535741935483871,16.333333333333336,1000,16.333333333333336,3.2829526005987018
