size,trial,rate,density,clustering,shortest_path,n_comp_nodes,steps,l1,l2
125,0,0.808,0.06709677419354838,0.07910622188269242,2.495225806451613,12.666666666666664,1000,12.666666666666664,2.9059326290271152
125,1,0.856,0.06709677419354838,0.07910622188269242,2.495225806451613,10.666666666666666,1000,10.666666666666666,2.748737083745107
125,2,0.8160000000000001,0.06709677419354838,0.07910622188269242,2.495225806451613,10.333333333333334,1000,10.333333333333334,2.380476142847616
125,3,0.832,0.06709677419354838,0.07910622188269242,2.495225806451613,10.666666666666666,1000,10.666666666666666,2.581988897471611
125,4,0.784,0.06709677419354838,0.07910622188269242,2.495225806451613,12.666666666666666,1000,12.666666666666666,2.666666666666667
