size,trial,rate,density,clustering,shortest_path,n_comp_nodes,steps,l1,l2
125,0,0.8160000000000001,0.06774193548387097,0.05050181191357659,2.4812903225806453,12.333333333333332,1000,12.333333333333332,2.8087165910587863
125,1,0.84,0.06774193548387097,0.05050181191357659,2.4812903225806453,12.666666666666666,1000,12.666666666666666,3.1622776601683795
125,2,0.76,0.06774193548387097,0.05050181191357659,2.4812903225806453,14.333333333333334,1000,14.333333333333334,2.8867513459481287
125,3,0.808,0.06774193548387097,0.05050181191357659,2.4812903225806453,10.333333333333332,1000,10.333333333333332,2.2852182001336816
125,4,0.832,0.06774193548387097,0.05050181191357659,2.4812903225806453,10.666666666666668,1000,10.666666666666668,2.5385910352879693
