size,trial,rate,density,clustering,shortest_path,n_comp_nodes,steps,l1,l2
125,0,0.872,0.07019354838709678,0.0645403015285368,2.4578064516129032,9.666666666666664,1000,9.666666666666664,2.6457513110645907
125,1,0.84,0.07019354838709678,0.0645403015285368,2.4578064516129032,11.0,1000,11.0,2.7284509239574835
125,2,0.784,0.07019354838709678,0.0645403015285368,2.4578064516129032,12.999999999999998,1000,12.999999999999998,2.728450923957483
125,3,0.832,0.07019354838709678,0.0645403015285368,2.4578064516129032,11.333333333333332,1000,11.333333333333332,2.748737083745107
125,4,0.856,0.07019354838709678,0.0645403015285368,2.4578064516129032,10.666666666666666,1000,10.666666666666666,2.748737083745107
