size,trial,rate,density,clustering,shortest_path,n_comp_nodes,steps,l1,l2
125,0,0.84,0.06335483870967742,0.07587301456713218,2.5672258064516127,10.666666666666666,1000,10.666666666666666,2.5385910352879693
125,1,0.792,0.06335483870967742,0.07587301456713218,2.5672258064516127,13.666666666666666,1000,13.666666666666666,3.0
125,2,0.8240000000000001,0.06335483870967742,0.07587301456713218,2.5672258064516127,14.0,1000,14.0,3.265986323710904
125,3,0.8160000000000001,0.06335483870967742,0.07587301456713218,2.5672258064516127,12.666666666666664,1000,12.666666666666664,2.9059326290271157
125,4,0.776,0.06335483870967742,0.07587301456713218,2.5672258064516127,14.33333333333333,1000,14.33333333333333,3.0
