size,trial,rate,density,clustering,shortest_path,n_comp_nodes,steps,l1,l2
125,0,0.76,0.06064516129032258,0.054996070596070555,2.590451612903226,12.666666666666666,1000,12.666666666666666,2.449489742783178
125,1,0.8,0.06064516129032258,0.054996070596070555,2.590451612903226,13.333333333333332,1000,13.333333333333332,3.018461712712472
125,2,0.744,0.06064516129032258,0.054996070596070555,2.590451612903226,16.333333333333332,1000,16.333333333333332,3.144660377352201
125,3,0.76,0.06064516129032258,0.054996070596070555,2.590451612903226,16.333333333333332,1000,16.333333333333332,3.3166247903554
125,4,0.784,0.06064516129032258,0.054996070596070555,2.590451612903226,14.0,1000,14.0,2.981423969999719
