size,trial,rate,density,clustering,shortest_path,n_comp_nodes,steps,l1,l2
125,0,0.8,0.06335483870967742,0.07587301456713218,2.5672258064516127,10.666666666666666,1000,10.666666666666666,2.260776661041756
125,1,0.8,0.06335483870967742,0.07587301456713218,2.5672258064516127,10.999999999999998,1000,10.999999999999998,2.333333333333333
125,2,0.832,0.06335483870967742,0.07587301456713218,2.5672258064516127,10.0,1000,10.0,2.4037008503093262
125,3,0.76,0.06335483870967742,0.07587301456713218,2.5672258064516127,14.999999999999998,1000,14.999999999999998,2.9249881291307074
125,4,0.76,0.06335483870967742,0.07587301456713218,2.5672258064516127,11.666666666666666,1000,11.666666666666666,2.2360679774997894
