size,trial,rate,density,clustering,shortest_path,n_comp_nodes,steps,l1,l2
125,0,0.776,0.07393548387096774,0.06875838540544417,2.410967741935484,10.0,1000,10.0,1.9436506316151
125,1,0.76,0.07393548387096774,0.06875838540544417,2.410967741935484,10.666666666666668,1000,10.666666666666668,1.9999999999999998
125,2,0.84,0.07393548387096774,0.06875838540544417,2.410967741935484,7.666666666666666,1000,7.666666666666666,1.7950549357115013
125,3,0.768,0.07393548387096774,0.06875838540544417,2.410967741935484,11.666666666666664,1000,11.666666666666664,2.285218200133681
125,4,0.784,0.07393548387096774,0.06875838540544417,2.410967741935484,10.333333333333334,1000,10.333333333333334,2.0816659994661326
