size,trial,rate,density,clustering,shortest_path,n_comp_nodes,steps,l1,l2
125,0,0.784,0.06064516129032258,0.054996070596070555,2.590451612903226,11.666666666666666,1000,11.666666666666666,2.4267032964268394
125,1,0.72,0.06064516129032258,0.054996070596070555,2.590451612903226,16.666666666666664,1000,16.666666666666664,3.0912061651652345
125,2,0.76,0.06064516129032258,0.054996070596070555,2.590451612903226,11.666666666666666,1000,11.666666666666666,2.2360679774997894
125,3,0.776,0.06064516129032258,0.054996070596070555,2.590451612903226,11.333333333333332,1000,11.333333333333332,2.260776661041756
125,4,0.6719999999999999,0.06064516129032258,0.054996070596070555,2.590451612903226,17.999999999999996,1000,17.999999999999996,3.018461712712472
