size,trial,rate,density,clustering,shortest_path,n_comp_nodes,steps,l1,l2
125,0,0.768,0.06606451612903226,0.056918942495413044,2.495225806451613,11.333333333333332,1000,11.333333333333332,2.2110831935702664
125,1,0.808,0.06606451612903226,0.056918942495413044,2.495225806451613,9.333333333333332,1000,9.333333333333332,2.054804667656325
125,2,0.752,0.06606451612903226,0.056918942495413044,2.495225806451613,12.666666666666666,1000,12.666666666666666,2.403700850309326
125,3,0.76,0.06606451612903226,0.056918942495413044,2.495225806451613,12.333333333333332,1000,12.333333333333332,2.4267032964268394
125,4,0.744,0.06606451612903226,0.056918942495413044,2.495225806451613,12.666666666666666,1000,12.666666666666666,2.357022603955158
