size,trial,rate,density,clustering,shortest_path,n_comp_nodes,steps,l1,l2
125,0,0.784,0.06774193548387097,0.05050181191357659,2.4812903225806453,10.0,1000,10.0,1.9999999999999998
125,1,0.832,0.06774193548387097,0.05050181191357659,2.4812903225806453,9.0,1000,9.0,2.134374745810949
125,2,0.792,0.06774193548387097,0.05050181191357659,2.4812903225806453,10.333333333333332,1000,10.333333333333332,2.1343747458109497
125,3,0.792,0.06774193548387097,0.05050181191357659,2.4812903225806453,11.333333333333332,1000,11.333333333333332,2.403700850309326
125,4,0.792,0.06774193548387097,0.05050181191357659,2.4812903225806453,11.0,1000,11.0,2.333333333333333
