size,trial,rate,density,clustering,shortest_path,n_comp_nodes,steps,l1,l2
125,0,0.808,0.07019354838709678,0.0645403015285368,2.4578064516129032,11.0,1000,11.0,2.4267032964268394
125,1,0.848,0.07019354838709678,0.0645403015285368,2.4578064516129032,9.333333333333332,1000,9.333333333333332,2.309401076758503
125,2,0.768,0.07019354838709678,0.0645403015285368,2.4578064516129032,10.999999999999998,1000,10.999999999999998,2.185812841434
125,3,0.8160000000000001,0.07019354838709678,0.0645403015285368,2.4578064516129032,9.0,1000,9.0,1.9720265943665387
125,4,0.848,0.07019354838709678,0.0645403015285368,2.4578064516129032,8.666666666666666,1000,8.666666666666666,2.1602468994692865
