size,trial,rate,density,clustering,shortest_path,n_comp_nodes,steps,l1,l2
125,0,0.84,0.06696774193548387,0.0797785210317717,2.497677419354839,7.999999999999999,1000,7.999999999999999,1.8856180831641267
125,1,0.8160000000000001,0.06696774193548387,0.0797785210317717,2.497677419354839,9.999999999999998,1000,9.999999999999998,2.2110831935702664
125,2,0.808,0.06696774193548387,0.0797785210317717,2.497677419354839,9.666666666666666,1000,9.666666666666666,2.1343747458109497
125,3,0.784,0.06696774193548387,0.0797785210317717,2.497677419354839,10.666666666666664,1000,10.666666666666664,2.1602468994692865
125,4,0.8,0.06696774193548387,0.0797785210317717,2.497677419354839,9.0,1000,9.0,1.855921454276674
