size,trial,rate,density,clustering,shortest_path,n_comp_nodes,steps,l1,l2
125,0,0.688,0.06709677419354838,0.07910622188269242,2.495225806451613,16.333333333333332,1000,16.333333333333332,2.808716591058786
125,1,0.808,0.06709677419354838,0.07910622188269242,2.495225806451613,11.666666666666666,1000,11.666666666666666,2.5603819159562025
125,2,0.744,0.06709677419354838,0.07910622188269242,2.495225806451613,14.0,1000,14.0,2.6246692913372702
125,3,0.76,0.06709677419354838,0.07910622188269242,2.495225806451613,14.333333333333332,1000,14.333333333333332,2.7688746209726913
125,4,0.808,0.06709677419354838,0.07910622188269242,2.495225806451613,11.0,1000,11.0,2.4720661623652207
