size,trial,rate,density,clustering,shortest_path,n_comp_nodes,steps,l1,l2
125,0,0.768,0.06438709677419355,0.061219521654815735,2.535741935483871,12.0,1000,12.0,2.357022603955158
125,1,0.768,0.06438709677419355,0.061219521654815735,2.535741935483871,12.333333333333334,1000,12.333333333333334,2.4720661623652207
125,2,0.736,0.06438709677419355,0.061219521654815735,2.535741935483871,14.333333333333332,1000,14.333333333333332,2.728450923957483
125,3,0.728,0.06438709677419355,0.061219521654815735,2.535741935483871,14.0,1000,14.0,2.5385910352879693
125,4,0.776,0.06438709677419355,0.061219521654815735,2.535741935483871,11.333333333333332,1000,11.333333333333332,2.260776661041756
