size,trial,rate,density,clustering,shortest_path,n_comp_nodes,steps,l1,l2
65,0,0.6923076923076923,0.07355769230769231,0.061794871794871795,2.81875,10.666666666666666,1000,10.666666666666666,2.5385910352879693
65,1,0.5846153846153845,0.07355769230769231,0.061794871794871795,2.81875,17.333333333333332,1000,17.333333333333332,3.6209268304000717
65,2,0.6923076923076923,0.07355769230769231,0.061794871794871795,2.81875,11.333333333333332,1000,11.333333333333332,2.70801280154532
65,3,0.676923076923077,0.07355769230769231,0.061794871794871795,2.81875,12.0,1000,12.0,2.788866755113585
65,4,0.6923076923076923,0.07355769230769231,0.061794871794871795,2.81875,10.333333333333332,1000,10.333333333333332,2.5166114784235836
