size,trial,rate,density,clustering,shortest_path,n_comp_nodes,steps,l1,l2
65,0,0.7384615384615385,0.0798076923076923,0.07335775335775334,2.691346153846154,9.0,1000,9.0,2.3333333333333335
65,1,0.6,0.0798076923076923,0.07335775335775334,2.691346153846154,14.666666666666664,1000,14.666666666666664,3.197221015541813
65,2,0.676923076923077,0.0798076923076923,0.07335775335775334,2.691346153846154,11.333333333333332,1000,11.333333333333332,2.70801280154532
65,3,0.7230769230769231,0.0798076923076923,0.07335775335775334,2.691346153846154,9.666666666666666,1000,9.666666666666666,2.472066162365221
65,4,0.676923076923077,0.0798076923076923,0.07335775335775334,2.691346153846154,9.333333333333332,1000,9.333333333333332,2.211083193570267
