size,trial,rate,density,clustering,shortest_path,n_comp_nodes,steps,l1,l2
65,0,0.6307692307692307,0.07932692307692307,0.09634920634920636,2.7322115384615384,12.333333333333332,1000,12.333333333333332,2.7284509239574835
65,1,0.6153846153846154,0.07932692307692307,0.09634920634920636,2.7322115384615384,14.333333333333332,1000,14.333333333333332,3.0368111930480994
65,2,0.5692307692307692,0.07932692307692307,0.09634920634920636,2.7322115384615384,12.666666666666666,1000,12.666666666666666,2.6246692913372702
65,3,0.6923076923076923,0.07932692307692307,0.09634920634920636,2.7322115384615384,12.666666666666668,1000,12.666666666666668,3.0550504633038935
65,4,0.6461538461538461,0.07932692307692307,0.09634920634920636,2.7322115384615384,12.333333333333334,1000,12.333333333333334,2.7688746209726913
