size,trial,rate,density,clustering,shortest_path,n_comp_nodes,steps,l1,l2
65,0,0.6307692307692307,0.07788461538461539,0.10299145299145296,2.7245192307692307,11.333333333333332,1000,11.333333333333332,2.5385910352879693
65,1,0.5692307692307692,0.07788461538461539,0.10299145299145296,2.7245192307692307,13.999999999999998,1000,13.999999999999998,2.9059326290271152
65,2,0.6461538461538461,0.07788461538461539,0.10299145299145296,2.7245192307692307,11.333333333333332,1000,11.333333333333332,2.5385910352879693
65,3,0.6615384615384615,0.07788461538461539,0.10299145299145296,2.7245192307692307,9.666666666666666,1000,9.666666666666666,2.1858128414340006
65,4,0.7692307692307692,0.07788461538461539,0.10299145299145296,2.7245192307692307,6.666666666666666,1000,6.666666666666666,1.8856180831641267
