size,trial,rate,density,clustering,shortest_path,n_comp_nodes,steps,l1,l2
65,0,0.6923076923076923,0.07163461538461538,0.07401598401598401,2.797596153846154,11.0,1000,11.0,2.6874192494328497
65,1,0.676923076923077,0.07163461538461538,0.07401598401598401,2.797596153846154,9.666666666666666,1000,9.666666666666666,2.285218200133681
65,2,0.6307692307692307,0.07163461538461538,0.07401598401598401,2.797596153846154,11.999999999999998,1000,11.999999999999998,2.7080128015453204
65,3,0.6615384615384615,0.07163461538461538,0.07401598401598401,2.797596153846154,10.666666666666664,1000,10.666666666666664,2.449489742783178
65,4,0.7384615384615385,0.07163461538461538,0.07401598401598401,2.797596153846154,10.333333333333332,1000,10.333333333333332,2.7284509239574835
