size,trial,rate,density,clustering,shortest_path,n_comp_nodes,steps,l1,l2
65,0,0.6461538461538461,0.0798076923076923,0.04727716727716727,2.7201923076923076,10.333333333333332,1000,10.333333333333332,2.285218200133681
65,1,0.5384615384615384,0.0798076923076923,0.04727716727716727,2.7201923076923076,13.0,1000,13.0,2.560381915956203
65,2,0.6,0.0798076923076923,0.04727716727716727,2.7201923076923076,12.0,1000,12.0,2.5385910352879693
65,3,0.5692307692307692,0.0798076923076923,0.04727716727716727,2.7201923076923076,14.333333333333332,1000,14.333333333333332,2.9249881291307074
65,4,0.7538461538461538,0.0798076923076923,0.04727716727716727,2.7201923076923076,9.666666666666666,1000,9.666666666666666,2.6457513110645907
