size,trial,rate,density,clustering,shortest_path,n_comp_nodes,steps,l1,l2
65,0,0.5846153846153845,0.08173076923076923,0.10163392163392164,2.6355769230769233,13.333333333333332,1000,13.333333333333332,2.748737083745107
65,1,0.6461538461538461,0.08173076923076923,0.10163392163392164,2.6355769230769233,10.0,1000,10.0,2.260776661041756
65,2,0.7384615384615385,0.08173076923076923,0.10163392163392164,2.6355769230769233,8.666666666666666,1000,8.666666666666666,2.3570226039551585
65,3,0.6461538461538461,0.08173076923076923,0.10163392163392164,2.6355769230769233,11.333333333333332,1000,11.333333333333332,2.5385910352879693
65,4,0.6923076923076923,0.08173076923076923,0.10163392163392164,2.6355769230769233,9.333333333333332,1000,9.333333333333332,2.260776661041756
