size,trial,rate,density,clustering,shortest_path,n_comp_nodes,steps,l1,l2
65,0,0.676923076923077,0.08173076923076923,0.08662892662892661,2.639423076923077,10.666666666666666,1000,10.666666666666666,2.5385910352879693
65,1,0.676923076923077,0.08173076923076923,0.08662892662892661,2.639423076923077,11.333333333333332,1000,11.333333333333332,2.788866755113585
65,2,0.6615384615384615,0.08173076923076923,0.08662892662892661,2.639423076923077,11.333333333333332,1000,11.333333333333332,2.7080128015453204
65,3,0.6461538461538461,0.08173076923076923,0.08662892662892661,2.639423076923077,10.333333333333334,1000,10.333333333333334,2.3804761428476167
65,4,0.676923076923077,0.08173076923076923,0.08662892662892661,2.639423076923077,10.333333333333332,1000,10.333333333333332,2.4267032964268394
