size,trial,rate,density,clustering,shortest_path,n_comp_nodes,steps,l1,l2
65,0,0.676923076923077,0.08076923076923077,0.0652003552003552,2.644230769230769,10.0,1000,10.0,2.403700850309326
65,1,0.6615384615384615,0.08076923076923077,0.0652003552003552,2.644230769230769,10.666666666666666,1000,10.666666666666666,2.449489742783178
65,2,0.6461538461538461,0.08076923076923077,0.0652003552003552,2.644230769230769,14.333333333333332,1000,14.333333333333332,3.2489314482696545
65,3,0.6615384615384615,0.08076923076923077,0.0652003552003552,2.644230769230769,10.0,1000,10.0,2.260776661041756
65,4,0.6615384615384615,0.08076923076923077,0.0652003552003552,2.644230769230769,10.333333333333332,1000,10.333333333333332,2.3804761428476167
