size,trial,rate,density,clustering,shortest_path,n_comp_nodes,steps,l1,l2
65,0,0.6307692307692307,0.08605769230769231,0.10993613224382455,2.585576923076923,10.333333333333332,1000,10.333333333333332,2.23606797749979
65,1,0.4769230769230769,0.08605769230769231,0.10993613224382455,2.585576923076923,13.666666666666666,1000,13.666666666666666,2.4720661623652207
65,2,0.7384615384615385,0.08605769230769231,0.10993613224382455,2.585576923076923,8.666666666666666,1000,8.666666666666666,2.3094010767585034
65,3,0.6461538461538461,0.08605769230769231,0.10993613224382455,2.585576923076923,10.666666666666666,1000,10.666666666666666,2.4037008503093262
65,4,0.676923076923077,0.08605769230769231,0.10993613224382455,2.585576923076923,10.999999999999998,1000,10.999999999999998,2.6034165586355513
