size,trial,rate,density,clustering,shortest_path,n_comp_nodes,steps,l1,l2
125,0,0.8240000000000001,0.06335483870967742,0.07587301456713218,2.5672258064516127,14.333333333333332,1000,14.333333333333332,3.3166247903554
125,1,0.8160000000000001,0.06335483870967742,0.07587301456713218,2.5672258064516127,13.0,1000,13.0,3.0
125,2,0.856,0.06335483870967742,0.07587301456713218,2.5672258064516127,10.0,1000,10.0,2.5819888974716108
125,3,0.736,0.06335483870967742,0.07587301456713218,2.5672258064516127,21.333333333333336,1000,21.333333333333336,4.0824829046386295
125,4,0.856,0.06335483870967742,0.07587301456713218,2.5672258064516127,9.333333333333332,1000,9.333333333333332,2.449489742783178
