size,trial,rate,density,clustering,shortest_path,n_comp_nodes,steps,l1,l2
125,0,0.8160000000000001,0.06606451612903226,0.056918942495413044,2.495225806451613,13.666666666666666,1000,13.666666666666666,3.109126351029605
125,1,0.784,0.06606451612903226,0.056918942495413044,2.495225806451613,16.333333333333332,1000,16.333333333333332,3.34995854037363
125,2,0.848,0.06606451612903226,0.056918942495413044,2.495225806451613,12.0,1000,12.0,3.018461712712472
125,3,0.808,0.06606451612903226,0.056918942495413044,2.495225806451613,14.666666666666666,1000,14.666666666666666,3.265986323710904
125,4,0.848,0.06606451612903226,0.056918942495413044,2.495225806451613,10.999999999999998,1000,10.999999999999998,2.7688746209726913
