size,trial,rate,density,clustering,shortest_path,n_comp_nodes,steps,l1,l2
125,0,0.792,0.06064516129032258,0.054996070596070555,2.590451612903226,14.0,1000,14.0,3.018461712712472
125,1,0.776,0.06064516129032258,0.054996070596070555,2.590451612903226,15.333333333333334,1000,15.333333333333334,3.197221015541813
125,2,0.792,0.06064516129032258,0.054996070596070555,2.590451612903226,13.333333333333334,1000,13.333333333333334,2.9439202887759492
125,3,0.8240000000000001,0.06064516129032258,0.054996070596070555,2.590451612903226,11.0,1000,11.0,2.6457513110645907
125,4,0.768,0.06064516129032258,0.054996070596070555,2.590451612903226,16.333333333333336,1000,16.333333333333336,3.3166247903554
