size,trial,rate,density,clustering,shortest_path,n_comp_nodes,steps,l1,l2
125,0,0.8,0.07019354838709678,0.0645403015285368,2.4578064516129032,14.666666666666666,1000,14.666666666666666,3.197221015541813
125,1,0.872,0.07019354838709678,0.0645403015285368,2.4578064516129032,9.666666666666666,1000,9.666666666666666,2.6457513110645903
125,2,0.832,0.07019354838709678,0.0645403015285368,2.4578064516129032,11.333333333333332,1000,11.333333333333332,2.70801280154532
125,3,0.8160000000000001,0.07019354838709678,0.0645403015285368,2.4578064516129032,12.666666666666668,1000,12.666666666666668,2.9059326290271152
125,4,0.792,0.07019354838709678,0.0645403015285368,2.4578064516129032,12.333333333333332,1000,12.333333333333332,2.6457513110645907
