size,trial,rate,density,clustering,shortest_path,n_comp_nodes,steps,l1,l2
125,0,0.864,0.06774193548387097,0.05050181191357659,2.4812903225806453,10.0,1000,10.0,2.6666666666666665
125,1,0.8,0.06774193548387097,0.05050181191357659,2.4812903225806453,14.666666666666666,1000,14.666666666666666,3.231786571610886
125,2,0.832,0.06774193548387097,0.05050181191357659,2.4812903225806453,10.999999999999998,1000,10.999999999999998,2.6457513110645907
125,3,0.776,0.06774193548387097,0.05050181191357659,2.4812903225806453,14.333333333333332,1000,14.333333333333332,3.0
125,4,0.792,0.06774193548387097,0.05050181191357659,2.4812903225806453,13.666666666666664,1000,13.666666666666664,3.0
