size,trial,rate,density,clustering,shortest_path,n_comp_nodes,steps,l1,l2
125,0,0.896,0.06438709677419355,0.061219521654815735,2.535741935483871,7.0,1000,7.0,2.1343747458109497
125,1,0.8,0.06438709677419355,0.061219521654815735,2.535741935483871,14.0,1000,14.0,3.0912061651652345
125,2,0.856,0.06438709677419355,0.061219521654815735,2.535741935483871,11.333333333333332,1000,11.333333333333332,2.9059326290271152
125,3,0.776,0.06438709677419355,0.061219521654815735,2.535741935483871,15.0,1000,15.0,3.1797973380564852
125,4,0.8,0.06438709677419355,0.061219521654815735,2.535741935483871,13.333333333333332,1000,13.333333333333332,2.9059326290271157
