size,trial,rate,density,clustering,shortest_path,n_comp_nodes,steps,l1,l2
125,0,0.84,0.06709677419354838,0.07910622188269242,2.495225806451613,10.0,1000,10.0,2.494438257849294
125,1,0.8,0.06709677419354838,0.07910622188269242,2.495225806451613,15.999999999999998,1000,15.999999999999998,3.496029493900505
125,2,0.776,0.06709677419354838,0.07910622188269242,2.495225806451613,15.999999999999998,1000,15.999999999999998,3.265986323710904
125,3,0.8,0.06709677419354838,0.07910622188269242,2.495225806451613,13.666666666666666,1000,13.666666666666666,2.9627314724385294
125,4,0.776,0.06709677419354838,0.07910622188269242,2.495225806451613,15.666666666666666,1000,15.666666666666666,3.3166247903553994
