size,trial,rate,density,clustering,shortest_path,n_comp_nodes,steps,l1,l2
125,0,0.832,0.07393548387096774,0.06875838540544417,2.410967741935484,12.0,1000,12.0,2.9439202887759492
125,1,0.832,0.07393548387096774,0.06875838540544417,2.410967741935484,14.0,1000,14.0,3.3665016461206925
125,2,0.88,0.07393548387096774,0.06875838540544417,2.410967741935484,7.666666666666667,1000,7.666666666666667,2.185812841434
125,3,0.8160000000000001,0.07393548387096774,0.06875838540544417,2.410967741935484,14.0,1000,14.0,3.231786571610886
125,4,0.84,0.07393548387096774,0.06875838540544417,2.410967741935484,12.333333333333332,1000,12.333333333333332,3.073181485764296
