size,trial,rate,density,clustering,shortest_path,n_comp_nodes,steps,l1,l2
125,0,0.8160000000000001,0.06929032258064516,0.07782077922077921,2.4735483870967743,13.0,1000,13.0,2.9627314724385294
125,1,0.8,0.06929032258064516,0.07782077922077921,2.4735483870967743,13.999999999999998,1000,13.999999999999998,3.0912061651652345
125,2,0.84,0.06929032258064516,0.07782077922077921,2.4735483870967743,12.0,1000,12.0,2.943920288775949
125,3,0.832,0.06929032258064516,0.07782077922077921,2.4735483870967743,9.666666666666666,1000,9.666666666666666,2.3333333333333335
125,4,0.808,0.06929032258064516,0.07782077922077921,2.4735483870967743,12.0,1000,12.0,2.788866755113585
