size,trial,rate,density,clustering,shortest_path,n_comp_nodes,steps,l1,l2
125,0,0.768,0.06696774193548387,0.0797785210317717,2.497677419354839,13.666666666666666,1000,13.666666666666666,2.848001248439177
125,1,0.8240000000000001,0.06696774193548387,0.0797785210317717,2.497677419354839,10.0,1000,10.0,2.3570226039551585
125,2,0.8240000000000001,0.06696774193548387,0.0797785210317717,2.497677419354839,13.0,1000,13.0,3.0368111930480994
125,3,0.8160000000000001,0.06696774193548387,0.0797785210317717,2.497677419354839,12.999999999999998,1000,12.999999999999998,3.0
125,4,0.896,0.06696774193548387,0.0797785210317717,2.497677419354839,7.999999999999999,1000,7.999999999999999,2.3570226039551585
