size,trial,rate,density,clustering,shortest_path,n_comp_nodes,steps,l1,l2
35,0,0.6,0.11596638655462185,0.05061224489795917,2.608403361344538,8.333333333333332,1000,8.333333333333332,2.4267032964268394
35,1,0.5428571428571429,0.11596638655462185,0.05061224489795917,2.608403361344538,10.333333333333334,1000,10.333333333333334,2.7688746209726913
35,2,0.7142857142857143,0.11596638655462185,0.05061224489795917,2.608403361344538,7.333333333333333,1000,7.333333333333333,2.4037008503093262
35,3,0.5714285714285714,0.11596638655462185,0.05061224489795917,2.608403361344538,8.333333333333332,1000,8.333333333333332,2.333333333333333
35,4,0.6857142857142857,0.11596638655462185,0.05061224489795917,2.608403361344538,6.333333333333333,1000,6.333333333333333,2.081665999466133
