size,trial,rate,density,clustering,shortest_path,n_comp_nodes,steps,l1,l2
35,0,0.6571428571428571,0.10420168067226891,0.12272108843537417,2.880672268907563,6.999999999999999,1000,6.999999999999999,2.185812841434
35,1,0.5714285714285714,0.10420168067226891,0.12272108843537417,2.880672268907563,8.333333333333332,1000,8.333333333333332,2.3333333333333335
35,2,0.6571428571428571,0.10420168067226891,0.12272108843537417,2.880672268907563,7.666666666666665,1000,7.666666666666665,2.3804761428476167
35,3,0.6,0.10420168067226891,0.12272108843537417,2.880672268907563,8.666666666666666,1000,8.666666666666666,2.5385910352879693
35,4,0.5428571428571429,0.10420168067226891,0.12272108843537417,2.880672268907563,8.666666666666666,1000,8.666666666666666,2.309401076758503
