size,trial,rate,density,clustering,shortest_path,n_comp_nodes,steps,l1,l2
35,0,0.6285714285714286,0.11428571428571428,0.12183673469387753,2.6638655462184873,7.666666666666666,1000,7.666666666666666,2.23606797749979
35,1,0.5428571428571429,0.11428571428571428,0.12183673469387753,2.6638655462184873,8.999999999999998,1000,8.999999999999998,2.3804761428476167
35,2,0.6,0.11428571428571428,0.12183673469387753,2.6638655462184873,7.999999999999999,1000,7.999999999999999,2.3094010767585034
35,3,0.5142857142857142,0.11428571428571428,0.12183673469387753,2.6638655462184873,9.0,1000,9.0,2.4267032964268394
35,4,0.5142857142857142,0.11428571428571428,0.12183673469387753,2.6638655462184873,9.666666666666666,1000,9.666666666666666,2.472066162365221
