size,trial,rate,density,clustering,shortest_path,n_comp_nodes,steps,l1,l2
35,0,0.5714285714285714,0.0957983193277311,0.07346938775510205,3.0873949579831934,8.999999999999998,1000,8.999999999999998,2.4267032964268394
35,1,0.4571428571428572,0.0957983193277311,0.07346938775510205,3.0873949579831934,12.0,1000,12.0,3.0550504633038935
35,2,0.5428571428571429,0.0957983193277311,0.07346938775510205,3.0873949579831934,9.999999999999998,1000,9.999999999999998,2.581988897471611
35,3,0.5428571428571429,0.0957983193277311,0.07346938775510205,3.0873949579831934,9.0,1000,9.0,2.4720661623652207
35,4,0.5428571428571429,0.0957983193277311,0.07346938775510205,3.0873949579831934,10.666666666666666,1000,10.666666666666666,2.8284271247461903
