size,trial,rate,density,clustering,shortest_path,n_comp_nodes,steps,l1,l2
35,0,0.5428571428571429,0.09243697478991597,0.05612244897959184,3.0168067226890756,10.0,1000,10.0,2.6666666666666665
35,1,0.5428571428571429,0.09243697478991597,0.05612244897959184,3.0168067226890756,9.333333333333332,1000,9.333333333333332,2.449489742783178
35,2,0.4571428571428572,0.09243697478991597,0.05612244897959184,3.0168067226890756,12.333333333333332,1000,12.333333333333332,2.96273147243853
35,3,0.4285714285714286,0.09243697478991597,0.05612244897959184,3.0168067226890756,12.999999999999998,1000,12.999999999999998,3.109126351029605
35,4,0.5142857142857142,0.09243697478991597,0.05612244897959184,3.0168067226890756,12.0,1000,12.0,3.018461712712472
