size,trial,rate,density,clustering,shortest_path,n_comp_nodes,steps,l1,l2
35,0,0.6,0.09915966386554621,0.0527891156462585,2.8739495798319328,9.0,1000,9.0,2.4720661623652207
35,1,0.5714285714285714,0.09915966386554621,0.0527891156462585,2.8739495798319328,10.0,1000,10.0,2.788866755113585
35,2,0.4571428571428572,0.09915966386554621,0.0527891156462585,2.8739495798319328,12.666666666666664,1000,12.666666666666664,3.055050463303893
35,3,0.48571428571428577,0.09915966386554621,0.0527891156462585,2.8739495798319328,10.666666666666666,1000,10.666666666666666,2.6666666666666665
35,4,0.37142857142857144,0.09915966386554621,0.0527891156462585,2.8739495798319328,11.666666666666666,1000,11.666666666666666,2.6874192494328497
