size,trial,rate,density,clustering,shortest_path,n_comp_nodes,steps,l1,l2
35,0,0.37142857142857144,0.08907563025210084,0.05564625850340136,3.0554621848739494,12.666666666666666,1000,12.666666666666666,2.8674417556808756
35,1,0.5142857142857142,0.08907563025210084,0.05564625850340136,3.0554621848739494,10.0,1000,10.0,2.581988897471611
35,2,0.4571428571428572,0.08907563025210084,0.05564625850340136,3.0554621848739494,12.666666666666664,1000,12.666666666666664,3.018461712712472
35,3,0.5714285714285714,0.08907563025210084,0.05564625850340136,3.0554621848739494,9.666666666666666,1000,9.666666666666666,2.6034165586355513
35,4,0.5428571428571429,0.08907563025210084,0.05564625850340136,3.0554621848739494,10.0,1000,10.0,2.6246692913372702
