size,trial,rate,density,clustering,shortest_path,n_comp_nodes,steps,l1,l2
35,0,0.6571428571428571,0.09747899159663866,0.12040816326530612,2.954621848739496,7.666666666666666,1000,7.666666666666666,2.3333333333333335
35,1,0.4571428571428572,0.09747899159663866,0.12040816326530612,2.954621848739496,10.333333333333332,1000,10.333333333333332,2.560381915956203
35,2,0.4285714285714286,0.09747899159663866,0.12040816326530612,2.954621848739496,12.333333333333334,1000,12.333333333333334,2.8867513459481287
35,3,0.6285714285714286,0.09747899159663866,0.12040816326530612,2.954621848739496,8.666666666666666,1000,8.666666666666666,2.494438257849294
35,4,0.6,0.09747899159663866,0.12040816326530612,2.954621848739496,9.666666666666666,1000,9.666666666666666,2.6874192494328497
