size,trial,rate,density,clustering,shortest_path,n_comp_nodes,steps,l1,l2
35,0,0.5428571428571429,0.1092436974789916,0.049863945578231296,2.715966386554622,9.666666666666666,1000,9.666666666666666,2.560381915956203
35,1,0.6285714285714286,0.1092436974789916,0.049863945578231296,2.715966386554622,7.666666666666666,1000,7.666666666666666,2.185812841434
35,2,0.6,0.1092436974789916,0.049863945578231296,2.715966386554622,9.666666666666666,1000,9.666666666666666,2.7284509239574835
35,3,0.6857142857142857,0.1092436974789916,0.049863945578231296,2.715966386554622,6.0,1000,6.0,1.8856180831641267
35,4,0.7142857142857143,0.1092436974789916,0.049863945578231296,2.715966386554622,6.333333333333333,1000,6.333333333333333,2.185812841434
