size,trial,rate,density,clustering,shortest_path,n_comp_nodes,steps,l1,l2
35,0,0.6,0.10252100840336134,0.08190476190476191,3.0016806722689076,8.333333333333332,1000,8.333333333333332,2.3333333333333335
35,1,0.6,0.10252100840336134,0.08190476190476191,3.0016806722689076,7.666666666666666,1000,7.666666666666666,2.185812841434
35,2,0.48571428571428577,0.10252100840336134,0.08190476190476191,3.0016806722689076,10.0,1000,10.0,2.494438257849294
35,3,0.5428571428571429,0.10252100840336134,0.08190476190476191,3.0016806722689076,8.666666666666666,1000,8.666666666666666,2.3094010767585034
35,4,0.4285714285714286,0.10252100840336134,0.08190476190476191,3.0016806722689076,12.0,1000,12.0,2.8284271247461903
