size,trial,rate,density,clustering,shortest_path,n_comp_nodes,steps,l1,l2
185,0,0.8864864864864865,0.060810810810810814,0.05928164125566194,2.423207990599295,11.666666666666666,1000,11.666666666666666,2.848001248439177
185,1,0.8702702702702703,0.060810810810810814,0.05928164125566194,2.423207990599295,14.0,1000,14.0,3.1622776601683795
185,2,0.8918918918918919,0.060810810810810814,0.05928164125566194,2.423207990599295,13.0,1000,13.0,3.1797973380564852
185,3,0.8972972972972972,0.060810810810810814,0.05928164125566194,2.423207990599295,13.666666666666666,1000,13.666666666666666,3.34995854037363
185,4,0.8648648648648649,0.060810810810810814,0.05928164125566194,2.423207990599295,12.999999999999998,1000,12.999999999999998,2.8867513459481287
