size,trial,rate,density,clustering,shortest_path,n_comp_nodes,steps,l1,l2
185,0,0.8864864864864865,0.057579318448883664,0.06359477398177085,2.4641010575793185,13.333333333333332,1000,13.333333333333332,3.1269438398822866
185,1,0.8918918918918919,0.057579318448883664,0.06359477398177085,2.4641010575793185,12.333333333333332,1000,12.333333333333332,3.0
185,2,0.8972972972972972,0.057579318448883664,0.06359477398177085,2.4641010575793185,11.333333333333332,1000,11.333333333333332,2.9059326290271157
185,3,0.8594594594594595,0.057579318448883664,0.06359477398177085,2.4641010575793185,14.666666666666668,1000,14.666666666666668,3.2317865716108862
185,4,0.8648648648648649,0.057579318448883664,0.06359477398177085,2.4641010575793185,14.0,1000,14.0,3.0912061651652345
