size,trial,rate,density,clustering,shortest_path,n_comp_nodes,steps,l1,l2
185,0,0.8756756756756756,0.05804935370152761,0.05400497567680225,2.452291421856639,12.999999999999998,1000,12.999999999999998,2.96273147243853
185,1,0.8918918918918919,0.05804935370152761,0.05400497567680225,2.452291421856639,11.333333333333332,1000,11.333333333333332,2.7888667551135855
185,2,0.9027027027027027,0.05804935370152761,0.05400497567680225,2.452291421856639,12.333333333333332,1000,12.333333333333332,3.1797973380564852
185,3,0.854054054054054,0.05804935370152761,0.05400497567680225,2.452291421856639,13.333333333333332,1000,13.333333333333332,2.8674417556808756
185,4,0.8324324324324324,0.05804935370152761,0.05400497567680225,2.452291421856639,17.666666666666664,1000,17.666666666666664,3.511884584284246
