size,trial,rate,density,clustering,shortest_path,n_comp_nodes,steps,l1,l2
185,0,0.8594594594594595,0.0626909518213866,0.06437418325963215,2.389776733254994,14.666666666666668,1000,14.666666666666668,3.231786571610886
185,1,0.9189189189189189,0.0626909518213866,0.06437418325963215,2.389776733254994,11.666666666666666,1000,11.666666666666666,3.1797973380564852
185,2,0.8918918918918919,0.0626909518213866,0.06437418325963215,2.389776733254994,12.333333333333332,1000,12.333333333333332,2.9627314724385294
185,3,0.8702702702702703,0.0626909518213866,0.06437418325963215,2.389776733254994,13.333333333333332,1000,13.333333333333332,3.018461712712472
185,4,0.9027027027027027,0.0626909518213866,0.06437418325963215,2.389776733254994,9.333333333333332,1000,9.333333333333332,2.449489742783178
