size,trial,rate,density,clustering,shortest_path,n_comp_nodes,steps,l1,l2
185,0,0.8972972972972972,0.06098707403055229,0.06062045634801049,2.4178613396004702,10.333333333333332,1000,10.333333333333332,2.6457513110645907
185,1,0.8594594594594595,0.06098707403055229,0.06062045634801049,2.4178613396004702,15.333333333333332,1000,15.333333333333332,3.265986323710904
185,2,0.8648648648648649,0.06098707403055229,0.06062045634801049,2.4178613396004702,14.666666666666666,1000,14.666666666666666,3.2317865716108862
185,3,0.9027027027027027,0.06098707403055229,0.06062045634801049,2.4178613396004702,9.333333333333332,1000,9.333333333333332,2.4944382578492945
185,4,0.9135135135135135,0.06098707403055229,0.06062045634801049,2.4178613396004702,9.333333333333332,1000,9.333333333333332,2.581988897471611
