size,trial,rate,density,clustering,shortest_path,n_comp_nodes,steps,l1,l2
185,0,0.8864864864864865,0.061339600470035255,0.0600694770044615,2.4106933019976498,10.999999999999998,1000,10.999999999999998,2.6457513110645907
185,1,0.9135135135135135,0.061339600470035255,0.0600694770044615,2.4106933019976498,7.666666666666666,1000,7.666666666666666,2.1343747458109497
185,2,0.8378378378378378,0.061339600470035255,0.0600694770044615,2.4106933019976498,16.333333333333332,1000,16.333333333333332,3.3166247903553994
185,3,0.8864864864864865,0.061339600470035255,0.0600694770044615,2.4106933019976498,13.333333333333334,1000,13.333333333333334,3.197221015541813
185,4,0.8756756756756756,0.061339600470035255,0.0600694770044615,2.4106933019976498,12.999999999999998,1000,12.999999999999998,3.0368111930480994
