size,trial,rate,density,clustering,shortest_path,n_comp_nodes,steps,l1,l2
185,0,0.8918918918918919,0.061339600470035255,0.06300389571287401,2.4148648648648647,11.666666666666666,1000,11.666666666666666,2.848001248439177
185,1,0.9081081081081082,0.061339600470035255,0.06300389571287401,2.4148648648648647,9.666666666666666,1000,9.666666666666666,2.560381915956203
185,2,0.8810810810810811,0.061339600470035255,0.06300389571287401,2.4148648648648647,14.999999999999998,1000,14.999999999999998,3.48010216963685
185,3,0.8594594594594595,0.061339600470035255,0.06300389571287401,2.4148648648648647,15.999999999999996,1000,15.999999999999996,3.3993463423951895
185,4,0.8702702702702703,0.061339600470035255,0.06300389571287401,2.4148648648648647,13.666666666666666,1000,13.666666666666666,3.1446603773522015
