size,trial,rate,density,clustering,shortest_path,n_comp_nodes,steps,l1,l2
185,0,0.8918918918918919,0.06116333725029377,0.06054517921390984,2.4172150411280846,10.333333333333332,1000,10.333333333333332,2.6034165586355518
185,1,0.8864864864864865,0.06116333725029377,0.06054517921390984,2.4172150411280846,12.0,1000,12.0,2.8674417556808756
185,2,0.9027027027027027,0.06116333725029377,0.06054517921390984,2.4172150411280846,10.333333333333332,1000,10.333333333333332,2.6874192494328497
185,3,0.8918918918918919,0.06116333725029377,0.06054517921390984,2.4172150411280846,10.333333333333332,1000,10.333333333333332,2.516611478423583
185,4,0.8864864864864865,0.06116333725029377,0.06054517921390984,2.4172150411280846,12.333333333333332,1000,12.333333333333332,2.96273147243853
