size,trial,rate,density,clustering,shortest_path,n_comp_nodes,steps,l1,l2
185,0,0.8864864864864865,0.059753231492361926,0.05778999168163251,2.4310810810810812,12.0,1000,12.0,2.8674417556808756
185,1,0.8648648648648649,0.059753231492361926,0.05778999168163251,2.4310810810810812,13.333333333333332,1000,13.333333333333332,2.9814239699997196
185,2,0.8702702702702703,0.059753231492361926,0.05778999168163251,2.4310810810810812,17.333333333333332,1000,17.333333333333332,3.7712361663282534
185,3,0.8918918918918919,0.059753231492361926,0.05778999168163251,2.4310810810810812,10.333333333333332,1000,10.333333333333332,2.560381915956203
185,4,0.8918918918918919,0.059753231492361926,0.05778999168163251,2.4310810810810812,15.0,1000,15.0,3.5433819375782165
