size,trial,rate,density,clustering,shortest_path,n_comp_nodes,steps,l1,l2
185,0,0.8810810810810811,0.06010575793184489,0.05396181986840214,2.4306110458284373,13.0,1000,13.0,3.0368111930481
185,1,0.8756756756756756,0.06010575793184489,0.05396181986840214,2.4306110458284373,13.666666666666666,1000,13.666666666666666,3.1797973380564852
185,2,0.8918918918918919,0.06010575793184489,0.05396181986840214,2.4306110458284373,13.666666666666664,1000,13.666666666666664,3.3166247903554
185,3,0.8486486486486486,0.06010575793184489,0.05396181986840214,2.4306110458284373,13.333333333333332,1000,13.333333333333332,2.788866755113585
185,4,0.8702702702702703,0.06010575793184489,0.05396181986840214,2.4306110458284373,12.666666666666668,1000,12.666666666666668,2.8674417556808756
