size,trial,rate,density,clustering,shortest_path,n_comp_nodes,steps,l1,l2
145,0,0.8758620689655172,0.06264367816091954,0.06353205280182962,2.495402298850575,9.0,1000,9.0,2.3333333333333335
145,1,0.8275862068965517,0.06264367816091954,0.06353205280182962,2.495402298850575,12.666666666666668,1000,12.666666666666668,2.748737083745107
145,2,0.806896551724138,0.06264367816091954,0.06353205280182962,2.495402298850575,14.333333333333332,1000,14.333333333333332,3.0
145,3,0.806896551724138,0.06264367816091954,0.06353205280182962,2.495402298850575,16.666666666666664,1000,16.666666666666664,3.527668414752788
145,4,0.8344827586206897,0.06264367816091954,0.06353205280182962,2.495402298850575,13.333333333333332,1000,13.333333333333332,3.055050463303893
