size,trial,rate,density,clustering,shortest_path,n_comp_nodes,steps,l1,l2
145,0,0.8275862068965517,0.06829501915708812,0.06714712389848501,2.4171455938697317,13.666666666666666,1000,13.666666666666666,3.0
145,1,0.8758620689655172,0.06829501915708812,0.06714712389848501,2.4171455938697317,9.0,1000,9.0,2.3804761428476167
145,2,0.8689655172413793,0.06829501915708812,0.06714712389848501,2.4171455938697317,12.0,1000,12.0,3.018461712712472
145,3,0.8551724137931034,0.06829501915708812,0.06714712389848501,2.4171455938697317,9.333333333333332,1000,9.333333333333332,2.260776661041756
145,4,0.8551724137931034,0.06829501915708812,0.06714712389848501,2.4171455938697317,10.666666666666666,1000,10.666666666666666,2.5385910352879693
