size,trial,rate,density,clustering,shortest_path,n_comp_nodes,steps,l1,l2
145,0,0.8482758620689655,0.06197318007662835,0.0606453170449113,2.507854406130268,13.333333333333334,1000,13.333333333333334,3.1622776601683795
145,1,0.8275862068965517,0.06197318007662835,0.0606453170449113,2.507854406130268,12.333333333333332,1000,12.333333333333332,2.7688746209726913
145,2,0.8344827586206897,0.06197318007662835,0.0606453170449113,2.507854406130268,14.666666666666666,1000,14.666666666666666,3.2998316455372216
145,3,0.806896551724138,0.06197318007662835,0.0606453170449113,2.507854406130268,15.666666666666666,1000,15.666666666666666,3.214550253664318
145,4,0.8275862068965517,0.06197318007662835,0.0606453170449113,2.507854406130268,13.666666666666664,1000,13.666666666666664,3.0368111930480994
