size,trial,rate,density,clustering,shortest_path,n_comp_nodes,steps,l1,l2
145,0,0.8,0.06245210727969348,0.05288110357075871,2.491475095785441,14.333333333333332,1000,14.333333333333332,2.9627314724385294
145,1,0.8,0.06245210727969348,0.05288110357075871,2.491475095785441,17.666666666666664,1000,17.666666666666664,3.6362373715452385
145,2,0.8344827586206897,0.06245210727969348,0.05288110357075871,2.491475095785441,14.0,1000,14.0,3.1269438398822866
145,3,0.7862068965517242,0.06245210727969348,0.05288110357075871,2.491475095785441,15.666666666666664,1000,15.666666666666664,3.1091263510296048
145,4,0.8413793103448276,0.06245210727969348,0.05288110357075871,2.491475095785441,11.0,1000,11.0,2.560381915956203
