size,trial,rate,density,clustering,shortest_path,n_comp_nodes,steps,l1,l2
145,0,0.8620689655172413,0.06254789272030652,0.07747872591685974,2.499329501915709,10.666666666666668,1000,10.666666666666668,2.7080128015453204
145,1,0.8689655172413793,0.06254789272030652,0.07747872591685974,2.499329501915709,12.666666666666664,1000,12.666666666666664,3.1622776601683795
145,2,0.806896551724138,0.06254789272030652,0.07747872591685974,2.499329501915709,16.666666666666664,1000,16.666666666666664,3.4318767136623336
145,3,0.806896551724138,0.06254789272030652,0.07747872591685974,2.499329501915709,14.666666666666664,1000,14.666666666666664,3.0912061651652345
145,4,0.8827586206896552,0.06254789272030652,0.07747872591685974,2.499329501915709,9.333333333333332,1000,9.333333333333332,2.5385910352879693
