size,trial,rate,density,clustering,shortest_path,n_comp_nodes,steps,l1,l2
145,0,0.8482758620689655,0.06111111111111111,0.059382628865387414,2.507375478927203,9.666666666666664,1000,9.666666666666664,2.23606797749979
145,1,0.8482758620689655,0.06111111111111111,0.059382628865387414,2.507375478927203,9.666666666666666,1000,9.666666666666666,2.23606797749979
145,2,0.8275862068965517,0.06111111111111111,0.059382628865387414,2.507375478927203,16.333333333333332,1000,16.333333333333332,3.5433819375782165
145,3,0.8413793103448276,0.06111111111111111,0.059382628865387414,2.507375478927203,12.333333333333332,1000,12.333333333333332,2.886751345948129
145,4,0.8275862068965517,0.06111111111111111,0.059382628865387414,2.507375478927203,12.666666666666666,1000,12.666666666666666,2.788866755113585
