size,trial,rate,density,clustering,shortest_path,n_comp_nodes,steps,l1,l2
145,0,0.8137931034482758,0.061685823754789273,0.0670312254795013,2.516954022988506,14.666666666666664,1000,14.666666666666664,3.1269438398822866
145,1,0.8206896551724138,0.061685823754789273,0.0670312254795013,2.516954022988506,14.666666666666668,1000,14.666666666666668,3.1622776601683795
145,2,0.7793103448275862,0.061685823754789273,0.0670312254795013,2.516954022988506,14.999999999999998,1000,14.999999999999998,3.0
145,3,0.8206896551724138,0.061685823754789273,0.0670312254795013,2.516954022988506,12.666666666666666,1000,12.666666666666666,2.748737083745107
145,4,0.8551724137931034,0.061685823754789273,0.0670312254795013,2.516954022988506,10.333333333333332,1000,10.333333333333332,2.516611478423583
