size,trial,rate,density,clustering,shortest_path,n_comp_nodes,steps,l1,l2
145,0,0.8137931034482758,0.06264367816091954,0.0546956289146958,2.496360153256705,13.0,1000,13.0,2.7688746209726913
145,1,0.8206896551724138,0.06264367816091954,0.0546956289146958,2.496360153256705,14.0,1000,14.0,3.091206165165235
145,2,0.8620689655172413,0.06264367816091954,0.0546956289146958,2.496360153256705,10.0,1000,10.0,2.4037008503093262
145,3,0.8551724137931034,0.06264367816091954,0.0546956289146958,2.496360153256705,11.333333333333332,1000,11.333333333333332,2.748737083745107
145,4,0.8275862068965517,0.06264367816091954,0.0546956289146958,2.496360153256705,11.999999999999998,1000,11.999999999999998,2.581988897471611
