size,trial,rate,density,clustering,shortest_path,n_comp_nodes,steps,l1,l2
95,0,0.7157894736842105,0.07390817469204927,0.06352320194425454,2.534154535274356,11.333333333333332,1000,11.333333333333332,2.3570226039551585
95,1,0.6842105263157895,0.07390817469204927,0.06352320194425454,2.534154535274356,13.0,1000,13.0,2.516611478423583
95,2,0.7684210526315789,0.07390817469204927,0.06352320194425454,2.534154535274356,11.666666666666666,1000,11.666666666666666,2.7284509239574835
95,3,0.7684210526315789,0.07390817469204927,0.06352320194425454,2.534154535274356,11.0,1000,11.0,2.560381915956203
95,4,0.736842105263158,0.07390817469204927,0.06352320194425454,2.534154535274356,11.333333333333334,1000,11.333333333333334,2.449489742783178
