size,trial,rate,density,clustering,shortest_path,n_comp_nodes,steps,l1,l2
95,0,0.7052631578947368,0.06942889137737962,0.0491304017619807,2.643673012318029,13.0,1000,13.0,2.6034165586355513
95,1,0.8736842105263158,0.06942889137737962,0.0491304017619807,2.643673012318029,6.333333333333333,1000,6.333333333333333,1.9720265943665385
95,2,0.7052631578947368,0.06942889137737962,0.0491304017619807,2.643673012318029,12.666666666666666,1000,12.666666666666666,2.581988897471611
95,3,0.7789473684210526,0.06942889137737962,0.0491304017619807,2.643673012318029,9.333333333333332,1000,9.333333333333332,2.1602468994692865
95,4,0.7684210526315789,0.06942889137737962,0.0491304017619807,2.643673012318029,11.0,1000,11.0,2.6034165586355513
