size,trial,rate,density,clustering,shortest_path,n_comp_nodes,steps,l1,l2
95,0,0.6105263157894737,0.07346024636058231,0.05445233129443655,2.5449048152295632,16.666666666666668,1000,16.666666666666668,2.9059326290271152
95,1,0.8,0.07346024636058231,0.05445233129443655,2.5449048152295632,9.333333333333334,1000,9.333333333333334,2.3570226039551585
95,2,0.6,0.07346024636058231,0.05445233129443655,2.5449048152295632,16.0,1000,16.0,2.748737083745107
95,3,0.8,0.07346024636058231,0.05445233129443655,2.5449048152295632,9.666666666666666,1000,9.666666666666666,2.4720661623652207
95,4,0.6947368421052631,0.07346024636058231,0.05445233129443655,2.5449048152295632,12.666666666666664,1000,12.666666666666664,2.581988897471611
