size,trial,rate,density,clustering,shortest_path,n_comp_nodes,steps,l1,l2
95,0,0.7052631578947368,0.06898096304591265,0.053107185212448345,2.6134378499440087,13.666666666666666,1000,13.666666666666666,2.848001248439177
95,1,0.7263157894736842,0.06898096304591265,0.053107185212448345,2.6134378499440087,11.333333333333334,1000,11.333333333333334,2.4037008503093262
95,2,0.6736842105263158,0.06898096304591265,0.053107185212448345,2.6134378499440087,14.333333333333334,1000,14.333333333333334,2.7688746209726913
95,3,0.7473684210526316,0.06898096304591265,0.053107185212448345,2.6134378499440087,9.666666666666666,1000,9.666666666666666,2.0816659994661326
95,4,0.6631578947368422,0.06898096304591265,0.053107185212448345,2.6134378499440087,13.333333333333332,1000,13.333333333333332,2.494438257849294
