size,trial,rate,density,clustering,shortest_path,n_comp_nodes,steps,l1,l2
95,0,0.736842105263158,0.07346024636058231,0.08860823387139177,2.5361702127659576,10.666666666666666,1000,10.666666666666666,2.260776661041756
95,1,0.7263157894736842,0.07346024636058231,0.08860823387139177,2.5361702127659576,11.666666666666666,1000,11.666666666666666,2.4267032964268394
95,2,0.7894736842105263,0.07346024636058231,0.08860823387139177,2.5361702127659576,9.0,1000,9.0,2.185812841434
95,3,0.7052631578947368,0.07346024636058231,0.08860823387139177,2.5361702127659576,12.666666666666666,1000,12.666666666666666,2.5385910352879693
95,4,0.6736842105263158,0.07346024636058231,0.08860823387139177,2.5361702127659576,13.333333333333334,1000,13.333333333333334,2.5819888974716108
