size,trial,rate,density,clustering,shortest_path,n_comp_nodes,steps,l1,l2
95,0,0.736842105263158,0.06741321388577827,0.06788030682767524,2.640313549832027,10.666666666666666,1000,10.666666666666666,2.2607766610417555
95,1,0.7684210526315789,0.06741321388577827,0.06788030682767524,2.640313549832027,9.999999999999998,1000,9.999999999999998,2.3094010767585034
95,2,0.6947368421052631,0.06741321388577827,0.06788030682767524,2.640313549832027,13.666666666666666,1000,13.666666666666666,2.808716591058786
95,3,0.7052631578947368,0.06741321388577827,0.06788030682767524,2.640313549832027,14.0,1000,14.0,2.943920288775949
95,4,0.7578947368421053,0.06741321388577827,0.06788030682767524,2.640313549832027,10.666666666666666,1000,10.666666666666666,2.449489742783178
