size,trial,rate,density,clustering,shortest_path,n_comp_nodes,steps,l1,l2
95,0,0.6631578947368422,0.0671892497200448,0.08608917398391078,2.656662933930571,13.666666666666666,1000,13.666666666666666,2.6034165586355513
95,1,0.736842105263158,0.0671892497200448,0.08608917398391078,2.656662933930571,12.333333333333334,1000,12.333333333333334,2.6874192494328497
95,2,0.6631578947368422,0.0671892497200448,0.08608917398391078,2.656662933930571,15.666666666666666,1000,15.666666666666666,2.9249881291307074
95,3,0.736842105263158,0.0671892497200448,0.08608917398391078,2.656662933930571,12.666666666666666,1000,12.666666666666666,2.70801280154532
95,4,0.6421052631578947,0.0671892497200448,0.08608917398391078,2.656662933930571,15.999999999999998,1000,15.999999999999998,3.018461712712472
