size,trial,rate,density,clustering,shortest_path,n_comp_nodes,steps,l1,l2
95,0,0.7263157894736842,0.07346024636058231,0.0745430008587903,2.5204927211646138,10.999999999999998,1000,10.999999999999998,2.3333333333333335
95,1,0.7263157894736842,0.07346024636058231,0.0745430008587903,2.5204927211646138,12.666666666666666,1000,12.666666666666666,2.6666666666666665
95,2,0.7578947368421053,0.07346024636058231,0.0745430008587903,2.5204927211646138,10.0,1000,10.0,2.260776661041756
95,3,0.6736842105263158,0.07346024636058231,0.0745430008587903,2.5204927211646138,12.666666666666666,1000,12.666666666666666,2.403700850309326
95,4,0.8105263157894737,0.07346024636058231,0.0745430008587903,2.5204927211646138,7.999999999999999,1000,7.999999999999999,2.054804667656325
