size,trial,rate,density,clustering,shortest_path,n_comp_nodes,steps,l1,l2
95,0,0.7263157894736842,0.07099664053751399,0.09125996466553739,2.6058230683090704,10.666666666666666,1000,10.666666666666666,2.2110831935702664
95,1,0.7684210526315789,0.07099664053751399,0.09125996466553739,2.6058230683090704,10.666666666666666,1000,10.666666666666666,2.403700850309326
95,2,0.7052631578947368,0.07099664053751399,0.09125996466553739,2.6058230683090704,12.0,1000,12.0,2.449489742783178
95,3,0.7052631578947368,0.07099664053751399,0.09125996466553739,2.6058230683090704,13.0,1000,13.0,2.6034165586355513
95,4,0.7473684210526316,0.07099664053751399,0.09125996466553739,2.6058230683090704,11.333333333333332,1000,11.333333333333332,2.494438257849294
