size,trial,rate,density,clustering,shortest_path,n_comp_nodes,steps,l1,l2
95,0,0.6421052631578947,0.07256438969764838,0.07279685227053642,2.564389697648376,13.666666666666668,1000,13.666666666666668,2.5166114784235827
95,1,0.7263157894736842,0.07256438969764838,0.07279685227053642,2.564389697648376,13.666666666666668,1000,13.666666666666668,2.9249881291307074
95,2,0.7684210526315789,0.07256438969764838,0.07279685227053642,2.564389697648376,10.666666666666666,1000,10.666666666666666,2.494438257849294
95,3,0.7684210526315789,0.07256438969764838,0.07279685227053642,2.564389697648376,9.999999999999998,1000,9.999999999999998,2.260776661041756
95,4,0.6842105263157895,0.07256438969764838,0.07279685227053642,2.564389697648376,12.999999999999998,1000,12.999999999999998,2.5166114784235836
