size,trial,rate,density,clustering,shortest_path,n_comp_nodes,steps,l1,l2
85,0,0.7647058823529411,0.07282913165266107,0.058671720436426295,2.6170868347338936,10.666666666666666,1000,10.666666666666666,2.6246692913372702
85,1,0.7176470588235294,0.07282913165266107,0.058671720436426295,2.6170868347338936,13.0,1000,13.0,2.848001248439177
85,2,0.7176470588235294,0.07282913165266107,0.058671720436426295,2.6170868347338936,11.666666666666664,1000,11.666666666666664,2.6457513110645907
85,3,0.7764705882352941,0.07282913165266107,0.058671720436426295,2.6170868347338936,12.0,1000,12.0,2.9814239699997196
85,4,0.7294117647058824,0.07282913165266107,0.058671720436426295,2.6170868347338936,14.666666666666666,1000,14.666666666666666,3.366501646120693
