size,trial,rate,density,clustering,shortest_path,n_comp_nodes,steps,l1,l2
85,0,0.6941176470588235,0.07450980392156863,0.06270650917709741,2.5913165266106444,13.0,1000,13.0,2.7688746209726913
85,1,0.7176470588235294,0.07450980392156863,0.06270650917709741,2.5913165266106444,11.666666666666668,1000,11.666666666666668,2.6034165586355513
85,2,0.7647058823529411,0.07450980392156863,0.06270650917709741,2.5913165266106444,11.0,1000,11.0,2.7688746209726918
85,3,0.788235294117647,0.07450980392156863,0.06270650917709741,2.5913165266106444,10.333333333333332,1000,10.333333333333332,2.6874192494328497
85,4,0.7176470588235294,0.07450980392156863,0.06270650917709741,2.5913165266106444,13.333333333333332,1000,13.333333333333332,3.055050463303893
