size,trial,rate,density,clustering,shortest_path,n_comp_nodes,steps,l1,l2
85,0,0.6705882352941177,0.0711484593837535,0.07867478926302454,2.645098039215686,13.999999999999998,1000,13.999999999999998,2.943920288775949
85,1,0.7411764705882353,0.0711484593837535,0.07867478926302454,2.645098039215686,11.333333333333332,1000,11.333333333333332,2.666666666666667
85,2,0.7176470588235294,0.0711484593837535,0.07867478926302454,2.645098039215686,12.333333333333332,1000,12.333333333333332,2.7688746209726913
85,3,0.7764705882352941,0.0711484593837535,0.07867478926302454,2.645098039215686,10.333333333333332,1000,10.333333333333332,2.560381915956203
85,4,0.6588235294117647,0.0711484593837535,0.07867478926302454,2.645098039215686,16.333333333333332,1000,16.333333333333332,3.3829638550307397
