size,trial,rate,density,clustering,shortest_path,n_comp_nodes,steps,l1,l2
85,0,0.7176470588235294,0.06610644257703081,0.0656548680078092,2.7641456582633053,11.666666666666666,1000,11.666666666666666,2.6457513110645907
85,1,0.7058823529411764,0.06610644257703081,0.0656548680078092,2.7641456582633053,15.0,1000,15.0,3.2489314482696545
85,2,0.7294117647058824,0.06610644257703081,0.0656548680078092,2.7641456582633053,12.666666666666666,1000,12.666666666666666,2.9059326290271152
85,3,0.6470588235294117,0.06610644257703081,0.0656548680078092,2.7641456582633053,15.333333333333332,1000,15.333333333333332,3.1269438398822866
85,4,0.7058823529411764,0.06610644257703081,0.0656548680078092,2.7641456582633053,15.666666666666664,1000,15.666666666666664,3.34995854037363
