size,trial,rate,density,clustering,shortest_path,n_comp_nodes,steps,l1,l2
85,0,0.7058823529411764,0.07198879551820728,0.057518886342415754,2.6294117647058823,14.333333333333332,1000,14.333333333333332,3.1797973380564852
85,1,0.6941176470588235,0.07198879551820728,0.057518886342415754,2.6294117647058823,13.0,1000,13.0,2.7688746209726913
85,2,0.6588235294117647,0.07198879551820728,0.057518886342415754,2.6294117647058823,14.333333333333332,1000,14.333333333333332,2.96273147243853
85,3,0.7411764705882353,0.07198879551820728,0.057518886342415754,2.6294117647058823,10.999999999999998,1000,10.999999999999998,2.6457513110645903
85,4,0.7529411764705882,0.07198879551820728,0.057518886342415754,2.6294117647058823,11.333333333333332,1000,11.333333333333332,2.748737083745107
