size,trial,rate,density,clustering,shortest_path,n_comp_nodes,steps,l1,l2
85,0,0.6823529411764706,0.06638655462184874,0.04714710126474833,2.7,14.333333333333332,1000,14.333333333333332,3.0
85,1,0.6588235294117647,0.06638655462184874,0.04714710126474833,2.7,16.333333333333332,1000,16.333333333333332,3.34995854037363
85,2,0.6941176470588235,0.06638655462184874,0.04714710126474833,2.7,12.333333333333332,1000,12.333333333333332,2.6034165586355513
85,3,0.6705882352941177,0.06638655462184874,0.04714710126474833,2.7,16.999999999999996,1000,16.999999999999996,3.48010216963685
85,4,0.6823529411764706,0.06638655462184874,0.04714710126474833,2.7,13.666666666666666,1000,13.666666666666666,2.8867513459481287
