size,trial,rate,density,clustering,shortest_path,n_comp_nodes,steps,l1,l2
85,0,0.788235294117647,0.07198879551820728,0.08260354025059904,2.6523809523809523,11.666666666666666,1000,11.666666666666666,3.0368111930480994
85,1,0.6588235294117647,0.07198879551820728,0.08260354025059904,2.6523809523809523,14.333333333333332,1000,14.333333333333332,2.9249881291307074
85,2,0.7294117647058824,0.07198879551820728,0.08260354025059904,2.6523809523809523,13.0,1000,13.0,2.8867513459481287
85,3,0.6470588235294117,0.07198879551820728,0.08260354025059904,2.6523809523809523,16.666666666666668,1000,16.666666666666668,3.3993463423951895
85,4,0.7294117647058824,0.07198879551820728,0.08260354025059904,2.6523809523809523,10.666666666666666,1000,10.666666666666666,2.403700850309326
