size,trial,rate,density,clustering,shortest_path,n_comp_nodes,steps,l1,l2
85,0,0.6823529411764706,0.06638655462184874,0.0877879636703166,2.724089635854342,12.666666666666666,1000,12.666666666666666,2.7080128015453204
85,1,0.6941176470588235,0.06638655462184874,0.0877879636703166,2.724089635854342,16.666666666666664,1000,16.666666666666664,3.559026084010437
85,2,0.6823529411764706,0.06638655462184874,0.0877879636703166,2.724089635854342,15.666666666666668,1000,15.666666666666668,3.34995854037363
85,3,0.7058823529411764,0.06638655462184874,0.0877879636703166,2.724089635854342,13.666666666666664,1000,13.666666666666664,2.96273147243853
85,4,0.7176470588235294,0.06638655462184874,0.0877879636703166,2.724089635854342,11.333333333333334,1000,11.333333333333334,2.5385910352879693
