size,trial,rate,density,clustering,shortest_path,n_comp_nodes,steps,l1,l2
155,0,0.8580645161290322,0.06250523669878509,0.05902480593632089,2.455048177628823,9.666666666666666,1000,9.666666666666666,2.185812841434
155,1,0.832258064516129,0.06250523669878509,0.05902480593632089,2.455048177628823,16.333333333333332,1000,16.333333333333332,3.48010216963685
155,2,0.8774193548387097,0.06250523669878509,0.05902480593632089,2.455048177628823,9.0,1000,9.0,2.3333333333333335
155,3,0.8580645161290322,0.06250523669878509,0.05902480593632089,2.455048177628823,14.0,1000,14.0,3.265986323710904
155,4,0.8516129032258064,0.06250523669878509,0.05902480593632089,2.455048177628823,13.333333333333332,1000,13.333333333333332,3.091206165165235
