size,trial,rate,density,clustering,shortest_path,n_comp_nodes,steps,l1,l2
155,0,0.8451612903225807,0.06217008797653959,0.06887491598916741,2.479011311269376,12.666666666666666,1000,12.666666666666666,2.82842712474619
155,1,0.7935483870967742,0.06217008797653959,0.06887491598916741,2.479011311269376,15.999999999999998,1000,15.999999999999998,3.0912061651652345
155,2,0.8580645161290322,0.06217008797653959,0.06887491598916741,2.479011311269376,11.0,1000,11.0,2.560381915956203
155,3,0.8516129032258064,0.06217008797653959,0.06887491598916741,2.479011311269376,13.0,1000,13.0,3.0
155,4,0.8387096774193549,0.06217008797653959,0.06887491598916741,2.479011311269376,13.0,1000,13.0,2.8867513459481287
