size,trial,rate,density,clustering,shortest_path,n_comp_nodes,steps,l1,l2
155,0,0.832258064516129,0.057561793045664014,0.05034249431782638,2.5284457478005864,15.666666666666666,1000,15.666666666666666,3.3829638550307397
155,1,0.832258064516129,0.057561793045664014,0.05034249431782638,2.5284457478005864,14.666666666666664,1000,14.666666666666664,3.2317865716108862
155,2,0.8580645161290322,0.057561793045664014,0.05034249431782638,2.5284457478005864,11.0,1000,11.0,2.560381915956203
155,3,0.7548387096774194,0.057561793045664014,0.05034249431782638,2.5284457478005864,20.666666666666664,1000,20.666666666666664,3.7712361663282534
155,4,0.7870967741935484,0.057561793045664014,0.05034249431782638,2.5284457478005864,19.333333333333332,1000,19.333333333333332,3.681787005729087
