size,trial,rate,density,clustering,shortest_path,n_comp_nodes,steps,l1,l2
155,0,0.8516129032258064,0.05948889819857562,0.05142080142080136,2.508169250104734,12.666666666666666,1000,12.666666666666666,2.9059326290271157
155,1,0.8838709677419355,0.05948889819857562,0.05142080142080136,2.508169250104734,8.666666666666666,1000,8.666666666666666,2.2110831935702664
155,2,0.8258064516129032,0.05948889819857562,0.05142080142080136,2.508169250104734,13.666666666666666,1000,13.666666666666666,2.96273147243853
155,3,0.8387096774193549,0.05948889819857562,0.05142080142080136,2.508169250104734,11.333333333333334,1000,11.333333333333334,2.494438257849294
155,4,0.8516129032258064,0.05948889819857562,0.05142080142080136,2.508169250104734,12.333333333333332,1000,12.333333333333332,2.7688746209726913
