size,trial,rate,density,clustering,shortest_path,n_comp_nodes,steps,l1,l2
155,0,0.832258064516129,0.06535400083787181,0.0737962690903867,2.4299120234604104,16.666666666666668,1000,16.666666666666668,3.5901098714230026
155,1,0.8838709677419355,0.06535400083787181,0.0737962690903867,2.4299120234604104,9.666666666666666,1000,9.666666666666666,2.4720661623652207
155,2,0.8258064516129032,0.06535400083787181,0.0737962690903867,2.4299120234604104,15.333333333333332,1000,15.333333333333332,3.2998316455372216
155,3,0.8516129032258064,0.06535400083787181,0.0737962690903867,2.4299120234604104,13.333333333333332,1000,13.333333333333332,3.1269438398822866
155,4,0.8387096774193549,0.06535400083787181,0.0737962690903867,2.4299120234604104,15.333333333333332,1000,15.333333333333332,3.39934634239519
