size,trial,rate,density,clustering,shortest_path,n_comp_nodes,steps,l1,l2
155,0,0.8580645161290322,0.06124842899036447,0.05675099831646314,2.4767490573942186,12.999999999999998,1000,12.999999999999998,3.0
155,1,0.8451612903225807,0.06124842899036447,0.05675099831646314,2.4767490573942186,12.666666666666666,1000,12.666666666666666,2.8674417556808756
155,2,0.8451612903225807,0.06124842899036447,0.05675099831646314,2.4767490573942186,13.999999999999998,1000,13.999999999999998,3.1622776601683795
155,3,0.8451612903225807,0.06124842899036447,0.05675099831646314,2.4767490573942186,13.0,1000,13.0,2.96273147243853
155,4,0.8387096774193549,0.06124842899036447,0.05675099831646314,2.4767490573942186,12.999999999999998,1000,12.999999999999998,2.8867513459481287
