size,trial,rate,density,clustering,shortest_path,n_comp_nodes,steps,l1,l2
155,0,0.8516129032258064,0.0614997905320486,0.0604307467779953,2.4723921240050273,12.333333333333332,1000,12.333333333333332,2.8867513459481287
155,1,0.8580645161290322,0.0614997905320486,0.0604307467779953,2.4723921240050273,13.333333333333332,1000,13.333333333333332,3.0912061651652345
155,2,0.864516129032258,0.0614997905320486,0.0604307467779953,2.4723921240050273,13.0,1000,13.0,3.073181485764296
155,3,0.8451612903225807,0.0614997905320486,0.0604307467779953,2.4723921240050273,14.666666666666668,1000,14.666666666666668,3.2998316455372216
155,4,0.8451612903225807,0.0614997905320486,0.0604307467779953,2.4723921240050273,14.0,1000,14.0,3.197221015541813
