size,trial,rate,density,clustering,shortest_path,n_comp_nodes,steps,l1,l2
155,0,0.8258064516129032,0.06258902387934646,0.04960655077802783,2.4671135316296606,13.0,1000,13.0,2.7688746209726913
155,1,0.8387096774193549,0.06258902387934646,0.04960655077802783,2.4671135316296606,16.0,1000,16.0,3.4641016151377544
155,2,0.8580645161290322,0.06258902387934646,0.04960655077802783,2.4671135316296606,12.0,1000,12.0,2.788866755113585
155,3,0.9096774193548387,0.06258902387934646,0.04960655077802783,2.4671135316296606,8.0,1000,8.0,2.4037008503093262
155,4,0.864516129032258,0.06258902387934646,0.04960655077802783,2.4671135316296606,13.0,1000,13.0,3.0731814857642954
