size,trial,rate,density,clustering,shortest_path,n_comp_nodes,steps,l1,l2
155,0,0.8387096774193549,0.06267281105990784,0.06356118281665066,2.4648512777545037,14.0,1000,14.0,3.0912061651652345
155,1,0.8387096774193549,0.06267281105990784,0.06356118281665066,2.4648512777545037,13.666666666666666,1000,13.666666666666666,3.073181485764296
155,2,0.8580645161290322,0.06267281105990784,0.06356118281665066,2.4648512777545037,14.333333333333332,1000,14.333333333333332,3.34995854037363
155,3,0.8580645161290322,0.06267281105990784,0.06356118281665066,2.4648512777545037,11.666666666666664,1000,11.666666666666664,2.728450923957483
155,4,0.8580645161290322,0.06267281105990784,0.06356118281665066,2.4648512777545037,12.333333333333332,1000,12.333333333333332,2.8087165910587863
