size,trial,rate,density,clustering,shortest_path,n_comp_nodes,steps,l1,l2
155,0,0.8516129032258064,0.0611646418098031,0.04992391187936974,2.482195224130708,13.0,1000,13.0,3.0
155,1,0.8516129032258064,0.0611646418098031,0.04992391187936974,2.482195224130708,12.333333333333332,1000,12.333333333333332,2.848001248439177
155,2,0.8258064516129032,0.0611646418098031,0.04992391187936974,2.482195224130708,17.333333333333332,1000,17.333333333333332,3.620926830400072
155,3,0.8193548387096774,0.0611646418098031,0.04992391187936974,2.482195224130708,16.0,1000,16.0,3.3333333333333335
155,4,0.8516129032258064,0.0611646418098031,0.04992391187936974,2.482195224130708,14.0,1000,14.0,3.2317865716108862
