size,trial,rate,density,clustering,shortest_path,n_comp_nodes,steps,l1,l2
175,0,0.8685714285714285,0.06154351395730706,0.06153618817174761,2.428834154351396,11.333333333333332,1000,11.333333333333332,2.6246692913372702
175,1,0.92,0.06154351395730706,0.06153618817174761,2.428834154351396,8.666666666666666,1000,8.666666666666666,2.494438257849294
175,2,0.8971428571428571,0.06154351395730706,0.06153618817174761,2.428834154351396,11.0,1000,11.0,2.808716591058786
175,3,0.9142857142857143,0.06154351395730706,0.06153618817174761,2.428834154351396,8.0,1000,8.0,2.309401076758503
175,4,0.8914285714285715,0.06154351395730706,0.06153618817174761,2.428834154351396,11.999999999999998,1000,11.999999999999998,2.9814239699997196
