size,trial,rate,density,clustering,shortest_path,n_comp_nodes,steps,l1,l2
175,0,0.8342857142857143,0.05931034482758621,0.052852809287130306,2.460361247947455,14.333333333333332,1000,14.333333333333332,2.924988129130707
175,1,0.9028571428571428,0.05931034482758621,0.052852809287130306,2.460361247947455,8.666666666666666,1000,8.666666666666666,2.309401076758503
175,2,0.8685714285714285,0.05931034482758621,0.052852809287130306,2.460361247947455,11.666666666666664,1000,11.666666666666664,2.728450923957483
175,3,0.88,0.05931034482758621,0.052852809287130306,2.460361247947455,10.0,1000,10.0,2.403700850309326
175,4,0.8914285714285715,0.05931034482758621,0.052852809287130306,2.460361247947455,9.333333333333332,1000,9.333333333333332,2.4037008503093262
