size,trial,rate,density,clustering,shortest_path,n_comp_nodes,steps,l1,l2
175,0,0.8971428571428571,0.05924466338259442,0.05967252296575605,2.460623973727422,10.0,1000,10.0,2.6246692913372702
175,1,0.84,0.05924466338259442,0.05967252296575605,2.460623973727422,14.666666666666664,1000,14.666666666666664,3.126943839882286
175,2,0.88,0.05924466338259442,0.05967252296575605,2.460623973727422,13.0,1000,13.0,3.1091263510296048
175,3,0.88,0.05924466338259442,0.05967252296575605,2.460623973727422,12.333333333333332,1000,12.333333333333332,2.8867513459481287
175,4,0.8628571428571429,0.05924466338259442,0.05967252296575605,2.460623973727422,12.666666666666664,1000,12.666666666666664,2.8674417556808756
