size,trial,rate,density,clustering,shortest_path,n_comp_nodes,steps,l1,l2
175,0,0.84,0.05812807881773399,0.061429997640081634,2.4785550082101806,14.666666666666664,1000,14.666666666666664,3.018461712712472
175,1,0.8742857142857143,0.05812807881773399,0.061429997640081634,2.4785550082101806,11.666666666666666,1000,11.666666666666666,2.7688746209726918
175,2,0.8285714285714285,0.05812807881773399,0.061429997640081634,2.4785550082101806,16.333333333333332,1000,16.333333333333332,3.3166247903554
175,3,0.8742857142857143,0.05812807881773399,0.061429997640081634,2.4785550082101806,11.333333333333332,1000,11.333333333333332,2.7080128015453204
175,4,0.8914285714285715,0.05812807881773399,0.061429997640081634,2.4785550082101806,9.666666666666666,1000,9.666666666666666,2.4267032964268394
