size,trial,rate,density,clustering,shortest_path,n_comp_nodes,steps,l1,l2
175,0,0.92,0.06206896551724138,0.06683946713270017,2.4282430213464696,7.0,1000,7.0,2.081665999466133
175,1,0.8971428571428571,0.06206896551724138,0.06683946713270017,2.4282430213464696,9.333333333333332,1000,9.333333333333332,2.449489742783178
175,2,0.92,0.06206896551724138,0.06683946713270017,2.4282430213464696,7.0,1000,7.0,1.9720265943665387
175,3,0.8914285714285715,0.06206896551724138,0.06683946713270017,2.4282430213464696,10.666666666666666,1000,10.666666666666666,2.7080128015453204
175,4,0.8742857142857143,0.06206896551724138,0.06683946713270017,2.4282430213464696,12.0,1000,12.0,2.9059326290271157
