size,trial,rate,density,clustering,shortest_path,n_comp_nodes,steps,l1,l2
175,0,0.88,0.059835796387520526,0.059890539800756495,2.4522824302134647,11.333333333333332,1000,11.333333333333332,2.788866755113585
175,1,0.9142857142857143,0.059835796387520526,0.059890539800756495,2.4522824302134647,8.0,1000,8.0,2.260776661041756
175,2,0.9257142857142857,0.059835796387520526,0.059890539800756495,2.4522824302134647,7.333333333333333,1000,7.333333333333333,2.211083193570267
175,3,0.8685714285714285,0.059835796387520526,0.059890539800756495,2.4522824302134647,13.0,1000,13.0,2.9249881291307074
175,4,0.88,0.059835796387520526,0.059890539800756495,2.4522824302134647,11.666666666666664,1000,11.666666666666664,2.886751345948129
