size,trial,rate,density,clustering,shortest_path,n_comp_nodes,steps,l1,l2
175,0,0.88,0.05937602627257799,0.06344194681921346,2.460361247947455,10.0,1000,10.0,2.403700850309326
175,1,0.8742857142857143,0.05937602627257799,0.06344194681921346,2.460361247947455,11.333333333333332,1000,11.333333333333332,2.6246692913372702
175,2,0.8685714285714285,0.05937602627257799,0.06344194681921346,2.460361247947455,10.333333333333332,1000,10.333333333333332,2.380476142847616
175,3,0.9142857142857143,0.05937602627257799,0.06344194681921346,2.460361247947455,9.0,1000,9.0,2.4720661623652207
175,4,0.8342857142857143,0.05937602627257799,0.06344194681921346,2.460361247947455,14.666666666666664,1000,14.666666666666664,2.981423969999719
