size,trial,rate,density,clustering,shortest_path,n_comp_nodes,steps,l1,l2
175,0,0.8742857142857143,0.06029556650246305,0.06318116337444067,2.4438095238095237,11.666666666666668,1000,11.666666666666668,2.6874192494328497
175,1,0.8514285714285714,0.06029556650246305,0.06318116337444067,2.4438095238095237,12.0,1000,12.0,2.6246692913372702
175,2,0.8628571428571429,0.06029556650246305,0.06318116337444067,2.4438095238095237,11.666666666666664,1000,11.666666666666664,2.516611478423583
175,3,0.8857142857142857,0.06029556650246305,0.06318116337444067,2.4438095238095237,9.0,1000,9.0,2.185812841434
175,4,0.84,0.06029556650246305,0.06318116337444067,2.4438095238095237,14.333333333333332,1000,14.333333333333332,2.9627314724385294
