size,trial,rate,density,clustering,shortest_path,n_comp_nodes,steps,l1,l2
175,0,0.8971428571428571,0.0619376026272578,0.061885243166092306,2.4229885057471265,10.0,1000,10.0,2.6246692913372702
175,1,0.8628571428571429,0.0619376026272578,0.061885243166092306,2.4229885057471265,12.333333333333332,1000,12.333333333333332,2.808716591058786
175,2,0.8628571428571429,0.0619376026272578,0.061885243166092306,2.4229885057471265,11.666666666666664,1000,11.666666666666664,2.6874192494328497
175,3,0.8571428571428572,0.0619376026272578,0.061885243166092306,2.4229885057471265,15.333333333333332,1000,15.333333333333332,3.3333333333333335
175,4,0.9371428571428572,0.0619376026272578,0.061885243166092306,2.4229885057471265,4.666666666666666,1000,4.666666666666666,1.4907119849998598
