size,trial,rate,density,clustering,shortest_path,n_comp_nodes,steps,l1,l2
115,0,0.8608695652173913,0.07154843630816171,0.07441671428883703,2.491228070175439,9.333333333333332,1000,9.333333333333332,2.581988897471611
115,1,0.7913043478260869,0.07154843630816171,0.07441671428883703,2.491228070175439,12.0,1000,12.0,2.748737083745107
115,2,0.7739130434782608,0.07154843630816171,0.07441671428883703,2.491228070175439,13.0,1000,13.0,2.848001248439177
115,3,0.8434782608695652,0.07154843630816171,0.07441671428883703,2.491228070175439,9.0,1000,9.0,2.3333333333333335
115,4,0.817391304347826,0.07154843630816171,0.07441671428883703,2.491228070175439,12.0,1000,12.0,2.788866755113585
