size,trial,rate,density,clustering,shortest_path,n_comp_nodes,steps,l1,l2
115,0,0.8260869565217391,0.07109077040427154,0.07475442431964167,2.479938977879481,9.666666666666666,1000,9.666666666666666,2.3804761428476167
115,1,0.8260869565217391,0.07109077040427154,0.07475442431964167,2.479938977879481,10.0,1000,10.0,2.449489742783178
115,2,0.8521739130434782,0.07109077040427154,0.07475442431964167,2.479938977879481,7.666666666666666,1000,7.666666666666666,2.0816659994661326
115,3,0.817391304347826,0.07109077040427154,0.07475442431964167,2.479938977879481,10.0,1000,10.0,2.4037008503093262
115,4,0.7652173913043478,0.07109077040427154,0.07475442431964167,2.479938977879481,15.666666666666664,1000,15.666666666666664,3.34995854037363
