size,trial,rate,density,clustering,shortest_path,n_comp_nodes,steps,l1,l2
115,0,0.8434782608695652,0.06819221967963386,0.061122645470471526,2.5180778032036613,12.0,1000,12.0,3.0550504633038935
115,1,0.8347826086956522,0.06819221967963386,0.061122645470471526,2.5180778032036613,9.666666666666666,1000,9.666666666666666,2.472066162365221
115,2,0.8260869565217391,0.06819221967963386,0.061122645470471526,2.5180778032036613,12.0,1000,12.0,2.9814239699997196
115,3,0.808695652173913,0.06819221967963386,0.061122645470471526,2.5180778032036613,12.999999999999998,1000,12.999999999999998,3.0368111930481
115,4,0.817391304347826,0.06819221967963386,0.061122645470471526,2.5180778032036613,12.333333333333332,1000,12.333333333333332,2.9627314724385294
