size,trial,rate,density,clustering,shortest_path,n_comp_nodes,steps,l1,l2
115,0,0.8347826086956522,0.06666666666666667,0.07498844151018061,2.531197559115179,10.999999999999998,1000,10.999999999999998,2.7284509239574835
115,1,0.8,0.06666666666666667,0.07498844151018061,2.531197559115179,13.333333333333332,1000,13.333333333333332,3.091206165165235
115,2,0.7913043478260869,0.06666666666666667,0.07498844151018061,2.531197559115179,14.333333333333332,1000,14.333333333333332,3.2829526005987013
115,3,0.7652173913043478,0.06666666666666667,0.07498844151018061,2.531197559115179,15.0,1000,15.0,3.1797973380564852
115,4,0.8434782608695652,0.06666666666666667,0.07498844151018061,2.531197559115179,10.333333333333332,1000,10.333333333333332,2.6457513110645907
