size,trial,rate,density,clustering,shortest_path,n_comp_nodes,steps,l1,l2
115,0,0.7652173913043478,0.06422578184591915,0.07218052478922038,2.579252479023646,15.333333333333332,1000,15.333333333333332,3.265986323710904
115,1,0.7478260869565218,0.06422578184591915,0.07218052478922038,2.579252479023646,15.0,1000,15.0,3.0731814857642954
115,2,0.808695652173913,0.06422578184591915,0.07218052478922038,2.579252479023646,12.0,1000,12.0,2.8284271247461903
115,3,0.808695652173913,0.06422578184591915,0.07218052478922038,2.579252479023646,14.666666666666664,1000,14.666666666666664,3.4318767136623336
115,4,0.8521739130434782,0.06422578184591915,0.07218052478922038,2.579252479023646,9.666666666666668,1000,9.666666666666668,2.6034165586355513
