size,trial,rate,density,clustering,shortest_path,n_comp_nodes,steps,l1,l2
115,0,0.7565217391304347,0.06376811594202898,0.06536960623917144,2.576048817696415,14.333333333333332,1000,14.333333333333332,3.0
115,1,0.7043478260869565,0.06376811594202898,0.06536960623917144,2.576048817696415,17.999999999999996,1000,17.999999999999996,3.4641016151377544
115,2,0.7652173913043478,0.06376811594202898,0.06536960623917144,2.576048817696415,14.666666666666666,1000,14.666666666666666,3.055050463303893
115,3,0.7391304347826086,0.06376811594202898,0.06536960623917144,2.576048817696415,18.333333333333332,1000,18.333333333333332,3.6968455021364726
115,4,0.7913043478260869,0.06376811594202898,0.06536960623917144,2.576048817696415,11.333333333333332,1000,11.333333333333332,2.5385910352879693
