size,trial,rate,density,clustering,shortest_path,n_comp_nodes,steps,l1,l2
115,0,0.817391304347826,0.06697177726926011,0.05620471316123484,2.533638443935927,11.333333333333332,1000,11.333333333333332,2.70801280154532
115,1,0.7913043478260869,0.06697177726926011,0.05620471316123484,2.533638443935927,12.666666666666666,1000,12.666666666666666,2.9059326290271157
115,2,0.8,0.06697177726926011,0.05620471316123484,2.533638443935927,13.666666666666666,1000,13.666666666666666,3.073181485764296
115,3,0.817391304347826,0.06697177726926011,0.05620471316123484,2.533638443935927,13.0,1000,13.0,3.1446603773522015
115,4,0.782608695652174,0.06697177726926011,0.05620471316123484,2.533638443935927,13.0,1000,13.0,2.848001248439177
