size,trial,rate,density,clustering,shortest_path,n_comp_nodes,steps,l1,l2
115,0,0.7739130434782608,0.06971777269260107,0.06515971382979051,2.486651411136537,11.666666666666666,1000,11.666666666666666,2.516611478423583
115,1,0.8,0.06971777269260107,0.06515971382979051,2.486651411136537,10.333333333333332,1000,10.333333333333332,2.3333333333333335
115,2,0.7913043478260869,0.06971777269260107,0.06515971382979051,2.486651411136537,15.333333333333332,1000,15.333333333333332,3.4318767136623336
115,3,0.8521739130434782,0.06971777269260107,0.06515971382979051,2.486651411136537,8.666666666666666,1000,8.666666666666666,2.260776661041756
115,4,0.817391304347826,0.06971777269260107,0.06515971382979051,2.486651411136537,12.666666666666664,1000,12.666666666666664,3.091206165165235
