size,trial,rate,density,clustering,shortest_path,n_comp_nodes,steps,l1,l2
115,0,0.7652173913043478,0.06407322654462243,0.0647810643462817,2.5804729214340196,14.999999999999998,1000,14.999999999999998,3.248931448269655
115,1,0.7739130434782608,0.06407322654462243,0.0647810643462817,2.5804729214340196,16.0,1000,16.0,3.39934634239519
115,2,0.7652173913043478,0.06407322654462243,0.0647810643462817,2.5804729214340196,14.0,1000,14.0,2.9814239699997196
115,3,0.7304347826086957,0.06407322654462243,0.0647810643462817,2.5804729214340196,17.666666666666664,1000,17.666666666666664,3.511884584284246
115,4,0.7913043478260869,0.06407322654462243,0.0647810643462817,2.5804729214340196,10.666666666666664,1000,10.666666666666664,2.4037008503093262
