size,trial,rate,density,clustering,shortest_path,n_comp_nodes,steps,l1,l2
15,0,0.4,0.18095238095238095,0.23333333333333336,2.380952380952381,5.666666666666666,1000,5.666666666666666,1.9720265943665385
15,1,0.4666666666666667,0.18095238095238095,0.23333333333333336,2.380952380952381,4.666666666666666,1000,4.666666666666666,1.7638342073763935
15,2,0.5333333333333333,0.18095238095238095,0.23333333333333336,2.380952380952381,5.666666666666667,1000,5.666666666666667,2.185812841434
15,3,0.4666666666666667,0.18095238095238095,0.23333333333333336,2.380952380952381,4.666666666666666,1000,4.666666666666666,1.7638342073763935
15,4,0.4666666666666667,0.18095238095238095,0.23333333333333336,2.380952380952381,5.666666666666667,1000,5.666666666666667,2.0816659994661326
