size,trial,rate,density,clustering,shortest_path,n_comp_nodes,steps,l1,l2
15,0,0.4666666666666667,0.18095238095238095,0.03777777777777778,2.5714285714285716,4.333333333333333,1000,4.333333333333333,1.5986105077709063
15,1,0.19999999999999996,0.18095238095238095,0.03777777777777778,2.5714285714285716,6.333333333333333,1000,6.333333333333333,1.9720265943665385
15,2,0.2666666666666667,0.18095238095238095,0.03777777777777778,2.5714285714285716,6.333333333333333,1000,6.333333333333333,2.0275875100994063
15,3,0.6666666666666667,0.18095238095238095,0.03777777777777778,2.5714285714285716,3.6666666666666665,1000,3.6666666666666665,1.7320508075688772
15,4,0.4,0.18095238095238095,0.03777777777777778,2.5714285714285716,4.666666666666666,1000,4.666666666666666,1.6329931618554518
