size,trial,rate,density,clustering,shortest_path,n_comp_nodes,steps,l1,l2
15,0,0.4666666666666667,0.21904761904761905,0.2568253968253968,2.4761904761904763,4.333333333333333,1000,4.333333333333333,1.5986105077709063
15,1,0.5333333333333333,0.21904761904761905,0.2568253968253968,2.4761904761904763,5.0,1000,5.0,1.9720265943665385
15,2,0.33333333333333337,0.21904761904761905,0.2568253968253968,2.4761904761904763,5.666666666666666,1000,5.666666666666666,1.8559214542766738
15,3,0.5333333333333333,0.21904761904761905,0.2568253968253968,2.4761904761904763,3.6666666666666665,1000,3.6666666666666665,1.4529663145135576
15,4,0.4,0.21904761904761905,0.2568253968253968,2.4761904761904763,5.666666666666666,1000,5.666666666666666,2.0816659994661326
