size,trial,rate,density,clustering,shortest_path,n_comp_nodes,steps,l1,l2
15,0,0.4,0.18095238095238095,0.0,2.533333333333333,5.333333333333333,1000,5.333333333333333,1.9436506316151
15,1,0.4666666666666667,0.18095238095238095,0.0,2.533333333333333,6.333333333333334,1000,6.333333333333334,2.333333333333333
15,2,0.4666666666666667,0.18095238095238095,0.0,2.533333333333333,5.666666666666666,1000,5.666666666666666,2.1343747458109497
15,3,0.33333333333333337,0.18095238095238095,0.0,2.533333333333333,6.0,1000,6.0,1.9999999999999998
15,4,0.19999999999999996,0.18095238095238095,0.0,2.533333333333333,7.0,1000,7.0,2.134374745810949
