size,trial,rate,density,clustering,shortest_path,n_comp_nodes,steps,l1,l2
15,0,0.19999999999999996,0.1619047619047619,0.09126984126984126,2.4761904761904763,6.666666666666666,1000,6.666666666666666,2.054804667656325
15,1,0.2666666666666667,0.1619047619047619,0.09126984126984126,2.4761904761904763,6.666666666666667,1000,6.666666666666667,2.1081851067789192
15,2,0.2666666666666667,0.1619047619047619,0.09126984126984126,2.4761904761904763,7.0,1000,7.0,2.285218200133681
15,3,0.33333333333333337,0.1619047619047619,0.09126984126984126,2.4761904761904763,4.666666666666667,1000,4.666666666666667,1.563471919941143
15,4,0.4,0.1619047619047619,0.09126984126984126,2.4761904761904763,5.333333333333333,1000,5.333333333333333,1.8257418583505536
