size,trial,rate,density,clustering,shortest_path,n_comp_nodes,steps,l1,l2
15,0,0.33333333333333337,0.17142857142857143,0.0,2.5238095238095237,5.666666666666666,1000,5.666666666666666,1.914854215512676
15,1,0.4,0.17142857142857143,0.0,2.5238095238095237,4.666666666666667,1000,4.666666666666667,1.632993161855452
15,2,0.4666666666666667,0.17142857142857143,0.0,2.5238095238095237,5.333333333333333,1000,5.333333333333333,1.9999999999999998
15,3,0.4,0.17142857142857143,0.0,2.5238095238095237,5.666666666666666,1000,5.666666666666666,2.0275875100994063
15,4,0.33333333333333337,0.17142857142857143,0.0,2.5238095238095237,6.0,1000,6.0,1.9436506316150999
