size,trial,rate,density,clustering,shortest_path,n_comp_nodes,steps,l1,l2
15,0,0.4666666666666667,0.18095238095238095,0.1511111111111111,2.6285714285714286,5.0,1000,5.0,1.914854215512676
15,1,0.33333333333333337,0.18095238095238095,0.1511111111111111,2.6285714285714286,5.666666666666666,1000,5.666666666666666,1.8559214542766738
15,2,0.2666666666666667,0.18095238095238095,0.1511111111111111,2.6285714285714286,6.999999999999999,1000,6.999999999999999,2.285218200133681
15,3,0.4666666666666667,0.18095238095238095,0.1511111111111111,2.6285714285714286,5.0,1000,5.0,1.914854215512676
15,4,0.4666666666666667,0.18095238095238095,0.1511111111111111,2.6285714285714286,5.666666666666667,1000,5.666666666666667,2.0816659994661326
