size,trial,rate,density,clustering,shortest_path,n_comp_nodes,steps,l1,l2
15,0,0.19999999999999996,0.18095238095238095,0.12412698412698413,2.638095238095238,6.333333333333334,1000,6.333333333333334,2.0275875100994063
15,1,0.2666666666666667,0.18095238095238095,0.12412698412698413,2.638095238095238,6.666666666666667,1000,6.666666666666667,2.1602468994692865
15,2,0.2666666666666667,0.18095238095238095,0.12412698412698413,2.638095238095238,8.666666666666666,1000,8.666666666666666,2.7080128015453204
15,3,0.19999999999999996,0.18095238095238095,0.12412698412698413,2.638095238095238,6.0,1000,6.0,1.8257418583505536
15,4,0.2666666666666667,0.18095238095238095,0.12412698412698413,2.638095238095238,6.333333333333332,1000,6.333333333333332,2.0816659994661326
