size,trial,rate,density,clustering,shortest_path,n_comp_nodes,steps,l1,l2
115,0,0.6782608695652175,0.06971777269260107,0.06515971382979051,2.486651411136537,15.666666666666666,1000,15.666666666666666,2.728450923957483
115,1,0.7391304347826086,0.06971777269260107,0.06515971382979051,2.486651411136537,11.0,1000,11.0,2.0816659994661326
115,2,0.7913043478260869,0.06971777269260107,0.06515971382979051,2.486651411136537,10.666666666666666,1000,10.666666666666666,2.3570226039551585
115,3,0.7304347826086957,0.06971777269260107,0.06515971382979051,2.486651411136537,11.333333333333332,1000,11.333333333333332,2.1081851067789197
115,4,0.8434782608695652,0.06971777269260107,0.06515971382979051,2.486651411136537,7.0,1000,7.0,1.7320508075688772
