size,trial,rate,density,clustering,shortest_path,n_comp_nodes,steps,l1,l2
115,0,0.7478260869565218,0.06864988558352403,0.06508378663110116,2.5257055682684975,11.666666666666666,1000,11.666666666666666,2.2852182001336816
115,1,0.782608695652174,0.06864988558352403,0.06508378663110116,2.5257055682684975,10.333333333333334,1000,10.333333333333334,2.2360679774997894
115,2,0.782608695652174,0.06864988558352403,0.06508378663110116,2.5257055682684975,10.666666666666666,1000,10.666666666666666,2.260776661041756
115,3,0.6869565217391305,0.06864988558352403,0.06508378663110116,2.5257055682684975,17.0,1000,17.0,3.0731814857642954
115,4,0.6869565217391305,0.06864988558352403,0.06508378663110116,2.5257055682684975,14.333333333333332,1000,14.333333333333332,2.560381915956203
