size,trial,rate,density,clustering,shortest_path,n_comp_nodes,steps,l1,l2
115,0,0.6869565217391305,0.07154843630816171,0.07441671428883703,2.491228070175439,16.666666666666664,1000,16.666666666666664,3.055050463303893
115,1,0.8,0.07154843630816171,0.07441671428883703,2.491228070175439,11.0,1000,11.0,2.516611478423583
115,2,0.7739130434782608,0.07154843630816171,0.07441671428883703,2.491228070175439,11.666666666666664,1000,11.666666666666664,2.4267032964268394
115,3,0.8782608695652174,0.07154843630816171,0.07441671428883703,2.491228070175439,6.666666666666666,1000,6.666666666666666,2.0
115,4,0.6956521739130435,0.07154843630816171,0.07441671428883703,2.491228070175439,14.0,1000,14.0,2.5385910352879693
