size,trial,rate,density,clustering,shortest_path,n_comp_nodes,steps,l1,l2
115,0,0.7739130434782608,0.06819221967963386,0.061122645470471526,2.5180778032036613,9.666666666666666,1000,9.666666666666666,1.9720265943665385
115,1,0.782608695652174,0.06819221967963386,0.061122645470471526,2.5180778032036613,9.333333333333334,1000,9.333333333333334,1.9436506316151
115,2,0.8,0.06819221967963386,0.061122645470471526,2.5180778032036613,8.666666666666666,1000,8.666666666666666,1.8856180831641267
115,3,0.808695652173913,0.06819221967963386,0.061122645470471526,2.5180778032036613,10.333333333333334,1000,10.333333333333334,2.4267032964268394
115,4,0.7565217391304347,0.06819221967963386,0.061122645470471526,2.5180778032036613,11.333333333333332,1000,11.333333333333332,2.309401076758503
