size,trial,rate,density,clustering,shortest_path,n_comp_nodes,steps,l1,l2
115,0,0.7739130434782608,0.06422578184591915,0.07218052478922038,2.579252479023646,13.0,1000,13.0,2.7688746209726918
115,1,0.7913043478260869,0.06422578184591915,0.07218052478922038,2.579252479023646,11.0,1000,11.0,2.3804761428476167
115,2,0.7217391304347827,0.06422578184591915,0.07218052478922038,2.579252479023646,14.0,1000,14.0,2.6246692913372702
115,3,0.7391304347826086,0.06422578184591915,0.07218052478922038,2.579252479023646,12.333333333333332,1000,12.333333333333332,2.3804761428476167
115,4,0.7130434782608696,0.06422578184591915,0.07218052478922038,2.579252479023646,13.333333333333332,1000,13.333333333333332,2.5385910352879693
