size,trial,rate,density,clustering,shortest_path,n_comp_nodes,steps,l1,l2
115,0,0.7217391304347827,0.06407322654462243,0.0647810643462817,2.5804729214340196,13.333333333333332,1000,13.333333333333332,2.5385910352879693
115,1,0.6956521739130435,0.06407322654462243,0.0647810643462817,2.5804729214340196,14.333333333333332,1000,14.333333333333332,2.6034165586355513
115,2,0.6956521739130435,0.06407322654462243,0.0647810643462817,2.5804729214340196,14.333333333333334,1000,14.333333333333334,2.6457513110645907
115,3,0.7130434782608696,0.06407322654462243,0.0647810643462817,2.5804729214340196,13.999999999999998,1000,13.999999999999998,2.6246692913372702
115,4,0.782608695652174,0.06407322654462243,0.0647810643462817,2.5804729214340196,11.0,1000,11.0,2.3333333333333335
