size,trial,rate,density,clustering,shortest_path,n_comp_nodes,steps,l1,l2
115,0,0.8,0.06697177726926011,0.05620471316123484,2.533638443935927,9.0,1000,9.0,1.9720265943665387
115,1,0.6,0.06697177726926011,0.05620471316123484,2.533638443935927,18.666666666666664,1000,18.666666666666664,2.9059326290271152
115,2,0.7913043478260869,0.06697177726926011,0.05620471316123484,2.533638443935927,10.333333333333334,1000,10.333333333333334,2.285218200133681
115,3,0.6956521739130435,0.06697177726926011,0.05620471316123484,2.533638443935927,14.000000000000002,1000,14.000000000000002,2.494438257849294
115,4,0.782608695652174,0.06697177726926011,0.05620471316123484,2.533638443935927,11.333333333333332,1000,11.333333333333332,2.494438257849294
