size,trial,rate,density,clustering,shortest_path,n_comp_nodes,steps,l1,l2
115,0,0.7304347826086957,0.06376811594202898,0.06536960623917144,2.576048817696415,13.666666666666668,1000,13.666666666666668,2.6457513110645907
115,1,0.782608695652174,0.06376811594202898,0.06536960623917144,2.576048817696415,11.333333333333332,1000,11.333333333333332,2.449489742783178
115,2,0.6521739130434783,0.06376811594202898,0.06536960623917144,2.576048817696415,15.666666666666664,1000,15.666666666666664,2.6034165586355513
115,3,0.6608695652173913,0.06376811594202898,0.06536960623917144,2.576048817696415,16.333333333333332,1000,16.333333333333332,2.848001248439177
115,4,0.7391304347826086,0.06376811594202898,0.06536960623917144,2.576048817696415,11.666666666666666,1000,11.666666666666666,2.2360679774997894
