size,trial,rate,density,clustering,shortest_path,n_comp_nodes,steps,l1,l2
115,0,0.7130434782608696,0.06666666666666667,0.07498844151018061,2.531197559115179,13.666666666666666,1000,13.666666666666666,2.5603819159562025
115,1,0.7478260869565218,0.06666666666666667,0.07498844151018061,2.531197559115179,12.666666666666666,1000,12.666666666666666,2.494438257849294
115,2,0.7565217391304347,0.06666666666666667,0.07498844151018061,2.531197559115179,13.0,1000,13.0,2.6457513110645903
115,3,0.7565217391304347,0.06666666666666667,0.07498844151018061,2.531197559115179,12.0,1000,12.0,2.449489742783178
115,4,0.7565217391304347,0.06666666666666667,0.07498844151018061,2.531197559115179,11.0,1000,11.0,2.2360679774997894
