size,trial,rate,density,clustering,shortest_path,n_comp_nodes,steps,l1,l2
115,0,0.7739130434782608,0.07109077040427154,0.07475442431964167,2.479938977879481,10.333333333333334,1000,10.333333333333334,2.1343747458109497
115,1,0.8,0.07109077040427154,0.07475442431964167,2.479938977879481,10.333333333333332,1000,10.333333333333332,2.3333333333333335
115,2,0.8608695652173913,0.07109077040427154,0.07475442431964167,2.479938977879481,7.0,1000,7.0,1.9148542155126762
115,3,0.817391304347826,0.07109077040427154,0.07475442431964167,2.479938977879481,8.666666666666668,1000,8.666666666666668,2.0
115,4,0.782608695652174,0.07109077040427154,0.07475442431964167,2.479938977879481,11.333333333333334,1000,11.333333333333334,2.4944382578492945
