size,trial,rate,density,clustering,shortest_path,n_comp_nodes,steps,l1,l2
175,0,0.8228571428571428,0.059835796387520526,0.059890539800756495,2.4522824302134647,12.0,1000,12.0,2.260776661041756
175,1,0.8342857142857143,0.059835796387520526,0.059890539800756495,2.4522824302134647,11.333333333333332,1000,11.333333333333332,2.2110831935702664
175,2,0.8228571428571428,0.059835796387520526,0.059890539800756495,2.4522824302134647,12.0,1000,12.0,2.260776661041756
175,3,0.8057142857142857,0.059835796387520526,0.059890539800756495,2.4522824302134647,14.333333333333332,1000,14.333333333333332,2.6034165586355513
175,4,0.8457142857142858,0.059835796387520526,0.059890539800756495,2.4522824302134647,10.666666666666666,1000,10.666666666666666,2.1602468994692865
