size,trial,rate,density,clustering,shortest_path,n_comp_nodes,steps,l1,l2
175,0,0.8342857142857143,0.05937602627257799,0.06344194681921346,2.460361247947455,12.666666666666664,1000,12.666666666666664,2.5385910352879693
175,1,0.9028571428571428,0.05937602627257799,0.06344194681921346,2.460361247947455,7.333333333333333,1000,7.333333333333333,1.8856180831641267
175,2,0.8457142857142858,0.05937602627257799,0.06344194681921346,2.460361247947455,9.0,1000,9.0,1.7320508075688772
175,3,0.8228571428571428,0.05937602627257799,0.06344194681921346,2.460361247947455,12.666666666666664,1000,12.666666666666664,2.403700850309326
175,4,0.8,0.05937602627257799,0.06344194681921346,2.460361247947455,13.333333333333332,1000,13.333333333333332,2.357022603955158
