size,trial,rate,density,clustering,shortest_path,n_comp_nodes,steps,l1,l2
175,0,0.8285714285714285,0.06029556650246305,0.06318116337444067,2.4438095238095237,11.333333333333332,1000,11.333333333333332,2.1602468994692865
175,1,0.7885714285714286,0.06029556650246305,0.06318116337444067,2.4438095238095237,13.0,1000,13.0,2.185812841434
175,2,0.8628571428571429,0.06029556650246305,0.06318116337444067,2.4438095238095237,9.0,1000,9.0,1.914854215512676
175,3,0.84,0.06029556650246305,0.06318116337444067,2.4438095238095237,10.333333333333332,1000,10.333333333333332,2.0275875100994063
175,4,0.8228571428571428,0.06029556650246305,0.06318116337444067,2.4438095238095237,12.666666666666666,1000,12.666666666666666,2.403700850309326
