size,trial,rate,density,clustering,shortest_path,n_comp_nodes,steps,l1,l2
175,0,0.8685714285714285,0.06154351395730706,0.06153618817174761,2.428834154351396,10.666666666666666,1000,10.666666666666666,2.403700850309326
175,1,0.8228571428571428,0.06154351395730706,0.06153618817174761,2.428834154351396,12.0,1000,12.0,2.260776661041756
175,2,0.8171428571428572,0.06154351395730706,0.06153618817174761,2.428834154351396,12.666666666666664,1000,12.666666666666664,2.3570226039551585
175,3,0.8171428571428572,0.06154351395730706,0.06153618817174761,2.428834154351396,13.0,1000,13.0,2.4267032964268394
175,4,0.8457142857142858,0.06154351395730706,0.06153618817174761,2.428834154351396,11.0,1000,11.0,2.2852182001336816
