size,trial,rate,density,clustering,shortest_path,n_comp_nodes,steps,l1,l2
175,0,0.8342857142857143,0.06206896551724138,0.06683946713270017,2.4282430213464696,12.0,1000,12.0,2.357022603955158
175,1,0.88,0.06206896551724138,0.06683946713270017,2.4282430213464696,7.333333333333333,1000,7.333333333333333,1.632993161855452
175,2,0.8457142857142858,0.06206896551724138,0.06683946713270017,2.4282430213464696,10.333333333333332,1000,10.333333333333332,2.0816659994661326
175,3,0.8514285714285714,0.06206896551724138,0.06683946713270017,2.4282430213464696,9.999999999999998,1000,9.999999999999998,2.1081851067789192
175,4,0.8514285714285714,0.06206896551724138,0.06683946713270017,2.4282430213464696,10.666666666666664,1000,10.666666666666664,2.2110831935702664
