size,trial,rate,density,clustering,shortest_path,n_comp_nodes,steps,l1,l2
175,0,0.84,0.05812807881773399,0.061429997640081634,2.4785550082101806,10.666666666666666,1000,10.666666666666666,2.1081851067789197
175,1,0.7942857142857143,0.05812807881773399,0.061429997640081634,2.4785550082101806,13.333333333333332,1000,13.333333333333332,2.309401076758503
175,2,0.8228571428571428,0.05812807881773399,0.061429997640081634,2.4785550082101806,11.999999999999998,1000,11.999999999999998,2.260776661041756
175,3,0.8342857142857143,0.05812807881773399,0.061429997640081634,2.4785550082101806,11.333333333333332,1000,11.333333333333332,2.2110831935702664
175,4,0.8571428571428572,0.05812807881773399,0.061429997640081634,2.4785550082101806,9.333333333333332,1000,9.333333333333332,1.9436506316151003
