size,trial,rate,density,clustering,shortest_path,n_comp_nodes,steps,l1,l2
175,0,0.8457142857142858,0.05931034482758621,0.056337244847638426,2.4576683087027913,12.333333333333332,1000,12.333333333333332,2.516611478423583
175,1,0.8685714285714285,0.05931034482758621,0.056337244847638426,2.4576683087027913,8.333333333333332,1000,8.333333333333332,1.7950549357115013
175,2,0.7542857142857142,0.05931034482758621,0.056337244847638426,2.4576683087027913,16.666666666666664,1000,16.666666666666664,2.6666666666666665
175,3,0.8285714285714285,0.05931034482758621,0.056337244847638426,2.4576683087027913,11.333333333333332,1000,11.333333333333332,2.1602468994692865
175,4,0.8742857142857143,0.05931034482758621,0.056337244847638426,2.4576683087027913,8.666666666666666,1000,8.666666666666666,1.9436506316151
