size,trial,rate,density,clustering,shortest_path,n_comp_nodes,steps,l1,l2
175,0,0.8,0.05931034482758621,0.052852809287130306,2.460361247947455,14.666666666666668,1000,14.666666666666668,2.6246692913372702
175,1,0.8,0.05931034482758621,0.052852809287130306,2.460361247947455,13.999999999999998,1000,13.999999999999998,2.494438257849294
175,2,0.7942857142857143,0.05931034482758621,0.052852809287130306,2.460361247947455,13.666666666666668,1000,13.666666666666668,2.380476142847616
175,3,0.8457142857142858,0.05931034482758621,0.052852809287130306,2.460361247947455,10.333333333333332,1000,10.333333333333332,2.1343747458109497
175,4,0.8514285714285714,0.05931034482758621,0.052852809287130306,2.460361247947455,9.666666666666664,1000,9.666666666666664,1.9720265943665387
