size,trial,rate,density,clustering,shortest_path,n_comp_nodes,steps,l1,l2
175,0,0.84,0.05924466338259442,0.05967252296575605,2.460623973727422,11.666666666666666,1000,11.666666666666666,2.3333333333333335
175,1,0.8685714285714285,0.05924466338259442,0.05967252296575605,2.460623973727422,9.333333333333332,1000,9.333333333333332,2.054804667656325
175,2,0.8,0.05924466338259442,0.05967252296575605,2.460623973727422,12.999999999999998,1000,12.999999999999998,2.285218200133681
175,3,0.8628571428571429,0.05924466338259442,0.05967252296575605,2.460623973727422,8.666666666666668,1000,8.666666666666668,1.8257418583505536
175,4,0.8228571428571428,0.05924466338259442,0.05967252296575605,2.460623973727422,12.333333333333332,1000,12.333333333333332,2.333333333333333
