size,trial,rate,density,clustering,shortest_path,n_comp_nodes,steps,l1,l2
175,0,0.8342857142857143,0.0619376026272578,0.061885243166092306,2.4229885057471265,12.666666666666664,1000,12.666666666666664,2.494438257849294
175,1,0.8571428571428572,0.0619376026272578,0.061885243166092306,2.4229885057471265,10.0,1000,10.0,2.1081851067789197
175,2,0.8228571428571428,0.0619376026272578,0.061885243166092306,2.4229885057471265,12.333333333333334,1000,12.333333333333334,2.333333333333333
175,3,0.84,0.0619376026272578,0.061885243166092306,2.4229885057471265,11.0,1000,11.0,2.185812841434
175,4,0.88,0.0619376026272578,0.061885243166092306,2.4229885057471265,8.666666666666666,1000,8.666666666666666,2.0548046676563256
