size,trial,rate,density,clustering,shortest_path,n_comp_nodes,steps,l1,l2
185,0,0.8918918918918919,0.0626909518213866,0.06437418325963215,2.389776733254994,9.333333333333332,1000,9.333333333333332,2.309401076758503
185,1,0.8918918918918919,0.0626909518213866,0.06437418325963215,2.389776733254994,11.0,1000,11.0,2.6874192494328497
185,2,0.9297297297297298,0.0626909518213866,0.06437418325963215,2.389776733254994,6.333333333333333,1000,6.333333333333333,1.9148542155126762
185,3,0.9135135135135135,0.0626909518213866,0.06437418325963215,2.389776733254994,11.0,1000,11.0,2.9627314724385294
185,4,0.8918918918918919,0.0626909518213866,0.06437418325963215,2.389776733254994,9.333333333333332,1000,9.333333333333332,2.3094010767585034
