size,trial,rate,density,clustering,shortest_path,n_comp_nodes,steps,l1,l2
185,0,0.8810810810810811,0.06010575793184489,0.05396181986840214,2.4306110458284373,10.333333333333332,1000,10.333333333333332,2.3804761428476167
185,1,0.9081081081081082,0.06010575793184489,0.05396181986840214,2.4306110458284373,11.333333333333332,1000,11.333333333333332,2.9439202887759492
185,2,0.8810810810810811,0.06010575793184489,0.05396181986840214,2.4306110458284373,14.333333333333332,1000,14.333333333333332,3.3166247903554
185,3,0.8810810810810811,0.06010575793184489,0.05396181986840214,2.4306110458284373,12.0,1000,12.0,2.8284271247461903
185,4,0.9027027027027027,0.06010575793184489,0.05396181986840214,2.4306110458284373,8.0,1000,8.0,1.9999999999999998
