size,trial,rate,density,clustering,shortest_path,n_comp_nodes,steps,l1,l2
185,0,0.8972972972972972,0.061339600470035255,0.0600694770044615,2.4106933019976498,8.666666666666666,1000,8.666666666666666,2.1081851067789197
185,1,0.8972972972972972,0.061339600470035255,0.0600694770044615,2.4106933019976498,10.666666666666666,1000,10.666666666666666,2.748737083745107
185,2,0.8972972972972972,0.061339600470035255,0.0600694770044615,2.4106933019976498,9.666666666666666,1000,9.666666666666666,2.472066162365221
185,3,0.9135135135135135,0.061339600470035255,0.0600694770044615,2.4106933019976498,8.0,1000,8.0,2.1602468994692865
185,4,0.8756756756756756,0.061339600470035255,0.0600694770044615,2.4106933019976498,11.666666666666666,1000,11.666666666666666,2.6874192494328497
