size,trial,rate,density,clustering,shortest_path,n_comp_nodes,steps,l1,l2
185,0,0.8972972972972972,0.061339600470035255,0.06300389571287401,2.4148648648648647,11.0,1000,11.0,2.8087165910587863
185,1,0.9351351351351351,0.061339600470035255,0.06300389571287401,2.4148648648648647,6.0,1000,6.0,1.8257418583505538
185,2,0.8648648648648649,0.061339600470035255,0.06300389571287401,2.4148648648648647,14.999999999999998,1000,14.999999999999998,3.3166247903554
185,3,0.9027027027027027,0.061339600470035255,0.06300389571287401,2.4148648648648647,9.333333333333332,1000,9.333333333333332,2.494438257849294
185,4,0.8648648648648649,0.061339600470035255,0.06300389571287401,2.4148648648648647,13.666666666666666,1000,13.666666666666666,3.0
