size,trial,rate,density,clustering,shortest_path,n_comp_nodes,steps,l1,l2
185,0,0.9027027027027027,0.05804935370152761,0.05400497567680225,2.452291421856639,9.333333333333332,1000,9.333333333333332,2.403700850309326
185,1,0.8756756756756756,0.05804935370152761,0.05400497567680225,2.452291421856639,9.0,1000,9.0,1.9720265943665385
185,2,0.8756756756756756,0.05804935370152761,0.05400497567680225,2.452291421856639,11.0,1000,11.0,2.4720661623652207
185,3,0.8702702702702703,0.05804935370152761,0.05400497567680225,2.452291421856639,12.333333333333332,1000,12.333333333333332,2.7688746209726913
185,4,0.8702702702702703,0.05804935370152761,0.05400497567680225,2.452291421856639,13.666666666666666,1000,13.666666666666666,3.0731814857642954
