size,trial,rate,density,clustering,shortest_path,n_comp_nodes,steps,l1,l2
185,0,0.9405405405405405,0.06098707403055229,0.06062045634801049,2.4178613396004702,8.0,1000,8.0,2.581988897471611
185,1,0.8648648648648649,0.06098707403055229,0.06062045634801049,2.4178613396004702,13.666666666666666,1000,13.666666666666666,2.96273147243853
185,2,0.8864864864864865,0.06098707403055229,0.06062045634801049,2.4178613396004702,10.0,1000,10.0,2.449489742783178
185,3,0.8972972972972972,0.06098707403055229,0.06062045634801049,2.4178613396004702,10.666666666666666,1000,10.666666666666666,2.666666666666667
185,4,0.8972972972972972,0.06098707403055229,0.06062045634801049,2.4178613396004702,9.0,1000,9.0,2.3333333333333335
