size,trial,rate,density,clustering,shortest_path,n_comp_nodes,steps,l1,l2
185,0,0.8702702702702703,0.060810810810810814,0.05928164125566194,2.423207990599295,15.333333333333332,1000,15.333333333333332,3.366501646120693
185,1,0.8864864864864865,0.060810810810810814,0.05928164125566194,2.423207990599295,8.666666666666666,1000,8.666666666666666,2.0
185,2,0.8918918918918919,0.060810810810810814,0.05928164125566194,2.423207990599295,12.333333333333332,1000,12.333333333333332,3.0368111930480994
185,3,0.8810810810810811,0.060810810810810814,0.05928164125566194,2.423207990599295,10.0,1000,10.0,2.309401076758503
185,4,0.8810810810810811,0.060810810810810814,0.05928164125566194,2.423207990599295,11.666666666666664,1000,11.666666666666664,2.7688746209726913
