size,trial,rate,density,clustering,shortest_path,n_comp_nodes,steps,l1,l2
185,0,0.9135135135135135,0.059753231492361926,0.05778999168163251,2.4310810810810812,9.666666666666666,1000,9.666666666666666,2.6457513110645907
185,1,0.8810810810810811,0.059753231492361926,0.05778999168163251,2.4310810810810812,11.666666666666666,1000,11.666666666666666,2.7688746209726918
185,2,0.8864864864864865,0.059753231492361926,0.05778999168163251,2.4310810810810812,9.333333333333332,1000,9.333333333333332,2.211083193570267
185,3,0.9027027027027027,0.059753231492361926,0.05778999168163251,2.4310810810810812,10.0,1000,10.0,2.581988897471611
185,4,0.8864864864864865,0.059753231492361926,0.05778999168163251,2.4310810810810812,11.333333333333332,1000,11.333333333333332,2.70801280154532
