size,trial,rate,density,clustering,shortest_path,n_comp_nodes,steps,l1,l2
185,0,0.854054054054054,0.057579318448883664,0.06359477398177085,2.4641010575793185,13.666666666666666,1000,13.666666666666666,2.924988129130708
185,1,0.8810810810810811,0.057579318448883664,0.06359477398177085,2.4641010575793185,10.666666666666666,1000,10.666666666666666,2.5385910352879693
185,2,0.854054054054054,0.057579318448883664,0.06359477398177085,2.4641010575793185,13.0,1000,13.0,2.728450923957483
185,3,0.8594594594594595,0.057579318448883664,0.06359477398177085,2.4641010575793185,13.333333333333332,1000,13.333333333333332,2.8674417556808756
185,4,0.8918918918918919,0.057579318448883664,0.06359477398177085,2.4641010575793185,10.666666666666666,1000,10.666666666666666,2.7080128015453204
