size,trial,rate,density,clustering,shortest_path,n_comp_nodes,steps,l1,l2
185,0,0.8648648648648649,0.06116333725029377,0.06054517921390984,2.4172150411280846,11.666666666666666,1000,11.666666666666666,2.5603819159562025
185,1,0.8702702702702703,0.06116333725029377,0.06054517921390984,2.4172150411280846,13.666666666666664,1000,13.666666666666664,3.0368111930480994
185,2,0.8972972972972972,0.06116333725029377,0.06054517921390984,2.4172150411280846,9.333333333333334,1000,9.333333333333334,2.3570226039551585
185,3,0.8864864864864865,0.06116333725029377,0.06054517921390984,2.4172150411280846,12.0,1000,12.0,2.9059326290271152
185,4,0.9297297297297298,0.06116333725029377,0.06054517921390984,2.4172150411280846,7.666666666666666,1000,7.666666666666666,2.2852182001336816
