size,trial,rate,density,clustering,shortest_path,n_comp_nodes,steps,l1,l2
95,0,0.7894736842105263,0.07256438969764838,0.07279685227053642,2.564389697648376,10.333333333333332,1000,10.333333333333332,2.6034165586355513
95,1,0.7473684210526316,0.07256438969764838,0.07279685227053642,2.564389697648376,12.999999999999998,1000,12.999999999999998,2.8867513459481287
95,2,0.8105263157894737,0.07256438969764838,0.07279685227053642,2.564389697648376,10.333333333333332,1000,10.333333333333332,2.68741924943285
95,3,0.7157894736842105,0.07256438969764838,0.07279685227053642,2.564389697648376,14.0,1000,14.0,2.981423969999719
95,4,0.6947368421052631,0.07256438969764838,0.07279685227053642,2.564389697648376,15.0,1000,15.0,3.1797973380564852
