size,trial,rate,density,clustering,shortest_path,n_comp_nodes,steps,l1,l2
95,0,0.7052631578947368,0.06942889137737962,0.0491304017619807,2.643673012318029,18.0,1000,18.0,3.620926830400072
95,1,0.7263157894736842,0.06942889137737962,0.0491304017619807,2.643673012318029,14.666666666666668,1000,14.666666666666668,3.1622776601683795
95,2,0.7578947368421053,0.06942889137737962,0.0491304017619807,2.643673012318029,12.999999999999998,1000,12.999999999999998,2.9249881291307074
95,3,0.736842105263158,0.06942889137737962,0.0491304017619807,2.643673012318029,12.333333333333332,1000,12.333333333333332,2.7284509239574835
95,4,0.7473684210526316,0.06942889137737962,0.0491304017619807,2.643673012318029,12.333333333333332,1000,12.333333333333332,2.7688746209726913
