size,trial,rate,density,clustering,shortest_path,n_comp_nodes,steps,l1,l2
95,0,0.7789473684210526,0.06741321388577827,0.06788030682767524,2.640313549832027,10.666666666666666,1000,10.666666666666666,2.5819888974716108
95,1,0.7894736842105263,0.06741321388577827,0.06788030682767524,2.640313549832027,11.0,1000,11.0,2.7688746209726913
95,2,0.7473684210526316,0.06741321388577827,0.06788030682767524,2.640313549832027,12.999999999999998,1000,12.999999999999998,2.9249881291307074
95,3,0.6947368421052631,0.06741321388577827,0.06788030682767524,2.640313549832027,15.666666666666666,1000,15.666666666666666,3.214550253664318
95,4,0.7578947368421053,0.06741321388577827,0.06788030682767524,2.640313549832027,12.0,1000,12.0,2.70801280154532
