size,trial,rate,density,clustering,shortest_path,n_comp_nodes,steps,l1,l2
95,0,0.7684210526315789,0.06898096304591265,0.053107185212448345,2.6134378499440087,12.999999999999998,1000,12.999999999999998,3.0368111930480994
95,1,0.7157894736842105,0.06898096304591265,0.053107185212448345,2.6134378499440087,14.666666666666666,1000,14.666666666666666,3.1269438398822866
95,2,0.7157894736842105,0.06898096304591265,0.053107185212448345,2.6134378499440087,14.333333333333334,1000,14.333333333333334,3.0368111930480994
95,3,0.7157894736842105,0.06898096304591265,0.053107185212448345,2.6134378499440087,14.666666666666664,1000,14.666666666666664,3.0912061651652345
95,4,0.6526315789473685,0.06898096304591265,0.053107185212448345,2.6134378499440087,18.333333333333332,1000,18.333333333333332,3.5746017649212027
