size,trial,rate,density,clustering,shortest_path,n_comp_nodes,steps,l1,l2
95,0,0.7578947368421053,0.07346024636058231,0.05445233129443655,2.5449048152295632,11.666666666666668,1000,11.666666666666668,2.6457513110645903
95,1,0.736842105263158,0.07346024636058231,0.05445233129443655,2.5449048152295632,11.666666666666666,1000,11.666666666666666,2.516611478423583
95,2,0.7789473684210526,0.07346024636058231,0.05445233129443655,2.5449048152295632,11.333333333333332,1000,11.333333333333332,2.788866755113585
95,3,0.8210526315789474,0.07346024636058231,0.05445233129443655,2.5449048152295632,10.0,1000,10.0,2.7080128015453204
95,4,0.7263157894736842,0.07346024636058231,0.05445233129443655,2.5449048152295632,13.333333333333332,1000,13.333333333333332,2.9059326290271152
