size,trial,rate,density,clustering,shortest_path,n_comp_nodes,steps,l1,l2
95,0,0.6947368421052631,0.0671892497200448,0.08608917398391078,2.656662933930571,14.666666666666666,1000,14.666666666666666,2.981423969999719
95,1,0.7473684210526316,0.0671892497200448,0.08608917398391078,2.656662933930571,12.666666666666666,1000,12.666666666666666,2.8674417556808756
95,2,0.7473684210526316,0.0671892497200448,0.08608917398391078,2.656662933930571,11.666666666666668,1000,11.666666666666668,2.6457513110645903
95,3,0.736842105263158,0.0671892497200448,0.08608917398391078,2.656662933930571,13.666666666666668,1000,13.666666666666668,3.0368111930480994
95,4,0.7684210526315789,0.0671892497200448,0.08608917398391078,2.656662933930571,13.666666666666666,1000,13.666666666666666,3.2145502536643185
