size,trial,rate,density,clustering,shortest_path,n_comp_nodes,steps,l1,l2
95,0,0.736842105263158,0.07099664053751399,0.09125996466553739,2.6058230683090704,12.666666666666666,1000,12.666666666666666,2.8674417556808756
95,1,0.7789473684210526,0.07099664053751399,0.09125996466553739,2.6058230683090704,11.333333333333332,1000,11.333333333333332,2.748737083745107
95,2,0.7789473684210526,0.07099664053751399,0.09125996466553739,2.6058230683090704,11.33333333333333,1000,11.33333333333333,2.6666666666666665
95,3,0.7052631578947368,0.07099664053751399,0.09125996466553739,2.6058230683090704,13.666666666666668,1000,13.666666666666668,2.848001248439177
95,4,0.7157894736842105,0.07099664053751399,0.09125996466553739,2.6058230683090704,14.0,1000,14.0,2.9814239699997196
