size,trial,rate,density,clustering,shortest_path,n_comp_nodes,steps,l1,l2
95,0,0.8105263157894737,0.07346024636058231,0.0745430008587903,2.5204927211646138,7.999999999999999,1000,7.999999999999999,2.0548046676563256
95,1,0.736842105263158,0.07346024636058231,0.0745430008587903,2.5204927211646138,11.999999999999998,1000,11.999999999999998,2.70801280154532
95,2,0.7473684210526316,0.07346024636058231,0.0745430008587903,2.5204927211646138,14.33333333333333,1000,14.33333333333333,3.1797973380564852
95,3,0.7684210526315789,0.07346024636058231,0.0745430008587903,2.5204927211646138,10.333333333333332,1000,10.333333333333332,2.3804761428476167
95,4,0.7263157894736842,0.07346024636058231,0.0745430008587903,2.5204927211646138,16.333333333333332,1000,16.333333333333332,3.48010216963685
