size,trial,rate,density,clustering,shortest_path,n_comp_nodes,steps,l1,l2
95,0,0.7894736842105263,0.07346024636058231,0.08860823387139177,2.5361702127659576,9.333333333333334,1000,9.333333333333334,2.260776661041756
95,1,0.736842105263158,0.07346024636058231,0.08860823387139177,2.5361702127659576,15.33333333333333,1000,15.33333333333333,3.366501646120693
95,2,0.7894736842105263,0.07346024636058231,0.08860823387139177,2.5361702127659576,11.333333333333332,1000,11.333333333333332,2.8284271247461903
95,3,0.7578947368421053,0.07346024636058231,0.08860823387139177,2.5361702127659576,15.0,1000,15.0,3.4480268109295333
95,4,0.7052631578947368,0.07346024636058231,0.08860823387139177,2.5361702127659576,14.333333333333332,1000,14.333333333333332,2.9627314724385294
