size,trial,rate,density,clustering,shortest_path,n_comp_nodes,steps,l1,l2
95,0,0.8,0.07390817469204927,0.06352320194425454,2.534154535274356,8.666666666666666,1000,8.666666666666666,2.1602468994692865
95,1,0.7684210526315789,0.07390817469204927,0.06352320194425454,2.534154535274356,12.666666666666666,1000,12.666666666666666,3.018461712712472
95,2,0.736842105263158,0.07390817469204927,0.06352320194425454,2.534154535274356,13.666666666666666,1000,13.666666666666666,3.0368111930480994
95,3,0.7789473684210526,0.07390817469204927,0.06352320194425454,2.534154535274356,12.0,1000,12.0,2.8284271247461903
95,4,0.8,0.07390817469204927,0.06352320194425454,2.534154535274356,12.666666666666666,1000,12.666666666666666,3.126943839882286
