size,trial,rate,density,clustering,shortest_path,n_comp_nodes,steps,l1,l2
65,0,0.676923076923077,0.08076923076923077,0.0652003552003552,2.644230769230769,10.0,1000,10.0,2.4037008503093262
65,1,0.6,0.08076923076923077,0.0652003552003552,2.644230769230769,15.666666666666668,1000,15.666666666666668,3.4156502553198664
65,2,0.5846153846153845,0.08076923076923077,0.0652003552003552,2.644230769230769,15.333333333333332,1000,15.333333333333332,3.265986323710904
65,3,0.7076923076923076,0.08076923076923077,0.0652003552003552,2.644230769230769,10.666666666666666,1000,10.666666666666666,2.748737083745107
65,4,0.6307692307692307,0.08076923076923077,0.0652003552003552,2.644230769230769,13.666666666666664,1000,13.666666666666664,3.073181485764296
