size,trial,rate,density,clustering,shortest_path,n_comp_nodes,steps,l1,l2
65,0,0.6615384615384615,0.07932692307692307,0.09634920634920636,2.7322115384615384,11.666666666666666,1000,11.666666666666666,2.7688746209726918
65,1,0.6923076923076923,0.07932692307692307,0.09634920634920636,2.7322115384615384,11.0,1000,11.0,2.7284509239574835
65,2,0.7076923076923076,0.07932692307692307,0.09634920634920636,2.7322115384615384,11.0,1000,11.0,2.728450923957483
65,3,0.6307692307692307,0.07932692307692307,0.09634920634920636,2.7322115384615384,12.666666666666666,1000,12.666666666666666,2.8284271247461903
65,4,0.7538461538461538,0.07932692307692307,0.09634920634920636,2.7322115384615384,9.333333333333332,1000,9.333333333333332,2.5385910352879693
