size,trial,rate,density,clustering,shortest_path,n_comp_nodes,steps,l1,l2
65,0,0.7692307692307692,0.07163461538461538,0.07401598401598401,2.797596153846154,10.333333333333332,1000,10.333333333333332,2.848001248439177
65,1,0.6615384615384615,0.07163461538461538,0.07401598401598401,2.797596153846154,10.333333333333334,1000,10.333333333333334,2.4267032964268394
65,2,0.7230769230769231,0.07163461538461538,0.07401598401598401,2.797596153846154,10.666666666666666,1000,10.666666666666666,2.7080128015453204
65,3,0.6153846153846154,0.07163461538461538,0.07401598401598401,2.797596153846154,13.0,1000,13.0,2.808716591058786
65,4,0.6923076923076923,0.07163461538461538,0.07401598401598401,2.797596153846154,13.0,1000,13.0,3.1446603773522015
