size,trial,rate,density,clustering,shortest_path,n_comp_nodes,steps,l1,l2
65,0,0.7230769230769231,0.08605769230769231,0.10993613224382455,2.585576923076923,11.333333333333332,1000,11.333333333333332,2.8674417556808756
65,1,0.6615384615384615,0.08605769230769231,0.10993613224382455,2.585576923076923,11.666666666666666,1000,11.666666666666666,2.7688746209726918
65,2,0.676923076923077,0.08605769230769231,0.10993613224382455,2.585576923076923,10.666666666666664,1000,10.666666666666664,2.6246692913372702
65,3,0.6461538461538461,0.08605769230769231,0.10993613224382455,2.585576923076923,13.333333333333332,1000,13.333333333333332,3.0912061651652345
65,4,0.7076923076923076,0.08605769230769231,0.10993613224382455,2.585576923076923,11.666666666666666,1000,11.666666666666666,2.96273147243853
