size,trial,rate,density,clustering,shortest_path,n_comp_nodes,steps,l1,l2
65,0,0.7692307692307692,0.0798076923076923,0.07335775335775334,2.691346153846154,9.666666666666666,1000,9.666666666666666,2.6874192494328497
65,1,0.6615384615384615,0.0798076923076923,0.07335775335775334,2.691346153846154,13.333333333333332,1000,13.333333333333332,3.1622776601683795
65,2,0.7230769230769231,0.0798076923076923,0.07335775335775334,2.691346153846154,11.666666666666664,1000,11.666666666666664,3.0368111930480994
65,3,0.6153846153846154,0.0798076923076923,0.07335775335775334,2.691346153846154,13.666666666666664,1000,13.666666666666664,2.96273147243853
65,4,0.676923076923077,0.0798076923076923,0.07335775335775334,2.691346153846154,12.666666666666666,1000,12.666666666666666,3.055050463303893
