size,trial,rate,density,clustering,shortest_path,n_comp_nodes,steps,l1,l2
65,0,0.6615384615384615,0.07355769230769231,0.061794871794871795,2.81875,13.0,1000,13.0,3.109126351029605
65,1,0.6615384615384615,0.07355769230769231,0.061794871794871795,2.81875,14.0,1000,14.0,3.197221015541813
65,2,0.7384615384615385,0.07355769230769231,0.061794871794871795,2.81875,11.333333333333332,1000,11.333333333333332,2.9439202887759492
65,3,0.6615384615384615,0.07355769230769231,0.061794871794871795,2.81875,11.666666666666666,1000,11.666666666666666,2.7284509239574835
65,4,0.6153846153846154,0.07355769230769231,0.061794871794871795,2.81875,15.0,1000,15.0,3.34995854037363
