size,trial,rate,density,clustering,shortest_path,n_comp_nodes,steps,l1,l2
65,0,0.6923076923076923,0.08173076923076923,0.10163392163392164,2.6355769230769233,13.666666666666664,1000,13.666666666666664,3.214550253664318
65,1,0.7846153846153846,0.08173076923076923,0.10163392163392164,2.6355769230769233,6.333333333333333,1000,6.333333333333333,1.855921454276674
65,2,0.676923076923077,0.08173076923076923,0.10163392163392164,2.6355769230769233,10.666666666666666,1000,10.666666666666666,2.5385910352879693
65,3,0.7384615384615385,0.08173076923076923,0.10163392163392164,2.6355769230769233,9.333333333333332,1000,9.333333333333332,2.494438257849294
65,4,0.6923076923076923,0.08173076923076923,0.10163392163392164,2.6355769230769233,12.333333333333332,1000,12.333333333333332,3.0
