size,trial,rate,density,clustering,shortest_path,n_comp_nodes,steps,l1,l2
65,0,0.7230769230769231,0.0798076923076923,0.04727716727716727,2.7201923076923076,10.666666666666668,1000,10.666666666666668,2.748737083745107
65,1,0.6461538461538461,0.0798076923076923,0.04727716727716727,2.7201923076923076,13.666666666666664,1000,13.666666666666664,3.1797973380564852
65,2,0.5076923076923077,0.0798076923076923,0.04727716727716727,2.7201923076923076,18.0,1000,18.0,3.4960294939005054
65,3,0.676923076923077,0.0798076923076923,0.04727716727716727,2.7201923076923076,12.999999999999998,1000,12.999999999999998,3.1446603773522015
65,4,0.6307692307692307,0.0798076923076923,0.04727716727716727,2.7201923076923076,13.333333333333332,1000,13.333333333333332,2.981423969999719
