size,trial,rate,density,clustering,shortest_path,n_comp_nodes,steps,l1,l2
65,0,0.7230769230769231,0.07788461538461539,0.10299145299145296,2.7245192307692307,11.0,1000,11.0,2.7688746209726918
65,1,0.6923076923076923,0.07788461538461539,0.10299145299145296,2.7245192307692307,11.666666666666666,1000,11.666666666666666,2.8087165910587863
65,2,0.6,0.07788461538461539,0.10299145299145296,2.7245192307692307,11.999999999999998,1000,11.999999999999998,2.6246692913372702
65,3,0.6153846153846154,0.07788461538461539,0.10299145299145296,2.7245192307692307,13.333333333333332,1000,13.333333333333332,3.0550504633038935
65,4,0.6615384615384615,0.07788461538461539,0.10299145299145296,2.7245192307692307,14.0,1000,14.0,3.197221015541813
