size,trial,rate,density,clustering,shortest_path,n_comp_nodes,steps,l1,l2
65,0,0.7384615384615385,0.08173076923076923,0.08662892662892661,2.639423076923077,10.666666666666664,1000,10.666666666666664,2.8284271247461903
65,1,0.676923076923077,0.08173076923076923,0.08662892662892661,2.639423076923077,10.333333333333332,1000,10.333333333333332,2.4267032964268394
65,2,0.6461538461538461,0.08173076923076923,0.08662892662892661,2.639423076923077,14.666666666666668,1000,14.666666666666668,3.366501646120693
65,3,0.7384615384615385,0.08173076923076923,0.08662892662892661,2.639423076923077,9.333333333333332,1000,9.333333333333332,2.4037008503093262
65,4,0.676923076923077,0.08173076923076923,0.08662892662892661,2.639423076923077,11.666666666666664,1000,11.666666666666664,2.886751345948129
