size,trial,rate,density,clustering,shortest_path,n_comp_nodes,steps,l1,l2
45,0,0.5111111111111111,0.0898989898989899,0.09523809523809526,2.907070707070707,12.666666666666666,1000,12.666666666666666,2.9059326290271152
45,1,0.6666666666666667,0.0898989898989899,0.09523809523809526,2.907070707070707,9.666666666666666,1000,9.666666666666666,2.728450923957483
45,2,0.6,0.0898989898989899,0.09523809523809526,2.907070707070707,9.666666666666666,1000,9.666666666666666,2.4720661623652207
45,3,0.6,0.0898989898989899,0.09523809523809526,2.907070707070707,10.999999999999998,1000,10.999999999999998,2.848001248439177
45,4,0.6444444444444444,0.0898989898989899,0.09523809523809526,2.907070707070707,10.333333333333332,1000,10.333333333333332,2.7284509239574835
