size,trial,rate,density,clustering,shortest_path,n_comp_nodes,steps,l1,l2
45,0,0.5555555555555556,0.10202020202020202,0.08502645502645505,2.602020202020202,12.0,1000,12.0,2.943920288775949
45,1,0.6222222222222222,0.10202020202020202,0.08502645502645505,2.602020202020202,12.0,1000,12.0,3.1622776601683795
45,2,0.6,0.10202020202020202,0.08502645502645505,2.602020202020202,10.999999999999998,1000,10.999999999999998,2.848001248439177
45,3,0.6444444444444444,0.10202020202020202,0.08502645502645505,2.602020202020202,9.999999999999998,1000,9.999999999999998,2.6246692913372702
45,4,0.5555555555555556,0.10202020202020202,0.08502645502645505,2.602020202020202,12.999999999999998,1000,12.999999999999998,3.109126351029605
