size,trial,rate,density,clustering,shortest_path,n_comp_nodes,steps,l1,l2
45,0,0.7111111111111111,0.09898989898989899,0.05335097001763668,2.672727272727273,6.999999999999999,1000,6.999999999999999,2.1343747458109497
45,1,0.6222222222222222,0.09898989898989899,0.05335097001763668,2.672727272727273,7.333333333333332,1000,7.333333333333332,1.885618083164127
45,2,0.6222222222222222,0.09898989898989899,0.05335097001763668,2.672727272727273,9.333333333333332,1000,9.333333333333332,2.494438257849294
45,3,0.6222222222222222,0.09898989898989899,0.05335097001763668,2.672727272727273,10.333333333333332,1000,10.333333333333332,2.7284509239574835
45,4,0.5777777777777777,0.09898989898989899,0.05335097001763668,2.672727272727273,11.333333333333332,1000,11.333333333333332,2.8674417556808756
