size,trial,rate,density,clustering,shortest_path,n_comp_nodes,steps,l1,l2
45,0,0.5777777777777777,0.08787878787878788,0.10380952380952381,2.9242424242424243,10.333333333333334,1000,10.333333333333334,2.5166114784235827
45,1,0.5333333333333333,0.08787878787878788,0.10380952380952381,2.9242424242424243,11.0,1000,11.0,2.6457513110645903
45,2,0.6222222222222222,0.08787878787878788,0.10380952380952381,2.9242424242424243,9.666666666666666,1000,9.666666666666666,2.560381915956203
45,3,0.5333333333333333,0.08787878787878788,0.10380952380952381,2.9242424242424243,12.333333333333332,1000,12.333333333333332,2.8867513459481287
45,4,0.48888888888888893,0.08787878787878788,0.10380952380952381,2.9242424242424243,13.666666666666668,1000,13.666666666666668,3.1797973380564852
