size,trial,rate,density,clustering,shortest_path,n_comp_nodes,steps,l1,l2
45,0,0.7333333333333334,0.10404040404040404,0.081657848324515,2.5898989898989897,6.999999999999999,1000,6.999999999999999,2.285218200133681
45,1,0.6444444444444444,0.10404040404040404,0.081657848324515,2.5898989898989897,10.333333333333334,1000,10.333333333333334,2.8867513459481287
45,2,0.7333333333333334,0.10404040404040404,0.081657848324515,2.5898989898989897,6.333333333333333,1000,6.333333333333333,1.9720265943665387
45,3,0.7333333333333334,0.10404040404040404,0.081657848324515,2.5898989898989897,6.333333333333334,1000,6.333333333333334,1.9720265943665387
45,4,0.6222222222222222,0.10404040404040404,0.081657848324515,2.5898989898989897,10.666666666666666,1000,10.666666666666666,2.788866755113585
