size,trial,rate,density,clustering,shortest_path,n_comp_nodes,steps,l1,l2
45,0,0.6,0.08080808080808081,0.04328042328042328,3.1121212121212123,11.999999999999998,1000,11.999999999999998,2.9439202887759492
45,1,0.6666666666666667,0.08080808080808081,0.04328042328042328,3.1121212121212123,10.333333333333332,1000,10.333333333333332,2.848001248439177
45,2,0.5333333333333333,0.08080808080808081,0.04328042328042328,3.1121212121212123,12.666666666666668,1000,12.666666666666668,3.0550504633038935
45,3,0.5333333333333333,0.08080808080808081,0.04328042328042328,3.1121212121212123,14.0,1000,14.0,3.2998316455372216
45,4,0.5555555555555556,0.08080808080808081,0.04328042328042328,3.1121212121212123,11.666666666666666,1000,11.666666666666666,2.848001248439177
