size,trial,rate,density,clustering,shortest_path,n_comp_nodes,steps,l1,l2
45,0,0.6222222222222222,0.09090909090909091,0.05855379188712523,2.7767676767676766,9.666666666666666,1000,9.666666666666666,2.6034165586355513
45,1,0.5777777777777777,0.09090909090909091,0.05855379188712523,2.7767676767676766,11.333333333333332,1000,11.333333333333332,2.8674417556808756
45,2,0.5333333333333333,0.09090909090909091,0.05855379188712523,2.7767676767676766,13.0,1000,13.0,3.1091263510296048
45,3,0.6222222222222222,0.09090909090909091,0.05855379188712523,2.7767676767676766,10.666666666666664,1000,10.666666666666664,2.8284271247461903
45,4,0.6666666666666667,0.09090909090909091,0.05855379188712523,2.7767676767676766,9.0,1000,9.0,2.516611478423583
