size,trial,rate,density,clustering,shortest_path,n_comp_nodes,steps,l1,l2
45,0,0.5333333333333333,0.09494949494949495,0.06686067019400353,2.721212121212121,13.0,1000,13.0,3.0731814857642954
45,1,0.6222222222222222,0.09494949494949495,0.06686067019400353,2.721212121212121,11.0,1000,11.0,2.8867513459481287
45,2,0.6,0.09494949494949495,0.06686067019400353,2.721212121212121,12.0,1000,12.0,3.0912061651652345
45,3,0.48888888888888893,0.09494949494949495,0.06686067019400353,2.721212121212121,10.333333333333332,1000,10.333333333333332,2.4267032964268394
45,4,0.5555555555555556,0.09494949494949495,0.06686067019400353,2.721212121212121,10.333333333333334,1000,10.333333333333334,2.4720661623652207
