size,trial,rate,density,clustering,shortest_path,n_comp_nodes,steps,l1,l2
45,0,0.6444444444444444,0.09292929292929293,0.062186948853615524,2.7393939393939393,9.0,1000,9.0,2.472066162365221
45,1,0.6,0.09292929292929293,0.062186948853615524,2.7393939393939393,12.666666666666668,1000,12.666666666666668,3.231786571610886
45,2,0.6666666666666667,0.09292929292929293,0.062186948853615524,2.7393939393939393,9.666666666666666,1000,9.666666666666666,2.7284509239574835
45,3,0.4666666666666667,0.09292929292929293,0.062186948853615524,2.7393939393939393,14.0,1000,14.0,3.091206165165234
45,4,0.6222222222222222,0.09292929292929293,0.062186948853615524,2.7393939393939393,11.0,1000,11.0,2.924988129130707
