size,trial,rate,density,clustering,shortest_path,n_comp_nodes,steps,l1,l2
5,0,0.19999999999999996,0.4,0.0,2.0,2.333333333333333,1000,2.333333333333333,1.2909944487358056
5,1,0.0,0.4,0.0,2.0,3.0,1000,3.0,1.5275252316519468
5,2,0.4,0.4,0.0,2.0,2.0,1000,2.0,1.247219128924647
5,3,0.19999999999999996,0.4,0.0,2.0,2.3333333333333335,1000,2.3333333333333335,1.2909944487358056
5,4,0.19999999999999996,0.4,0.0,2.0,2.3333333333333335,1000,2.3333333333333335,1.2909944487358056
