size,trial,rate,density,clustering,shortest_path,n_comp_nodes,steps,l1,l2
5,0,0.19999999999999996,0.4,0.0,1.8,2.6666666666666665,1000,2.6666666666666665,1.4142135623730951
5,1,0.19999999999999996,0.4,0.0,1.8,2.333333333333333,1000,2.333333333333333,1.2909944487358056
5,2,0.0,0.4,0.0,1.8,3.333333333333333,1000,3.333333333333333,1.632993161855452
5,3,0.4,0.4,0.0,1.8,1.6666666666666665,1000,1.6666666666666665,1.1055415967851334
5,4,0.4,0.4,0.0,1.8,2.333333333333333,1000,2.333333333333333,1.3743685418725535
