size,trial,rate,density,clustering,shortest_path,n_comp_nodes,steps,l1,l2
5,0,0.6,0.5,0.4666666666666666,1.7,1.0,1000,1.0,0.7453559924999298
5,1,0.6,0.5,0.4666666666666666,1.7,1.0,1000,1.0,0.7453559924999298
5,2,0.6,0.5,0.4666666666666666,1.7,2.0,1000,2.0,1.4142135623730951
5,3,0.4,0.5,0.4666666666666666,1.7,2.3333333333333335,1000,2.3333333333333335,1.4529663145135578
5,4,0.6,0.5,0.4666666666666666,1.7,1.6666666666666665,1000,1.6666666666666665,1.2018504251546631
