size,trial,rate,density,clustering,shortest_path,n_comp_nodes,steps,l1,l2
5,0,0.19999999999999996,0.4,0.0,1.6,1.9999999999999998,1000,1.9999999999999998,1.1547005383792517
5,1,0.19999999999999996,0.4,0.0,1.6,3.333333333333333,1000,3.333333333333333,1.6996731711975948
5,2,0.19999999999999996,0.4,0.0,1.6,3.333333333333333,1000,3.333333333333333,1.699673171197595
5,3,0.19999999999999996,0.4,0.0,1.6,1.6666666666666665,1000,1.6666666666666665,0.8819171036881968
5,4,0.19999999999999996,0.4,0.0,1.6,1.9999999999999998,1000,1.9999999999999998,1.0540925533894596
