size,trial,rate,density,clustering,shortest_path,n_comp_nodes,steps,l1,l2
155,0,0.8580645161290322,0.06267281105990784,0.06356118281665066,2.4648512777545037,11.0,1000,11.0,2.6034165586355513
155,1,0.8516129032258064,0.06267281105990784,0.06356118281665066,2.4648512777545037,11.0,1000,11.0,2.6034165586355518
155,2,0.8516129032258064,0.06267281105990784,0.06356118281665066,2.4648512777545037,14.333333333333332,1000,14.333333333333332,3.2489314482696545
155,3,0.864516129032258,0.06267281105990784,0.06356118281665066,2.4648512777545037,12.333333333333332,1000,12.333333333333332,2.96273147243853
155,4,0.8709677419354839,0.06267281105990784,0.06356118281665066,2.4648512777545037,11.333333333333332,1000,11.333333333333332,2.7888667551135855
