size,trial,rate,density,clustering,shortest_path,n_comp_nodes,steps,l1,l2
155,0,0.864516129032258,0.05948889819857562,0.05142080142080136,2.508169250104734,13.333333333333332,1000,13.333333333333332,3.197221015541813
155,1,0.8258064516129032,0.05948889819857562,0.05142080142080136,2.508169250104734,14.333333333333332,1000,14.333333333333332,2.9627314724385294
155,2,0.8193548387096774,0.05948889819857562,0.05142080142080136,2.508169250104734,15.333333333333332,1000,15.333333333333332,3.265986323710904
155,3,0.864516129032258,0.05948889819857562,0.05142080142080136,2.508169250104734,10.666666666666666,1000,10.666666666666666,2.5385910352879693
155,4,0.8451612903225807,0.05948889819857562,0.05142080142080136,2.508169250104734,14.666666666666666,1000,14.666666666666666,3.2998316455372216
