size,trial,rate,density,clustering,shortest_path,n_comp_nodes,steps,l1,l2
155,0,0.8516129032258064,0.06535400083787181,0.0737962690903867,2.4299120234604104,10.666666666666666,1000,10.666666666666666,2.4037008503093262
155,1,0.8580645161290322,0.06535400083787181,0.0737962690903867,2.4299120234604104,14.0,1000,14.0,3.265986323710904
155,2,0.8709677419354839,0.06535400083787181,0.0737962690903867,2.4299120234604104,11.0,1000,11.0,2.7688746209726918
155,3,0.832258064516129,0.06535400083787181,0.0737962690903867,2.4299120234604104,14.333333333333332,1000,14.333333333333332,3.109126351029605
155,4,0.8580645161290322,0.06535400083787181,0.0737962690903867,2.4299120234604104,12.666666666666664,1000,12.666666666666664,3.0550504633038935
