size,trial,rate,density,clustering,shortest_path,n_comp_nodes,steps,l1,l2
155,0,0.8258064516129032,0.0611646418098031,0.04992391187936974,2.482195224130708,15.0,1000,15.0,3.248931448269655
155,1,0.8129032258064516,0.0611646418098031,0.04992391187936974,2.482195224130708,15.666666666666666,1000,15.666666666666666,3.214550253664318
155,2,0.8774193548387097,0.0611646418098031,0.04992391187936974,2.482195224130708,12.0,1000,12.0,3.055050463303893
155,3,0.8387096774193549,0.0611646418098031,0.04992391187936974,2.482195224130708,13.333333333333332,1000,13.333333333333332,2.943920288775949
155,4,0.832258064516129,0.0611646418098031,0.04992391187936974,2.482195224130708,12.999999999999998,1000,12.999999999999998,2.886751345948129
