size,trial,rate,density,clustering,shortest_path,n_comp_nodes,steps,l1,l2
155,0,0.8258064516129032,0.06217008797653959,0.06887491598916741,2.479011311269376,12.333333333333332,1000,12.333333333333332,2.6874192494328497
155,1,0.8774193548387097,0.06217008797653959,0.06887491598916741,2.479011311269376,9.0,1000,9.0,2.185812841434
155,2,0.8451612903225807,0.06217008797653959,0.06887491598916741,2.479011311269376,12.666666666666666,1000,12.666666666666666,2.8284271247461903
155,3,0.8580645161290322,0.06217008797653959,0.06887491598916741,2.479011311269376,13.0,1000,13.0,3.0368111930480994
155,4,0.8451612903225807,0.06217008797653959,0.06887491598916741,2.479011311269376,13.999999999999998,1000,13.999999999999998,3.1622776601683795
