size,trial,rate,density,clustering,shortest_path,n_comp_nodes,steps,l1,l2
155,0,0.8516129032258064,0.06250523669878509,0.05902480593632089,2.455048177628823,11.999999999999998,1000,11.999999999999998,2.788866755113585
155,1,0.8516129032258064,0.06250523669878509,0.05902480593632089,2.455048177628823,12.333333333333332,1000,12.333333333333332,2.8867513459481287
155,2,0.8129032258064516,0.06250523669878509,0.05902480593632089,2.455048177628823,15.666666666666666,1000,15.666666666666666,3.2489314482696545
155,3,0.8516129032258064,0.06250523669878509,0.05902480593632089,2.455048177628823,12.666666666666666,1000,12.666666666666666,2.9059326290271152
155,4,0.8258064516129032,0.06250523669878509,0.05902480593632089,2.455048177628823,13.0,1000,13.0,2.7688746209726913
