size,trial,rate,density,clustering,shortest_path,n_comp_nodes,steps,l1,l2
155,0,0.8774193548387097,0.0614997905320486,0.0604307467779953,2.4723921240050273,10.333333333333332,1000,10.333333333333332,2.6034165586355513
155,1,0.8516129032258064,0.0614997905320486,0.0604307467779953,2.4723921240050273,16.0,1000,16.0,3.6209268304000717
155,2,0.8193548387096774,0.0614997905320486,0.0604307467779953,2.4723921240050273,13.666666666666666,1000,13.666666666666666,2.808716591058786
155,3,0.8709677419354839,0.0614997905320486,0.0604307467779953,2.4723921240050273,10.333333333333332,1000,10.333333333333332,2.6034165586355513
155,4,0.8580645161290322,0.0614997905320486,0.0604307467779953,2.4723921240050273,13.0,1000,13.0,3.0368111930480994
