size,trial,rate,density,clustering,shortest_path,n_comp_nodes,steps,l1,l2
155,0,0.8258064516129032,0.06124842899036447,0.05675099831646314,2.4767490573942186,12.999999999999998,1000,12.999999999999998,2.728450923957483
155,1,0.8387096774193549,0.06124842899036447,0.05675099831646314,2.4767490573942186,12.333333333333332,1000,12.333333333333332,2.7688746209726918
155,2,0.8193548387096774,0.06124842899036447,0.05675099831646314,2.4767490573942186,13.999999999999998,1000,13.999999999999998,2.9814239699997196
155,3,0.8387096774193549,0.06124842899036447,0.05675099831646314,2.4767490573942186,14.333333333333332,1000,14.333333333333332,3.1446603773522015
155,4,0.8580645161290322,0.06124842899036447,0.05675099831646314,2.4767490573942186,12.0,1000,12.0,2.8284271247461903
