size,trial,rate,density,clustering,shortest_path,n_comp_nodes,steps,l1,l2
155,0,0.864516129032258,0.057561793045664014,0.05034249431782638,2.5284457478005864,10.333333333333332,1000,10.333333333333332,2.516611478423583
155,1,0.8774193548387097,0.057561793045664014,0.05034249431782638,2.5284457478005864,9.333333333333332,1000,9.333333333333332,2.4037008503093262
155,2,0.8838709677419355,0.057561793045664014,0.05034249431782638,2.5284457478005864,10.333333333333332,1000,10.333333333333332,2.6457513110645907
155,3,0.8709677419354839,0.057561793045664014,0.05034249431782638,2.5284457478005864,10.999999999999998,1000,10.999999999999998,2.7284509239574835
155,4,0.8516129032258064,0.057561793045664014,0.05034249431782638,2.5284457478005864,12.333333333333332,1000,12.333333333333332,2.848001248439177
