size,trial,rate,density,clustering,shortest_path,n_comp_nodes,steps,l1,l2
155,0,0.8193548387096774,0.06258902387934646,0.04960655077802783,2.4671135316296606,15.333333333333332,1000,15.333333333333332,3.231786571610886
155,1,0.864516129032258,0.06258902387934646,0.04960655077802783,2.4671135316296606,11.0,1000,11.0,2.6034165586355518
155,2,0.8,0.06258902387934646,0.04960655077802783,2.4671135316296606,15.666666666666666,1000,15.666666666666666,3.1091263510296048
155,3,0.8709677419354839,0.06258902387934646,0.04960655077802783,2.4671135316296606,9.0,1000,9.0,2.185812841434
155,4,0.864516129032258,0.06258902387934646,0.04960655077802783,2.4671135316296606,11.333333333333332,1000,11.333333333333332,2.7888667551135855
