size,trial,rate,density,clustering,shortest_path,n_comp_nodes,steps,l1,l2
135,0,0.7851851851851852,0.0644555002763958,0.058230660648961256,2.498949695964621,12.0,1000,12.0,2.3570226039551585
135,1,0.7333333333333334,0.0644555002763958,0.058230660648961256,2.498949695964621,14.666666666666664,1000,14.666666666666664,2.5819888974716108
135,2,0.7407407407407407,0.0644555002763958,0.058230660648961256,2.498949695964621,13.666666666666664,1000,13.666666666666664,2.4720661623652207
135,3,0.7925925925925926,0.0644555002763958,0.058230660648961256,2.498949695964621,10.333333333333332,1000,10.333333333333332,2.0275875100994063
135,4,0.7777777777777778,0.0644555002763958,0.058230660648961256,2.498949695964621,13.666666666666666,1000,13.666666666666666,2.728450923957483
