size,trial,rate,density,clustering,shortest_path,n_comp_nodes,steps,l1,l2
135,0,0.8074074074074074,0.062354892205638474,0.05974889308222635,2.5305693753454945,10.666666666666666,1000,10.666666666666666,2.2110831935702664
135,1,0.7777777777777778,0.062354892205638474,0.05974889308222635,2.5305693753454945,12.0,1000,12.0,2.3094010767585034
135,2,0.6962962962962963,0.062354892205638474,0.05974889308222635,2.5305693753454945,16.333333333333332,1000,16.333333333333332,2.6874192494328497
135,3,0.8296296296296296,0.062354892205638474,0.05974889308222635,2.5305693753454945,10.0,1000,10.0,2.2110831935702664
135,4,0.7851851851851852,0.062354892205638474,0.05974889308222635,2.5305693753454945,10.0,1000,10.0,1.8856180831641267
