size,trial,rate,density,clustering,shortest_path,n_comp_nodes,steps,l1,l2
135,0,0.8518518518518519,0.06721945826423438,0.06776921940320628,2.449640685461581,7.333333333333333,1000,7.333333333333333,1.699673171197595
135,1,0.7555555555555555,0.06721945826423438,0.06776921940320628,2.449640685461581,12.999999999999998,1000,12.999999999999998,2.4267032964268394
135,2,0.8,0.06721945826423438,0.06776921940320628,2.449640685461581,12.0,1000,12.0,2.5385910352879693
135,3,0.837037037037037,0.06721945826423438,0.06776921940320628,2.449640685461581,9.0,1000,9.0,2.0275875100994063
135,4,0.7407407407407407,0.06721945826423438,0.06776921940320628,2.449640685461581,15.333333333333332,1000,15.333333333333332,2.748737083745107
