size,trial,rate,density,clustering,shortest_path,n_comp_nodes,steps,l1,l2
135,0,0.6962962962962963,0.06025428413488115,0.05131839354061572,2.5524599226091764,15.666666666666664,1000,15.666666666666664,2.6034165586355513
135,1,0.7555555555555555,0.06025428413488115,0.05131839354061572,2.5524599226091764,12.666666666666664,1000,12.666666666666664,2.309401076758503
135,2,0.7185185185185186,0.06025428413488115,0.05131839354061572,2.5524599226091764,15.333333333333332,1000,15.333333333333332,2.6666666666666665
135,3,0.8148148148148149,0.06025428413488115,0.05131839354061572,2.5524599226091764,9.333333333333332,1000,9.333333333333332,1.9436506316151003
135,4,0.7555555555555555,0.06025428413488115,0.05131839354061572,2.5524599226091764,13.666666666666664,1000,13.666666666666664,2.5603819159562025
