size,trial,rate,density,clustering,shortest_path,n_comp_nodes,steps,l1,l2
135,0,0.837037037037037,0.0626865671641791,0.06421016064290913,2.5284687672747372,9.0,1000,9.0,2.0275875100994063
135,1,0.8148148148148149,0.0626865671641791,0.06421016064290913,2.5284687672747372,9.666666666666666,1000,9.666666666666666,2.0275875100994063
135,2,0.6962962962962963,0.0626865671641791,0.06421016064290913,2.5284687672747372,17.0,1000,17.0,2.848001248439177
135,3,0.7777777777777778,0.0626865671641791,0.06421016064290913,2.5284687672747372,12.666666666666664,1000,12.666666666666664,2.494438257849294
135,4,0.7703703703703704,0.0626865671641791,0.06421016064290913,2.5284687672747372,12.333333333333332,1000,12.333333333333332,2.3333333333333335
