size,trial,rate,density,clustering,shortest_path,n_comp_nodes,steps,l1,l2
135,0,0.8,0.062354892205638474,0.06641005085449525,2.5390823659480377,10.333333333333332,1000,10.333333333333332,2.1343747458109497
135,1,0.8518518518518519,0.062354892205638474,0.06641005085449525,2.5390823659480377,9.666666666666668,1000,9.666666666666668,2.3804761428476167
135,2,0.8222222222222222,0.062354892205638474,0.06641005085449525,2.5390823659480377,11.333333333333332,1000,11.333333333333332,2.449489742783178
135,3,0.837037037037037,0.062354892205638474,0.06641005085449525,2.5390823659480377,8.666666666666666,1000,8.666666666666666,1.9436506316151
135,4,0.7851851851851852,0.062354892205638474,0.06641005085449525,2.5390823659480377,10.333333333333332,1000,10.333333333333332,1.9720265943665387
