size,trial,rate,density,clustering,shortest_path,n_comp_nodes,steps,l1,l2
135,0,0.7555555555555555,0.06323935876174683,0.058588510255176904,2.5093421779988945,12.666666666666666,1000,12.666666666666666,2.309401076758503
135,1,0.7925925925925926,0.06323935876174683,0.058588510255176904,2.5093421779988945,11.333333333333332,1000,11.333333333333332,2.309401076758503
135,2,0.7407407407407407,0.06323935876174683,0.058588510255176904,2.5093421779988945,14.666666666666666,1000,14.666666666666666,2.6666666666666665
135,3,0.6962962962962963,0.06323935876174683,0.058588510255176904,2.5093421779988945,18.333333333333332,1000,18.333333333333332,3.1091263510296048
135,4,0.7111111111111111,0.06323935876174683,0.058588510255176904,2.5093421779988945,15.666666666666666,1000,15.666666666666666,2.6457513110645907
