size,trial,rate,density,clustering,shortest_path,n_comp_nodes,steps,l1,l2
135,0,0.8,0.06334991708126037,0.05567012508188974,2.513543394140409,11.333333333333332,1000,11.333333333333332,2.3570226039551585
135,1,0.8444444444444444,0.06334991708126037,0.05567012508188974,2.513543394140409,9.0,1000,9.0,2.081665999466133
135,2,0.8148148148148149,0.06334991708126037,0.05567012508188974,2.513543394140409,11.0,1000,11.0,2.3333333333333335
135,3,0.7555555555555555,0.06334991708126037,0.05567012508188974,2.513543394140409,13.666666666666664,1000,13.666666666666664,2.6034165586355513
135,4,0.8148148148148149,0.06334991708126037,0.05567012508188974,2.513543394140409,9.666666666666666,1000,9.666666666666666,2.0275875100994063
