size,trial,rate,density,clustering,shortest_path,n_comp_nodes,steps,l1,l2
135,0,0.7481481481481482,0.06511885019347706,0.05953651891560382,2.485019347705915,14.333333333333332,1000,14.333333333333332,2.6034165586355513
135,1,0.7259259259259259,0.06511885019347706,0.05953651891560382,2.485019347705915,13.999999999999998,1000,13.999999999999998,2.403700850309326
135,2,0.7259259259259259,0.06511885019347706,0.05953651891560382,2.485019347705915,13.666666666666664,1000,13.666666666666664,2.3333333333333335
135,3,0.7185185185185186,0.06511885019347706,0.05953651891560382,2.485019347705915,16.333333333333332,1000,16.333333333333332,2.848001248439177
135,4,0.6962962962962963,0.06511885019347706,0.05953651891560382,2.485019347705915,15.666666666666664,1000,15.666666666666664,2.5603819159562025
