size,trial,rate,density,clustering,shortest_path,n_comp_nodes,steps,l1,l2
135,0,0.8148148148148149,0.060033167495854065,0.048327680549902705,2.558319513543394,11.0,1000,11.0,2.3333333333333335
135,1,0.7925925925925926,0.060033167495854065,0.048327680549902705,2.558319513543394,13.666666666666664,1000,13.666666666666664,2.7688746209726913
135,2,0.7555555555555555,0.060033167495854065,0.048327680549902705,2.558319513543394,14.333333333333332,1000,14.333333333333332,2.6457513110645903
135,3,0.8074074074074074,0.060033167495854065,0.048327680549902705,2.558319513543394,10.333333333333332,1000,10.333333333333332,2.1343747458109497
135,4,0.7555555555555555,0.060033167495854065,0.048327680549902705,2.558319513543394,12.666666666666666,1000,12.666666666666666,2.309401076758503
