size,trial,rate,density,clustering,shortest_path,n_comp_nodes,steps,l1,l2
145,0,0.8758620689655172,0.06254789272030652,0.07747872591685974,2.499329501915709,10.666666666666666,1000,10.666666666666666,2.7888667551135855
145,1,0.8413793103448276,0.06254789272030652,0.07747872591685974,2.499329501915709,13.333333333333332,1000,13.333333333333332,3.0550504633038935
145,2,0.8896551724137931,0.06254789272030652,0.07747872591685974,2.499329501915709,10.0,1000,10.0,2.70801280154532
145,3,0.8758620689655172,0.06254789272030652,0.07747872591685974,2.499329501915709,11.333333333333332,1000,11.333333333333332,2.8674417556808756
145,4,0.8620689655172413,0.06254789272030652,0.07747872591685974,2.499329501915709,12.0,1000,12.0,2.9814239699997196
