size,trial,rate,density,clustering,shortest_path,n_comp_nodes,steps,l1,l2
145,0,0.8344827586206897,0.061685823754789273,0.0670312254795013,2.516954022988506,12.333333333333332,1000,12.333333333333332,2.8087165910587863
145,1,0.8758620689655172,0.061685823754789273,0.0670312254795013,2.516954022988506,11.666666666666668,1000,11.666666666666668,3.0
145,2,0.8137931034482758,0.061685823754789273,0.0670312254795013,2.516954022988506,16.333333333333332,1000,16.333333333333332,3.48010216963685
145,3,0.8137931034482758,0.061685823754789273,0.0670312254795013,2.516954022988506,19.0,1000,19.0,3.958114029012639
145,4,0.8344827586206897,0.061685823754789273,0.0670312254795013,2.516954022988506,17.666666666666664,1000,17.666666666666664,3.844187531556932
