size,trial,rate,density,clustering,shortest_path,n_comp_nodes,steps,l1,l2
145,0,0.8689655172413793,0.06245210727969348,0.05288110357075871,2.491475095785441,10.666666666666664,1000,10.666666666666664,2.70801280154532
145,1,0.8206896551724138,0.06245210727969348,0.05288110357075871,2.491475095785441,14.666666666666666,1000,14.666666666666666,3.126943839882286
145,2,0.8413793103448276,0.06245210727969348,0.05288110357075871,2.491475095785441,14.333333333333334,1000,14.333333333333334,3.2829526005987013
145,3,0.8275862068965517,0.06245210727969348,0.05288110357075871,2.491475095785441,16.0,1000,16.0,3.496029493900505
145,4,0.8413793103448276,0.06245210727969348,0.05288110357075871,2.491475095785441,11.333333333333332,1000,11.333333333333332,2.581988897471611
