size,trial,rate,density,clustering,shortest_path,n_comp_nodes,steps,l1,l2
145,0,0.8689655172413793,0.062164750957854405,0.06073261987055085,2.503544061302682,10.0,1000,10.0,2.5385910352879693
145,1,0.8551724137931034,0.062164750957854405,0.06073261987055085,2.503544061302682,12.666666666666668,1000,12.666666666666668,3.0550504633038935
145,2,0.8137931034482758,0.062164750957854405,0.06073261987055085,2.503544061302682,15.333333333333332,1000,15.333333333333332,3.2659863237109037
145,3,0.8413793103448276,0.062164750957854405,0.06073261987055085,2.503544061302682,12.666666666666666,1000,12.666666666666666,2.943920288775949
145,4,0.8206896551724138,0.062164750957854405,0.06073261987055085,2.503544061302682,13.666666666666668,1000,13.666666666666668,3.0
