size,trial,rate,density,clustering,shortest_path,n_comp_nodes,steps,l1,l2
145,0,0.8551724137931034,0.06197318007662835,0.0606453170449113,2.507854406130268,14.666666666666664,1000,14.666666666666664,3.431876713662333
145,1,0.8137931034482758,0.06197318007662835,0.0606453170449113,2.507854406130268,13.333333333333332,1000,13.333333333333332,2.788866755113585
145,2,0.8620689655172413,0.06197318007662835,0.0606453170449113,2.507854406130268,12.666666666666666,1000,12.666666666666666,3.1269438398822866
145,3,0.8206896551724138,0.06197318007662835,0.0606453170449113,2.507854406130268,15.333333333333332,1000,15.333333333333332,3.3333333333333335
145,4,0.8827586206896552,0.06197318007662835,0.0606453170449113,2.507854406130268,11.666666666666666,1000,11.666666666666666,3.073181485764296
