size,trial,rate,density,clustering,shortest_path,n_comp_nodes,steps,l1,l2
145,0,0.8620689655172413,0.06063218390804598,0.05912742429983805,2.517528735632184,9.333333333333332,1000,9.333333333333332,2.3570226039551585
145,1,0.8482758620689655,0.06063218390804598,0.05912742429983805,2.517528735632184,12.666666666666666,1000,12.666666666666666,3.018461712712472
145,2,0.8482758620689655,0.06063218390804598,0.05912742429983805,2.517528735632184,12.333333333333332,1000,12.333333333333332,2.886751345948129
145,3,0.8344827586206897,0.06063218390804598,0.05912742429983805,2.517528735632184,14.333333333333332,1000,14.333333333333332,3.2489314482696545
145,4,0.8275862068965517,0.06063218390804598,0.05912742429983805,2.517528735632184,16.0,1000,16.0,3.4641016151377544
