size,trial,rate,density,clustering,shortest_path,n_comp_nodes,steps,l1,l2
145,0,0.8,0.06829501915708812,0.06714712389848501,2.4171455938697317,16.666666666666664,1000,16.666666666666664,3.4960294939005054
145,1,0.8896551724137931,0.06829501915708812,0.06714712389848501,2.4171455938697317,9.666666666666666,1000,9.666666666666666,2.6457513110645907
145,2,0.8689655172413793,0.06829501915708812,0.06714712389848501,2.4171455938697317,13.333333333333332,1000,13.333333333333332,3.366501646120693
145,3,0.8344827586206897,0.06829501915708812,0.06714712389848501,2.4171455938697317,14.333333333333332,1000,14.333333333333332,3.2145502536643185
145,4,0.8413793103448276,0.06829501915708812,0.06714712389848501,2.4171455938697317,11.333333333333332,1000,11.333333333333332,2.6246692913372702
