size,trial,rate,density,clustering,shortest_path,n_comp_nodes,steps,l1,l2
145,0,0.8827586206896552,0.06264367816091954,0.06353205280182962,2.495402298850575,10.666666666666666,1000,10.666666666666666,2.8284271247461903
145,1,0.8620689655172413,0.06264367816091954,0.06353205280182962,2.495402298850575,12.0,1000,12.0,2.9059326290271157
145,2,0.8689655172413793,0.06264367816091954,0.06353205280182962,2.495402298850575,9.0,1000,9.0,2.23606797749979
145,3,0.8,0.06264367816091954,0.06353205280182962,2.495402298850575,16.333333333333336,1000,16.333333333333336,3.4156502553198664
145,4,0.8551724137931034,0.06264367816091954,0.06353205280182962,2.495402298850575,12.0,1000,12.0,2.9059326290271157
