size,trial,rate,density,clustering,shortest_path,n_comp_nodes,steps,l1,l2
145,0,0.8275862068965517,0.06264367816091954,0.0546956289146958,2.496360153256705,13.333333333333332,1000,13.333333333333332,3.018461712712472
145,1,0.8482758620689655,0.06264367816091954,0.0546956289146958,2.496360153256705,17.0,1000,17.0,3.844187531556932
145,2,0.8137931034482758,0.06264367816091954,0.0546956289146958,2.496360153256705,14.0,1000,14.0,3.018461712712472
145,3,0.8620689655172413,0.06264367816091954,0.0546956289146958,2.496360153256705,11.0,1000,11.0,2.6874192494328497
145,4,0.8,0.06264367816091954,0.0546956289146958,2.496360153256705,15.333333333333334,1000,15.333333333333334,3.162277660168379
