size,trial,rate,density,clustering,shortest_path,n_comp_nodes,steps,l1,l2
145,0,0.8137931034482758,0.06111111111111111,0.059382628865387414,2.507375478927203,13.666666666666664,1000,13.666666666666664,2.9249881291307074
145,1,0.8551724137931034,0.06111111111111111,0.059382628865387414,2.507375478927203,11.0,1000,11.0,2.6874192494328497
145,2,0.8620689655172413,0.06111111111111111,0.059382628865387414,2.507375478927203,12.666666666666668,1000,12.666666666666668,3.0550504633038935
145,3,0.8344827586206897,0.06111111111111111,0.059382628865387414,2.507375478927203,13.333333333333332,1000,13.333333333333332,3.018461712712472
145,4,0.8344827586206897,0.06111111111111111,0.059382628865387414,2.507375478927203,12.333333333333332,1000,12.333333333333332,2.7688746209726913
