size,trial,rate,density,clustering,shortest_path,n_comp_nodes,steps,l1,l2
165,0,0.8242424242424242,0.060679970436067994,0.06115399855900834,2.460827790096083,14.333333333333332,1000,14.333333333333332,3.0
165,1,0.8545454545454545,0.060679970436067994,0.06115399855900834,2.460827790096083,15.333333333333332,1000,15.333333333333332,3.431876713662333
165,2,0.8909090909090909,0.060679970436067994,0.06115399855900834,2.460827790096083,13.333333333333332,1000,13.333333333333332,3.2998316455372216
165,3,0.8484848484848485,0.060679970436067994,0.06115399855900834,2.460827790096083,16.666666666666664,1000,16.666666666666664,3.651483716701107
165,4,0.896969696969697,0.060679970436067994,0.06115399855900834,2.460827790096083,11.666666666666666,1000,11.666666666666666,3.0368111930480994
