size,trial,rate,density,clustering,shortest_path,n_comp_nodes,steps,l1,l2
165,0,0.8363636363636364,0.058906134515890614,0.060342653979017585,2.490169992609017,13.333333333333332,1000,13.333333333333332,2.8284271247461903
165,1,0.8666666666666667,0.058906134515890614,0.060342653979017585,2.490169992609017,12.999999999999998,1000,12.999999999999998,3.0368111930480994
165,2,0.8545454545454545,0.058906134515890614,0.060342653979017585,2.490169992609017,13.333333333333334,1000,13.333333333333334,3.018461712712472
165,3,0.8303030303030303,0.058906134515890614,0.060342653979017585,2.490169992609017,14.666666666666666,1000,14.666666666666666,3.091206165165234
165,4,0.8727272727272728,0.058906134515890614,0.060342653979017585,2.490169992609017,11.666666666666664,1000,11.666666666666664,2.848001248439177
