size,trial,rate,density,clustering,shortest_path,n_comp_nodes,steps,l1,l2
165,0,0.8545454545454545,0.05720620842572062,0.05356373968673427,2.5227642276422766,13.333333333333332,1000,13.333333333333332,2.9059326290271157
165,1,0.8484848484848485,0.05720620842572062,0.05356373968673427,2.5227642276422766,13.666666666666666,1000,13.666666666666666,3.073181485764296
165,2,0.8848484848484849,0.05720620842572062,0.05356373968673427,2.5227642276422766,11.0,1000,11.0,2.7688746209726913
165,3,0.8545454545454545,0.05720620842572062,0.05356373968673427,2.5227642276422766,15.666666666666666,1000,15.666666666666666,3.5433819375782165
165,4,0.8727272727272728,0.05720620842572062,0.05356373968673427,2.5227642276422766,13.0,1000,13.0,3.1446603773522015
