size,trial,rate,density,clustering,shortest_path,n_comp_nodes,steps,l1,l2
165,0,0.8848484848484849,0.06378418329637842,0.06884352458374408,2.421581670362158,11.0,1000,11.0,2.7688746209726913
165,1,0.8787878787878788,0.06378418329637842,0.06884352458374408,2.421581670362158,10.666666666666664,1000,10.666666666666664,2.6666666666666665
165,2,0.8787878787878788,0.06378418329637842,0.06884352458374408,2.421581670362158,13.333333333333332,1000,13.333333333333332,3.2317865716108862
165,3,0.8606060606060606,0.06378418329637842,0.06884352458374408,2.421581670362158,14.333333333333332,1000,14.333333333333332,3.3166247903554
165,4,0.8909090909090909,0.06378418329637842,0.06884352458374408,2.421581670362158,10.666666666666664,1000,10.666666666666664,2.70801280154532
