size,trial,rate,density,clustering,shortest_path,n_comp_nodes,steps,l1,l2
165,0,0.8484848484848485,0.061271249076127125,0.06529215189642992,2.456910569105691,13.666666666666664,1000,13.666666666666664,2.9627314724385294
165,1,0.8666666666666667,0.061271249076127125,0.06529215189642992,2.456910569105691,14.0,1000,14.0,3.265986323710904
165,2,0.8606060606060606,0.061271249076127125,0.06529215189642992,2.456910569105691,13.0,1000,13.0,3.0368111930481
165,3,0.8666666666666667,0.061271249076127125,0.06529215189642992,2.456910569105691,11.666666666666666,1000,11.666666666666666,2.8087165910587863
165,4,0.8666666666666667,0.061271249076127125,0.06529215189642992,2.456910569105691,15.666666666666664,1000,15.666666666666664,3.511884584284246
