size,trial,rate,density,clustering,shortest_path,n_comp_nodes,steps,l1,l2
165,0,0.8727272727272728,0.06267553584626756,0.06203694008506834,2.4409460458240946,12.333333333333332,1000,12.333333333333332,2.9249881291307074
165,1,0.9030303030303031,0.06267553584626756,0.06203694008506834,2.4409460458240946,8.333333333333332,1000,8.333333333333332,2.3333333333333335
165,2,0.8484848484848485,0.06267553584626756,0.06203694008506834,2.4409460458240946,15.333333333333334,1000,15.333333333333334,3.4318767136623336
165,3,0.8727272727272728,0.06267553584626756,0.06203694008506834,2.4409460458240946,10.333333333333332,1000,10.333333333333332,2.5166114784235836
165,4,0.9030303030303031,0.06267553584626756,0.06203694008506834,2.4409460458240946,8.666666666666668,1000,8.666666666666668,2.4037008503093262
