size,trial,rate,density,clustering,shortest_path,n_comp_nodes,steps,l1,l2
165,0,0.8606060606060606,0.06348854397634886,0.061352429507509694,2.4258684405025868,12.0,1000,12.0,2.7888667551135855
165,1,0.9090909090909091,0.06348854397634886,0.061352429507509694,2.4258684405025868,9.333333333333332,1000,9.333333333333332,2.6246692913372702
165,2,0.8545454545454545,0.06348854397634886,0.061352429507509694,2.4258684405025868,13.666666666666666,1000,13.666666666666666,3.109126351029605
165,3,0.8606060606060606,0.06348854397634886,0.061352429507509694,2.4258684405025868,12.0,1000,12.0,2.748737083745107
165,4,0.9151515151515152,0.06348854397634886,0.061352429507509694,2.4258684405025868,8.333333333333332,1000,8.333333333333332,2.4720661623652207
