size,trial,rate,density,clustering,shortest_path,n_comp_nodes,steps,l1,l2
165,0,0.8545454545454545,0.05920177383592018,0.059219147699305245,2.489209164818921,12.333333333333332,1000,12.333333333333332,2.808716591058786
165,1,0.8606060606060606,0.05920177383592018,0.059219147699305245,2.489209164818921,15.0,1000,15.0,3.3829638550307397
165,2,0.8303030303030303,0.05920177383592018,0.059219147699305245,2.489209164818921,13.666666666666668,1000,13.666666666666668,2.848001248439177
165,3,0.8727272727272728,0.05920177383592018,0.059219147699305245,2.489209164818921,12.333333333333332,1000,12.333333333333332,2.9249881291307074
165,4,0.8484848484848485,0.05920177383592018,0.059219147699305245,2.489209164818921,13.0,1000,13.0,2.8867513459481287
