size,trial,rate,density,clustering,shortest_path,n_comp_nodes,steps,l1,l2
165,0,0.8666666666666667,0.06104951958610495,0.05499938699488371,2.459571322985957,10.0,1000,10.0,2.3570226039551585
165,1,0.8848484848484849,0.06104951958610495,0.05499938699488371,2.459571322985957,11.333333333333332,1000,11.333333333333332,2.8284271247461903
165,2,0.8666666666666667,0.06104951958610495,0.05499938699488371,2.459571322985957,14.0,1000,14.0,3.265986323710904
165,3,0.8727272727272728,0.06104951958610495,0.05499938699488371,2.459571322985957,12.0,1000,12.0,2.8674417556808756
165,4,0.8727272727272728,0.06104951958610495,0.05499938699488371,2.459571322985957,14.666666666666664,1000,14.666666666666664,3.4641016151377544
