size,trial,rate,density,clustering,shortest_path,n_comp_nodes,steps,l1,l2
85,0,0.6470588235294117,0.06610644257703081,0.0656548680078092,2.7641456582633053,15.666666666666666,1000,15.666666666666666,3.1446603773522015
85,1,0.6470588235294117,0.06610644257703081,0.0656548680078092,2.7641456582633053,15.666666666666666,1000,15.666666666666666,3.214550253664318
85,2,0.6941176470588235,0.06610644257703081,0.0656548680078092,2.7641456582633053,15.0,1000,15.0,3.2145502536643185
85,3,0.6352941176470588,0.06610644257703081,0.0656548680078092,2.7641456582633053,19.0,1000,19.0,3.6666666666666665
85,4,0.7176470588235294,0.06610644257703081,0.0656548680078092,2.7641456582633053,13.999999999999998,1000,13.999999999999998,3.1622776601683795
