size,trial,rate,density,clustering,shortest_path,n_comp_nodes,steps,l1,l2
85,0,0.6941176470588235,0.07198879551820728,0.057518886342415754,2.6294117647058823,14.333333333333334,1000,14.333333333333334,3.0731814857642954
85,1,0.7647058823529411,0.07198879551820728,0.057518886342415754,2.6294117647058823,11.666666666666666,1000,11.666666666666666,2.848001248439177
85,2,0.6352941176470588,0.07198879551820728,0.057518886342415754,2.6294117647058823,15.666666666666666,1000,15.666666666666666,3.1091263510296048
85,3,0.6705882352941177,0.07198879551820728,0.057518886342415754,2.6294117647058823,14.333333333333334,1000,14.333333333333334,3.0
85,4,0.7529411764705882,0.07198879551820728,0.057518886342415754,2.6294117647058823,10.999999999999998,1000,10.999999999999998,2.6457513110645907
