size,trial,rate,density,clustering,shortest_path,n_comp_nodes,steps,l1,l2
85,0,0.6470588235294117,0.06638655462184874,0.0877879636703166,2.724089635854342,16.999999999999996,1000,16.999999999999996,3.48010216963685
85,1,0.7176470588235294,0.06638655462184874,0.0877879636703166,2.724089635854342,12.666666666666666,1000,12.666666666666666,2.8674417556808756
85,2,0.6352941176470588,0.06638655462184874,0.0877879636703166,2.724089635854342,16.333333333333332,1000,16.333333333333332,3.2829526005987018
85,3,0.7411764705882353,0.06638655462184874,0.0877879636703166,2.724089635854342,10.999999999999998,1000,10.999999999999998,2.5166114784235836
85,4,0.6823529411764706,0.06638655462184874,0.0877879636703166,2.724089635854342,13.666666666666668,1000,13.666666666666668,2.9627314724385294
