size,trial,rate,density,clustering,shortest_path,n_comp_nodes,steps,l1,l2
85,0,0.6588235294117647,0.06750700280112044,0.06982938629997451,2.7518207282913165,14.0,1000,14.0,2.8674417556808756
85,1,0.6823529411764706,0.06750700280112044,0.06982938629997451,2.7518207282913165,15.666666666666666,1000,15.666666666666666,3.34995854037363
85,2,0.7176470588235294,0.06750700280112044,0.06982938629997451,2.7518207282913165,13.666666666666668,1000,13.666666666666668,3.0731814857642954
85,3,0.7058823529411764,0.06750700280112044,0.06982938629997451,2.7518207282913165,16.333333333333332,1000,16.333333333333332,3.6055512754639896
85,4,0.7294117647058824,0.06750700280112044,0.06982938629997451,2.7518207282913165,13.333333333333332,1000,13.333333333333332,3.0912061651652345
