size,trial,rate,density,clustering,shortest_path,n_comp_nodes,steps,l1,l2
85,0,0.7647058823529411,0.07450980392156863,0.06270650917709741,2.5913165266106444,11.0,1000,11.0,2.8087165910587863
85,1,0.7529411764705882,0.07450980392156863,0.06270650917709741,2.5913165266106444,14.333333333333332,1000,14.333333333333332,3.4156502553198664
85,2,0.7058823529411764,0.07450980392156863,0.06270650917709741,2.5913165266106444,14.333333333333332,1000,14.333333333333332,3.073181485764296
85,3,0.8,0.07450980392156863,0.06270650917709741,2.5913165266106444,11.333333333333334,1000,11.333333333333334,3.018461712712472
85,4,0.7411764705882353,0.07450980392156863,0.06270650917709741,2.5913165266106444,12.0,1000,12.0,2.8674417556808756
