size,trial,rate,density,clustering,shortest_path,n_comp_nodes,steps,l1,l2
85,0,0.7058823529411764,0.07170868347338935,0.07324662265838736,2.653221288515406,14.666666666666664,1000,14.666666666666664,3.197221015541813
85,1,0.788235294117647,0.07170868347338935,0.07324662265838736,2.653221288515406,8.333333333333332,1000,8.333333333333332,2.185812841434
85,2,0.7529411764705882,0.07170868347338935,0.07324662265838736,2.653221288515406,13.0,1000,13.0,3.1797973380564852
85,3,0.7294117647058824,0.07170868347338935,0.07324662265838736,2.653221288515406,12.000000000000002,1000,12.000000000000002,2.788866755113585
85,4,0.6823529411764706,0.07170868347338935,0.07324662265838736,2.653221288515406,15.666666666666666,1000,15.666666666666666,3.3166247903554
