size,trial,rate,density,clustering,shortest_path,n_comp_nodes,steps,l1,l2
85,0,0.6705882352941177,0.06638655462184874,0.04714710126474833,2.7,16.333333333333332,1000,16.333333333333332,3.415650255319866
85,1,0.611764705882353,0.06638655462184874,0.04714710126474833,2.7,15.666666666666666,1000,15.666666666666666,3.0368111930480994
85,2,0.7411764705882353,0.06638655462184874,0.04714710126474833,2.7,12.666666666666666,1000,12.666666666666666,3.018461712712472
85,3,0.7058823529411764,0.06638655462184874,0.04714710126474833,2.7,16.0,1000,16.0,3.496029493900505
85,4,0.7058823529411764,0.06638655462184874,0.04714710126474833,2.7,11.666666666666666,1000,11.666666666666666,2.516611478423583
