size,trial,rate,density,clustering,shortest_path,n_comp_nodes,steps,l1,l2
85,0,0.7176470588235294,0.07198879551820728,0.08260354025059904,2.6523809523809523,14.0,1000,14.0,3.1622776601683795
85,1,0.7058823529411764,0.07198879551820728,0.08260354025059904,2.6523809523809523,14.333333333333332,1000,14.333333333333332,3.2145502536643185
85,2,0.6705882352941177,0.07198879551820728,0.08260354025059904,2.6523809523809523,17.333333333333332,1000,17.333333333333332,3.496029493900505
85,3,0.788235294117647,0.07198879551820728,0.08260354025059904,2.6523809523809523,11.666666666666666,1000,11.666666666666666,3.0
85,4,0.788235294117647,0.07198879551820728,0.08260354025059904,2.6523809523809523,11.333333333333332,1000,11.333333333333332,2.9059326290271157
