size,trial,rate,density,clustering,shortest_path,n_comp_nodes,steps,l1,l2
65,0,0.6153846153846154,0.07355769230769231,0.061794871794871795,2.81875,14.333333333333332,1000,14.333333333333332,3.073181485764296
65,1,0.5538461538461539,0.07355769230769231,0.061794871794871795,2.81875,16.666666666666664,1000,16.666666666666664,3.39934634239519
65,2,0.6461538461538461,0.07355769230769231,0.061794871794871795,2.81875,12.333333333333332,1000,12.333333333333332,2.8867513459481287
65,3,0.7384615384615385,0.07355769230769231,0.061794871794871795,2.81875,8.666666666666666,1000,8.666666666666666,2.211083193570267
65,4,0.7384615384615385,0.07355769230769231,0.061794871794871795,2.81875,8.333333333333334,1000,8.333333333333334,2.23606797749979
