size,trial,rate,density,clustering,shortest_path,n_comp_nodes,steps,l1,l2
65,0,0.676923076923077,0.08076923076923077,0.0652003552003552,2.644230769230769,12.0,1000,12.0,2.9439202887759492
65,1,0.6461538461538461,0.08076923076923077,0.0652003552003552,2.644230769230769,12.666666666666664,1000,12.666666666666664,2.8674417556808756
65,2,0.6923076923076923,0.08076923076923077,0.0652003552003552,2.644230769230769,11.666666666666666,1000,11.666666666666666,2.808716591058786
65,3,0.6461538461538461,0.08076923076923077,0.0652003552003552,2.644230769230769,14.333333333333332,1000,14.333333333333332,3.2489314482696545
65,4,0.7538461538461538,0.08076923076923077,0.0652003552003552,2.644230769230769,9.666666666666666,1000,9.666666666666666,2.6034165586355518
