size,trial,rate,density,clustering,shortest_path,n_comp_nodes,steps,l1,l2
65,0,0.6461538461538461,0.08173076923076923,0.10163392163392164,2.6355769230769233,12.666666666666664,1000,12.666666666666664,2.9814239699997196
65,1,0.6923076923076923,0.08173076923076923,0.10163392163392164,2.6355769230769233,11.0,1000,11.0,2.7284509239574835
65,2,0.676923076923077,0.08173076923076923,0.10163392163392164,2.6355769230769233,12.333333333333334,1000,12.333333333333334,3.0
65,3,0.5846153846153845,0.08173076923076923,0.10163392163392164,2.6355769230769233,14.666666666666664,1000,14.666666666666664,3.0912061651652345
65,4,0.676923076923077,0.08173076923076923,0.10163392163392164,2.6355769230769233,12.0,1000,12.0,2.8674417556808756
