size,trial,rate,density,clustering,shortest_path,n_comp_nodes,steps,l1,l2
65,0,0.7230769230769231,0.08605769230769231,0.10993613224382455,2.585576923076923,9.0,1000,9.0,2.3804761428476167
65,1,0.7076923076923076,0.08605769230769231,0.10993613224382455,2.585576923076923,11.333333333333332,1000,11.333333333333332,2.788866755113585
65,2,0.6615384615384615,0.08605769230769231,0.10993613224382455,2.585576923076923,10.999999999999998,1000,10.999999999999998,2.6034165586355513
65,3,0.7076923076923076,0.08605769230769231,0.10993613224382455,2.585576923076923,11.0,1000,11.0,2.7688746209726913
65,4,0.6923076923076923,0.08605769230769231,0.10993613224382455,2.585576923076923,12.333333333333332,1000,12.333333333333332,3.0
