size,trial,rate,density,clustering,shortest_path,n_comp_nodes,steps,l1,l2
65,0,0.7076923076923076,0.0798076923076923,0.07335775335775334,2.691346153846154,11.0,1000,11.0,2.7688746209726918
65,1,0.6461538461538461,0.0798076923076923,0.07335775335775334,2.691346153846154,10.333333333333332,1000,10.333333333333332,2.3804761428476167
65,2,0.7076923076923076,0.0798076923076923,0.07335775335775334,2.691346153846154,11.0,1000,11.0,2.848001248439177
65,3,0.676923076923077,0.0798076923076923,0.07335775335775334,2.691346153846154,11.0,1000,11.0,2.6457513110645907
65,4,0.7230769230769231,0.0798076923076923,0.07335775335775334,2.691346153846154,10.333333333333332,1000,10.333333333333332,2.6874192494328497
