size,trial,rate,density,clustering,shortest_path,n_comp_nodes,steps,l1,l2
65,0,0.7076923076923076,0.07788461538461539,0.10299145299145296,2.7245192307692307,10.333333333333332,1000,10.333333333333332,2.560381915956203
65,1,0.676923076923077,0.07788461538461539,0.10299145299145296,2.7245192307692307,11.666666666666666,1000,11.666666666666666,2.7688746209726913
65,2,0.6,0.07788461538461539,0.10299145299145296,2.7245192307692307,15.0,1000,15.0,3.2829526005987018
65,3,0.7076923076923076,0.07788461538461539,0.10299145299145296,2.7245192307692307,12.0,1000,12.0,2.9814239699997196
65,4,0.6615384615384615,0.07788461538461539,0.10299145299145296,2.7245192307692307,12.666666666666664,1000,12.666666666666664,2.943920288775949
