size,trial,rate,density,clustering,shortest_path,n_comp_nodes,steps,l1,l2
65,0,0.6615384615384615,0.07932692307692307,0.09634920634920636,2.7322115384615384,12.666666666666666,1000,12.666666666666666,2.943920288775949
65,1,0.6923076923076923,0.07932692307692307,0.09634920634920636,2.7322115384615384,12.666666666666666,1000,12.666666666666666,3.1269438398822866
65,2,0.7076923076923076,0.07932692307692307,0.09634920634920636,2.7322115384615384,10.666666666666666,1000,10.666666666666666,2.7080128015453204
65,3,0.6923076923076923,0.07932692307692307,0.09634920634920636,2.7322115384615384,11.666666666666666,1000,11.666666666666666,2.848001248439177
65,4,0.7230769230769231,0.07932692307692307,0.09634920634920636,2.7322115384615384,11.0,1000,11.0,2.848001248439177
