size,trial,rate,density,clustering,shortest_path,n_comp_nodes,steps,l1,l2
65,0,0.676923076923077,0.08173076923076923,0.08662892662892661,2.639423076923077,14.333333333333332,1000,14.333333333333332,3.34995854037363
65,1,0.5846153846153845,0.08173076923076923,0.08662892662892661,2.639423076923077,16.0,1000,16.0,3.4318767136623336
65,2,0.7384615384615385,0.08173076923076923,0.08662892662892661,2.639423076923077,8.666666666666666,1000,8.666666666666666,2.3094010767585034
65,3,0.7384615384615385,0.08173076923076923,0.08662892662892661,2.639423076923077,9.999999999999998,1000,9.999999999999998,2.6666666666666665
65,4,0.7076923076923076,0.08173076923076923,0.08662892662892661,2.639423076923077,11.666666666666666,1000,11.666666666666666,2.8867513459481287
