size,trial,rate,density,clustering,shortest_path,n_comp_nodes,steps,l1,l2
65,0,0.7230769230769231,0.0798076923076923,0.04727716727716727,2.7201923076923076,11.0,1000,11.0,2.808716591058786
65,1,0.676923076923077,0.0798076923076923,0.04727716727716727,2.7201923076923076,11.333333333333332,1000,11.333333333333332,2.748737083745107
65,2,0.7230769230769231,0.0798076923076923,0.04727716727716727,2.7201923076923076,11.333333333333332,1000,11.333333333333332,2.8674417556808756
65,3,0.6153846153846154,0.0798076923076923,0.04727716727716727,2.7201923076923076,13.666666666666664,1000,13.666666666666664,2.9627314724385294
65,4,0.6,0.0798076923076923,0.04727716727716727,2.7201923076923076,15.333333333333332,1000,15.333333333333332,3.2998316455372216
