size,trial,rate,density,clustering,shortest_path,n_comp_nodes,steps,l1,l2
65,0,0.6307692307692307,0.07163461538461538,0.07401598401598401,2.797596153846154,14.666666666666666,1000,14.666666666666666,3.2998316455372216
65,1,0.5846153846153845,0.07163461538461538,0.07401598401598401,2.797596153846154,18.333333333333332,1000,18.333333333333332,3.815174380753199
65,2,0.6307692307692307,0.07163461538461538,0.07401598401598401,2.797596153846154,13.333333333333334,1000,13.333333333333334,2.9814239699997196
65,3,0.5538461538461539,0.07163461538461538,0.07401598401598401,2.797596153846154,19.666666666666664,1000,19.666666666666664,3.958114029012639
65,4,0.676923076923077,0.07163461538461538,0.07401598401598401,2.797596153846154,11.333333333333332,1000,11.333333333333332,2.748737083745107
