size,trial,rate,density,clustering,shortest_path,n_comp_nodes,steps,l1,l2
45,0,0.6444444444444444,0.0898989898989899,0.09523809523809526,2.907070707070707,10.333333333333332,1000,10.333333333333332,2.848001248439177
45,1,0.5555555555555556,0.0898989898989899,0.09523809523809526,2.907070707070707,11.666666666666666,1000,11.666666666666666,2.8087165910587863
45,2,0.6222222222222222,0.0898989898989899,0.09523809523809526,2.907070707070707,9.333333333333332,1000,9.333333333333332,2.449489742783178
45,3,0.5333333333333333,0.0898989898989899,0.09523809523809526,2.907070707070707,12.333333333333334,1000,12.333333333333334,2.8867513459481287
45,4,0.5555555555555556,0.0898989898989899,0.09523809523809526,2.907070707070707,10.333333333333334,1000,10.333333333333334,2.4267032964268394
