size,trial,rate,density,clustering,shortest_path,n_comp_nodes,steps,l1,l2
45,0,0.6,0.10404040404040404,0.081657848324515,2.5898989898989897,8.333333333333334,1000,8.333333333333334,2.185812841434
45,1,0.5333333333333333,0.10404040404040404,0.081657848324515,2.5898989898989897,10.999999999999998,1000,10.999999999999998,2.6034165586355513
45,2,0.7555555555555555,0.10404040404040404,0.081657848324515,2.5898989898989897,6.333333333333333,1000,6.333333333333333,2.0275875100994063
45,3,0.6888888888888889,0.10404040404040404,0.081657848324515,2.5898989898989897,7.0,1000,7.0,2.0275875100994063
45,4,0.6444444444444444,0.10404040404040404,0.081657848324515,2.5898989898989897,10.666666666666666,1000,10.666666666666666,2.8674417556808756
