size,trial,rate,density,clustering,shortest_path,n_comp_nodes,steps,l1,l2
45,0,0.6,0.09898989898989899,0.05335097001763668,2.672727272727273,8.999999999999998,1000,8.999999999999998,2.333333333333333
45,1,0.5333333333333333,0.09898989898989899,0.05335097001763668,2.672727272727273,8.666666666666668,1000,8.666666666666668,2.054804667656325
45,2,0.7111111111111111,0.09898989898989899,0.05335097001763668,2.672727272727273,9.333333333333332,1000,9.333333333333332,2.70801280154532
45,3,0.7333333333333334,0.09898989898989899,0.05335097001763668,2.672727272727273,8.0,1000,8.0,2.4037008503093262
45,4,0.6222222222222222,0.09898989898989899,0.05335097001763668,2.672727272727273,8.333333333333332,1000,8.333333333333332,2.2852182001336816
