size,trial,rate,density,clustering,shortest_path,n_comp_nodes,steps,l1,l2
45,0,0.6888888888888889,0.09090909090909091,0.05855379188712523,2.7767676767676766,7.666666666666666,1000,7.666666666666666,2.185812841434
45,1,0.6,0.09090909090909091,0.05855379188712523,2.7767676767676766,12.0,1000,12.0,3.018461712712472
45,2,0.6444444444444444,0.09090909090909091,0.05855379188712523,2.7767676767676766,8.999999999999998,1000,8.999999999999998,2.4267032964268394
45,3,0.5111111111111111,0.09090909090909091,0.05855379188712523,2.7767676767676766,10.333333333333332,1000,10.333333333333332,2.3804761428476167
45,4,0.6,0.09090909090909091,0.05855379188712523,2.7767676767676766,9.0,1000,9.0,2.285218200133681
