size,trial,rate,density,clustering,shortest_path,n_comp_nodes,steps,l1,l2
45,0,0.6222222222222222,0.09494949494949495,0.06686067019400353,2.721212121212121,8.999999999999998,1000,8.999999999999998,2.3333333333333335
45,1,0.4222222222222223,0.09494949494949495,0.06686067019400353,2.721212121212121,15.666666666666666,1000,15.666666666666666,3.3166247903553994
45,2,0.6666666666666667,0.09494949494949495,0.06686067019400353,2.721212121212121,8.666666666666666,1000,8.666666666666666,2.403700850309326
45,3,0.4222222222222223,0.09494949494949495,0.06686067019400353,2.721212121212121,13.999999999999998,1000,13.999999999999998,2.981423969999719
45,4,0.6888888888888889,0.09494949494949495,0.06686067019400353,2.721212121212121,9.0,1000,9.0,2.4720661623652207
