size,trial,rate,density,clustering,shortest_path,n_comp_nodes,steps,l1,l2
45,0,0.5333333333333333,0.08080808080808081,0.04328042328042328,3.1121212121212123,12.333333333333334,1000,12.333333333333334,2.8867513459481287
45,1,0.48888888888888893,0.08080808080808081,0.04328042328042328,3.1121212121212123,13.999999999999998,1000,13.999999999999998,3.0550504633038935
45,2,0.5777777777777777,0.08080808080808081,0.04328042328042328,3.1121212121212123,13.0,1000,13.0,3.2145502536643185
45,3,0.6444444444444444,0.08080808080808081,0.04328042328042328,3.1121212121212123,9.666666666666666,1000,9.666666666666666,2.516611478423583
45,4,0.5555555555555556,0.08080808080808081,0.04328042328042328,3.1121212121212123,11.666666666666666,1000,11.666666666666666,2.7284509239574835
