size,trial,rate,density,clustering,shortest_path,n_comp_nodes,steps,l1,l2
45,0,0.5777777777777777,0.08787878787878788,0.10380952380952381,2.9242424242424243,11.999999999999998,1000,11.999999999999998,2.9059326290271157
45,1,0.6444444444444444,0.08787878787878788,0.10380952380952381,2.9242424242424243,9.666666666666666,1000,9.666666666666666,2.5603819159562025
45,2,0.5555555555555556,0.08787878787878788,0.10380952380952381,2.9242424242424243,10.0,1000,10.0,2.403700850309326
45,3,0.6666666666666667,0.08787878787878788,0.10380952380952381,2.9242424242424243,8.666666666666666,1000,8.666666666666666,2.3570226039551585
45,4,0.5777777777777777,0.08787878787878788,0.10380952380952381,2.9242424242424243,9.999999999999998,1000,9.999999999999998,2.449489742783178
