size,trial,rate,density,clustering,shortest_path,n_comp_nodes,steps,l1,l2
45,0,0.6222222222222222,0.09292929292929293,0.062186948853615524,2.7393939393939393,9.0,1000,9.0,2.285218200133681
45,1,0.5333333333333333,0.09292929292929293,0.062186948853615524,2.7393939393939393,11.666666666666668,1000,11.666666666666668,2.7284509239574835
45,2,0.5555555555555556,0.09292929292929293,0.062186948853615524,2.7393939393939393,10.0,1000,10.0,2.403700850309326
45,3,0.4444444444444444,0.09292929292929293,0.062186948853615524,2.7393939393939393,11.333333333333332,1000,11.333333333333332,2.403700850309326
45,4,0.5333333333333333,0.09292929292929293,0.062186948853615524,2.7393939393939393,11.666666666666666,1000,11.666666666666666,2.7688746209726913
