size,trial,rate,density,clustering,shortest_path,n_comp_nodes,steps,l1,l2
45,0,0.6222222222222222,0.09696969696969697,0.11201058201058203,2.7333333333333334,7.999999999999999,1000,7.999999999999999,2.1081851067789197
45,1,0.6444444444444444,0.09696969696969697,0.11201058201058203,2.7333333333333334,10.0,1000,10.0,2.6666666666666665
45,2,0.6444444444444444,0.09696969696969697,0.11201058201058203,2.7333333333333334,9.666666666666666,1000,9.666666666666666,2.560381915956203
45,3,0.6666666666666667,0.09696969696969697,0.11201058201058203,2.7333333333333334,9.333333333333332,1000,9.333333333333332,2.5385910352879693
45,4,0.6,0.09696969696969697,0.11201058201058203,2.7333333333333334,11.0,1000,11.0,2.808716591058786
