size,trial,rate,density,clustering,shortest_path,n_comp_nodes,steps,l1,l2
85,0,0.6588235294117647,0.06638655462184874,0.0877879636703166,2.724089635854342,14.999999999999998,1000,14.999999999999998,3.0368111930480994
85,1,0.5882352941176471,0.06638655462184874,0.0877879636703166,2.724089635854342,14.999999999999998,1000,14.999999999999998,2.728450923957483
85,2,0.6588235294117647,0.06638655462184874,0.0877879636703166,2.724089635854342,12.999999999999998,1000,12.999999999999998,2.6034165586355513
85,3,0.7058823529411764,0.06638655462184874,0.0877879636703166,2.724089635854342,13.0,1000,13.0,2.808716591058786
85,4,0.6470588235294117,0.06638655462184874,0.0877879636703166,2.724089635854342,13.333333333333336,1000,13.333333333333336,2.6246692913372702
