size,trial,rate,density,clustering,shortest_path,n_comp_nodes,steps,l1,l2
85,0,0.5764705882352941,0.06638655462184874,0.04714710126474833,2.7,16.333333333333332,1000,16.333333333333332,3.0
85,1,0.6470588235294117,0.06638655462184874,0.04714710126474833,2.7,14.666666666666666,1000,14.666666666666666,2.8674417556808756
85,2,0.6352941176470588,0.06638655462184874,0.04714710126474833,2.7,14.666666666666666,1000,14.666666666666666,2.8284271247461903
85,3,0.611764705882353,0.06638655462184874,0.04714710126474833,2.7,16.333333333333332,1000,16.333333333333332,3.109126351029605
85,4,0.6705882352941177,0.06638655462184874,0.04714710126474833,2.7,14.0,1000,14.0,2.8674417556808756
