size,trial,rate,density,clustering,shortest_path,n_comp_nodes,steps,l1,l2
85,0,0.6705882352941177,0.06610644257703081,0.0656548680078092,2.7641456582633053,13.666666666666666,1000,13.666666666666666,2.7688746209726913
85,1,0.7058823529411764,0.06610644257703081,0.0656548680078092,2.7641456582633053,12.333333333333334,1000,12.333333333333334,2.728450923957483
85,2,0.5764705882352941,0.06610644257703081,0.0656548680078092,2.7641456582633053,17.666666666666664,1000,17.666666666666664,3.2489314482696545
85,3,0.6705882352941177,0.06610644257703081,0.0656548680078092,2.7641456582633053,13.0,1000,13.0,2.6457513110645907
85,4,0.6352941176470588,0.06610644257703081,0.0656548680078092,2.7641456582633053,14.333333333333332,1000,14.333333333333332,2.7688746209726913
