size,trial,rate,density,clustering,shortest_path,n_comp_nodes,steps,l1,l2
85,0,0.7294117647058824,0.07170868347338935,0.07324662265838736,2.653221288515406,11.999999999999998,1000,11.999999999999998,2.70801280154532
85,1,0.7411764705882353,0.07170868347338935,0.07324662265838736,2.653221288515406,10.0,1000,10.0,2.3094010767585034
85,2,0.6705882352941177,0.07170868347338935,0.07324662265838736,2.653221288515406,12.666666666666666,1000,12.666666666666666,2.581988897471611
85,3,0.8,0.07170868347338935,0.07324662265838736,2.653221288515406,8.0,1000,8.0,2.0548046676563256
85,4,0.7529411764705882,0.07170868347338935,0.07324662265838736,2.653221288515406,9.0,1000,9.0,2.0816659994661326
