size,trial,rate,density,clustering,shortest_path,n_comp_nodes,steps,l1,l2
85,0,0.7647058823529411,0.07282913165266107,0.058671720436426295,2.6170868347338936,9.666666666666668,1000,9.666666666666668,2.3804761428476167
85,1,0.7529411764705882,0.07282913165266107,0.058671720436426295,2.6170868347338936,9.999999999999998,1000,9.999999999999998,2.3570226039551585
85,2,0.7294117647058824,0.07282913165266107,0.058671720436426295,2.6170868347338936,10.333333333333334,1000,10.333333333333334,2.333333333333333
85,3,0.7764705882352941,0.07282913165266107,0.058671720436426295,2.6170868347338936,8.0,1000,8.0,1.9436506316151
85,4,0.7294117647058824,0.07282913165266107,0.058671720436426295,2.6170868347338936,10.666666666666666,1000,10.666666666666666,2.449489742783178
