size,trial,rate,density,clustering,shortest_path,n_comp_nodes,steps,l1,l2
85,0,0.6823529411764706,0.07198879551820728,0.057518886342415754,2.6294117647058823,13.0,1000,13.0,2.6874192494328497
85,1,0.7529411764705882,0.07198879551820728,0.057518886342415754,2.6294117647058823,10.666666666666668,1000,10.666666666666668,2.5385910352879693
85,2,0.6823529411764706,0.07198879551820728,0.057518886342415754,2.6294117647058823,14.333333333333334,1000,14.333333333333334,2.9999999999999996
85,3,0.6235294117647059,0.07198879551820728,0.057518886342415754,2.6294117647058823,12.999999999999998,1000,12.999999999999998,2.4267032964268394
85,4,0.6823529411764706,0.07198879551820728,0.057518886342415754,2.6294117647058823,13.333333333333334,1000,13.333333333333334,2.748737083745107
