size,trial,rate,density,clustering,shortest_path,n_comp_nodes,steps,l1,l2
85,0,0.7176470588235294,0.0711484593837535,0.07867478926302454,2.645098039215686,11.0,1000,11.0,2.3804761428476167
85,1,0.6941176470588235,0.0711484593837535,0.07867478926302454,2.645098039215686,11.666666666666666,1000,11.666666666666666,2.4720661623652207
85,2,0.7294117647058824,0.0711484593837535,0.07867478926302454,2.645098039215686,9.333333333333332,1000,9.333333333333332,2.0548046676563256
85,3,0.7647058823529411,0.0711484593837535,0.07867478926302454,2.645098039215686,9.333333333333332,1000,9.333333333333332,2.260776661041756
85,4,0.7411764705882353,0.0711484593837535,0.07867478926302454,2.645098039215686,10.666666666666666,1000,10.666666666666666,2.449489742783178
