size,trial,rate,density,clustering,shortest_path,n_comp_nodes,steps,l1,l2
85,0,0.6352941176470588,0.07198879551820728,0.08260354025059904,2.6523809523809523,13.0,1000,13.0,2.516611478423583
85,1,0.7764705882352941,0.07198879551820728,0.08260354025059904,2.6523809523809523,9.666666666666666,1000,9.666666666666666,2.4267032964268394
85,2,0.6235294117647059,0.07198879551820728,0.08260354025059904,2.6523809523809523,15.666666666666668,1000,15.666666666666668,3.0
85,3,0.6588235294117647,0.07198879551820728,0.08260354025059904,2.6523809523809523,15.666666666666666,1000,15.666666666666666,3.2145502536643185
85,4,0.7411764705882353,0.07198879551820728,0.08260354025059904,2.6523809523809523,11.333333333333334,1000,11.333333333333334,2.581988897471611
