size,trial,rate,density,clustering,shortest_path,n_comp_nodes,steps,l1,l2
85,0,0.7058823529411764,0.06750700280112044,0.06982938629997451,2.7518207282913165,10.666666666666664,1000,10.666666666666664,2.3094010767585034
85,1,0.6588235294117647,0.06750700280112044,0.06982938629997451,2.7518207282913165,15.333333333333332,1000,15.333333333333332,3.1269438398822866
85,2,0.7058823529411764,0.06750700280112044,0.06982938629997451,2.7518207282913165,12.0,1000,12.0,2.6246692913372702
85,3,0.6823529411764706,0.06750700280112044,0.06982938629997451,2.7518207282913165,13.666666666666666,1000,13.666666666666666,2.848001248439177
85,4,0.788235294117647,0.06750700280112044,0.06982938629997451,2.7518207282913165,8.666666666666666,1000,8.666666666666666,2.1602468994692865
