size,trial,rate,density,clustering,shortest_path,n_comp_nodes,steps,l1,l2
85,0,0.7294117647058824,0.07450980392156863,0.06270650917709741,2.5913165266106444,10.666666666666666,1000,10.666666666666666,2.403700850309326
85,1,0.7411764705882353,0.07450980392156863,0.06270650917709741,2.5913165266106444,11.333333333333332,1000,11.333333333333332,2.6246692913372702
85,2,0.6588235294117647,0.07450980392156863,0.06270650917709741,2.5913165266106444,13.666666666666666,1000,13.666666666666666,2.6874192494328497
85,3,0.6235294117647059,0.07450980392156863,0.06270650917709741,2.5913165266106444,14.0,1000,14.0,2.6666666666666665
85,4,0.611764705882353,0.07450980392156863,0.06270650917709741,2.5913165266106444,14.666666666666666,1000,14.666666666666666,2.748737083745107
