size,trial,rate,density,clustering,shortest_path,n_comp_nodes,steps,l1,l2
135,0,0.8074074074074074,0.060033167495854065,0.048327680549902705,2.558319513543394,14.666666666666664,1000,14.666666666666664,3.126943839882286
135,1,0.8148148148148149,0.060033167495854065,0.048327680549902705,2.558319513543394,13.666666666666664,1000,13.666666666666664,3.0368111930480994
135,2,0.837037037037037,0.060033167495854065,0.048327680549902705,2.558319513543394,12.333333333333332,1000,12.333333333333332,2.8867513459481287
135,3,0.8444444444444444,0.060033167495854065,0.048327680549902705,2.558319513543394,13.333333333333332,1000,13.333333333333332,3.197221015541813
135,4,0.8,0.060033167495854065,0.048327680549902705,2.558319513543394,13.999999999999998,1000,13.999999999999998,2.9814239699997196
