size,trial,rate,density,clustering,shortest_path,n_comp_nodes,steps,l1,l2
135,0,0.837037037037037,0.062354892205638474,0.05974889308222635,2.5305693753454945,13.666666666666664,1000,13.666666666666664,3.1797973380564852
135,1,0.8222222222222222,0.062354892205638474,0.05974889308222635,2.5305693753454945,13.0,1000,13.0,2.8867513459481287
135,2,0.837037037037037,0.062354892205638474,0.05974889308222635,2.5305693753454945,12.333333333333332,1000,12.333333333333332,2.886751345948129
135,3,0.837037037037037,0.062354892205638474,0.05974889308222635,2.5305693753454945,13.0,1000,13.0,3.1446603773522015
135,4,0.8740740740740741,0.062354892205638474,0.05974889308222635,2.5305693753454945,10.333333333333332,1000,10.333333333333332,2.8087165910587863
