size,trial,rate,density,clustering,shortest_path,n_comp_nodes,steps,l1,l2
135,0,0.7925925925925926,0.062354892205638474,0.06641005085449525,2.5390823659480377,15.666666666666666,1000,15.666666666666666,3.2489314482696545
135,1,0.7851851851851852,0.062354892205638474,0.06641005085449525,2.5390823659480377,16.333333333333332,1000,16.333333333333332,3.3829638550307397
135,2,0.7851851851851852,0.062354892205638474,0.06641005085449525,2.5390823659480377,14.666666666666668,1000,14.666666666666668,2.943920288775949
135,3,0.8518518518518519,0.062354892205638474,0.06641005085449525,2.5390823659480377,9.333333333333332,1000,9.333333333333332,2.260776661041756
135,4,0.8444444444444444,0.062354892205638474,0.06641005085449525,2.5390823659480377,9.333333333333332,1000,9.333333333333332,2.260776661041756
