size,trial,rate,density,clustering,shortest_path,n_comp_nodes,steps,l1,l2
135,0,0.8148148148148149,0.06323935876174683,0.058588510255176904,2.5093421779988945,12.333333333333332,1000,12.333333333333332,2.6457513110645903
135,1,0.7925925925925926,0.06323935876174683,0.058588510255176904,2.5093421779988945,16.666666666666664,1000,16.666666666666664,3.4641016151377544
135,2,0.837037037037037,0.06323935876174683,0.058588510255176904,2.5093421779988945,11.333333333333332,1000,11.333333333333332,2.666666666666667
135,3,0.8592592592592593,0.06323935876174683,0.058588510255176904,2.5093421779988945,11.666666666666666,1000,11.666666666666666,2.96273147243853
135,4,0.8222222222222222,0.06323935876174683,0.058588510255176904,2.5093421779988945,13.666666666666666,1000,13.666666666666666,3.0368111930480994
