size,trial,rate,density,clustering,shortest_path,n_comp_nodes,steps,l1,l2
135,0,0.837037037037037,0.06721945826423438,0.06776921940320628,2.449640685461581,12.666666666666664,1000,12.666666666666664,3.018461712712472
135,1,0.8518518518518519,0.06721945826423438,0.06776921940320628,2.449640685461581,10.0,1000,10.0,2.5385910352879693
135,2,0.8592592592592593,0.06721945826423438,0.06776921940320628,2.449640685461581,11.0,1000,11.0,2.848001248439177
135,3,0.8148148148148149,0.06721945826423438,0.06776921940320628,2.449640685461581,14.333333333333332,1000,14.333333333333332,3.2145502536643185
135,4,0.837037037037037,0.06721945826423438,0.06776921940320628,2.449640685461581,11.0,1000,11.0,2.560381915956203
