size,trial,rate,density,clustering,shortest_path,n_comp_nodes,steps,l1,l2
135,0,0.8962962962962963,0.0644555002763958,0.058230660648961256,2.498949695964621,9.333333333333332,1000,9.333333333333332,2.6666666666666665
135,1,0.8444444444444444,0.0644555002763958,0.058230660648961256,2.498949695964621,12.0,1000,12.0,2.8674417556808756
135,2,0.8,0.0644555002763958,0.058230660648961256,2.498949695964621,15.333333333333332,1000,15.333333333333332,3.265986323710904
135,3,0.8518518518518519,0.0644555002763958,0.058230660648961256,2.498949695964621,10.333333333333332,1000,10.333333333333332,2.560381915956203
135,4,0.8,0.0644555002763958,0.058230660648961256,2.498949695964621,15.333333333333332,1000,15.333333333333332,3.2317865716108862
