size,trial,rate,density,clustering,shortest_path,n_comp_nodes,steps,l1,l2
135,0,0.8592592592592593,0.06511885019347706,0.05953651891560382,2.485019347705915,10.0,1000,10.0,2.494438257849294
135,1,0.8222222222222222,0.06511885019347706,0.05953651891560382,2.485019347705915,13.0,1000,13.0,2.886751345948129
135,2,0.8444444444444444,0.06511885019347706,0.05953651891560382,2.485019347705915,11.333333333333332,1000,11.333333333333332,2.70801280154532
135,3,0.8592592592592593,0.06511885019347706,0.05953651891560382,2.485019347705915,10.333333333333332,1000,10.333333333333332,2.6034165586355513
135,4,0.8666666666666667,0.06511885019347706,0.05953651891560382,2.485019347705915,10.0,1000,10.0,2.581988897471611
