size,trial,rate,density,clustering,shortest_path,n_comp_nodes,steps,l1,l2
135,0,0.8222222222222222,0.06025428413488115,0.05131839354061572,2.5524599226091764,13.666666666666668,1000,13.666666666666668,3.0368111930480994
135,1,0.8296296296296296,0.06025428413488115,0.05131839354061572,2.5524599226091764,15.0,1000,15.0,3.3829638550307397
135,2,0.8222222222222222,0.06025428413488115,0.05131839354061572,2.5524599226091764,16.0,1000,16.0,3.559026084010437
135,3,0.8222222222222222,0.06025428413488115,0.05131839354061572,2.5524599226091764,11.333333333333332,1000,11.333333333333332,2.6246692913372702
135,4,0.8074074074074074,0.06025428413488115,0.05131839354061572,2.5524599226091764,12.666666666666666,1000,12.666666666666666,2.7888667551135855
