size,trial,rate,density,clustering,shortest_path,n_comp_nodes,steps,l1,l2
135,0,0.8,0.06334991708126037,0.05567012508188974,2.513543394140409,11.0,1000,11.0,2.285218200133681
135,1,0.8148148148148149,0.06334991708126037,0.05567012508188974,2.513543394140409,14.0,1000,14.0,3.126943839882286
135,2,0.8666666666666667,0.06334991708126037,0.05567012508188974,2.513543394140409,9.333333333333332,1000,9.333333333333332,2.449489742783178
135,3,0.8148148148148149,0.06334991708126037,0.05567012508188974,2.513543394140409,10.0,1000,10.0,2.1081851067789197
135,4,0.8222222222222222,0.06334991708126037,0.05567012508188974,2.513543394140409,10.666666666666668,1000,10.666666666666668,2.449489742783178
