size,trial,rate,density,clustering,shortest_path,n_comp_nodes,steps,l1,l2
135,0,0.8,0.0626865671641791,0.06421016064290913,2.5284687672747372,15.666666666666666,1000,15.666666666666666,3.2829526005987013
135,1,0.7777777777777778,0.0626865671641791,0.06421016064290913,2.5284687672747372,16.333333333333332,1000,16.333333333333332,3.2829526005987018
135,2,0.7777777777777778,0.0626865671641791,0.06421016064290913,2.5284687672747372,16.666666666666664,1000,16.666666666666664,3.39934634239519
135,3,0.8444444444444444,0.0626865671641791,0.06421016064290913,2.5284687672747372,11.0,1000,11.0,2.7284509239574835
135,4,0.8,0.0626865671641791,0.06421016064290913,2.5284687672747372,12.999999999999998,1000,12.999999999999998,2.848001248439177
