size,trial,rate,density,clustering,shortest_path,n_comp_nodes,steps,l1,l2
55,0,0.5636363636363637,0.08080808080808081,0.07627705627705628,2.783164983164983,13.666666666666666,1000,13.666666666666666,3.1091263510296048
55,1,0.6181818181818182,0.08080808080808081,0.07627705627705628,2.783164983164983,11.999999999999998,1000,11.999999999999998,2.8674417556808756
55,2,0.7272727272727273,0.08080808080808081,0.07627705627705628,2.783164983164983,11.333333333333332,1000,11.333333333333332,3.091206165165235
55,3,0.6727272727272727,0.08080808080808081,0.07627705627705628,2.783164983164983,11.666666666666666,1000,11.666666666666666,2.9249881291307074
55,4,0.5454545454545454,0.08080808080808081,0.07627705627705628,2.783164983164983,16.666666666666664,1000,16.666666666666664,3.6209268304000717
