size,trial,rate,density,clustering,shortest_path,n_comp_nodes,steps,l1,l2
55,0,0.6363636363636364,0.08350168350168351,0.12634527089072548,2.748148148148148,13.999999999999998,1000,13.999999999999998,3.2998316455372216
55,1,0.6545454545454545,0.08350168350168351,0.12634527089072548,2.748148148148148,13.333333333333332,1000,13.333333333333332,3.265986323710904
55,2,0.6545454545454545,0.08350168350168351,0.12634527089072548,2.748148148148148,13.333333333333332,1000,13.333333333333332,3.2317865716108862
55,3,0.6181818181818182,0.08350168350168351,0.12634527089072548,2.748148148148148,11.666666666666666,1000,11.666666666666666,2.8087165910587863
55,4,0.6,0.08350168350168351,0.12634527089072548,2.748148148148148,13.0,1000,13.0,3.0368111930480994
