size,trial,rate,density,clustering,shortest_path,n_comp_nodes,steps,l1,l2
55,0,0.6727272727272727,0.08350168350168351,0.04855699855699856,2.731313131313131,12.666666666666666,1000,12.666666666666666,3.1622776601683795
55,1,0.5818181818181818,0.08350168350168351,0.04855699855699856,2.731313131313131,14.333333333333334,1000,14.333333333333334,3.2829526005987013
55,2,0.6727272727272727,0.08350168350168351,0.04855699855699856,2.731313131313131,11.333333333333332,1000,11.333333333333332,2.8674417556808756
55,3,0.6181818181818182,0.08350168350168351,0.04855699855699856,2.731313131313131,12.666666666666666,1000,12.666666666666666,3.055050463303893
55,4,0.6727272727272727,0.08350168350168351,0.04855699855699856,2.731313131313131,10.333333333333334,1000,10.333333333333334,2.6457513110645903
