size,trial,rate,density,clustering,shortest_path,n_comp_nodes,steps,l1,l2
55,0,0.6727272727272727,0.08552188552188553,0.09832611832611833,2.68013468013468,10.333333333333332,1000,10.333333333333332,2.7284509239574835
55,1,0.49090909090909096,0.08552188552188553,0.09832611832611833,2.68013468013468,15.666666666666668,1000,15.666666666666668,3.2829526005987013
55,2,0.5454545454545454,0.08552188552188553,0.09832611832611833,2.68013468013468,14.666666666666668,1000,14.666666666666668,3.265986323710904
55,3,0.6545454545454545,0.08552188552188553,0.09832611832611833,2.68013468013468,14.666666666666666,1000,14.666666666666666,3.559026084010437
55,4,0.6,0.08552188552188553,0.09832611832611833,2.68013468013468,13.666666666666666,1000,13.666666666666666,3.2145502536643185
