size,trial,rate,density,clustering,shortest_path,n_comp_nodes,steps,l1,l2
55,0,0.7090909090909091,0.09023569023569024,0.0732034632034632,2.696969696969697,9.333333333333332,1000,9.333333333333332,2.5385910352879693
55,1,0.5636363636363637,0.09023569023569024,0.0732034632034632,2.696969696969697,13.666666666666666,1000,13.666666666666666,3.0368111930481
55,2,0.7454545454545455,0.09023569023569024,0.0732034632034632,2.696969696969697,7.666666666666666,1000,7.666666666666666,2.2852182001336816
55,3,0.6727272727272727,0.09023569023569024,0.0732034632034632,2.696969696969697,10.333333333333332,1000,10.333333333333332,2.6874192494328497
55,4,0.6181818181818182,0.09023569023569024,0.0732034632034632,2.696969696969697,11.333333333333334,1000,11.333333333333334,2.748737083745107
