size,trial,rate,density,clustering,shortest_path,n_comp_nodes,steps,l1,l2
55,0,0.6363636363636364,0.07676767676767676,0.07095238095238096,2.9313131313131313,13.666666666666666,1000,13.666666666666666,3.2829526005987013
55,1,0.6,0.07676767676767676,0.07095238095238096,2.9313131313131313,14.0,1000,14.0,3.2998316455372216
55,2,0.7090909090909091,0.07676767676767676,0.07095238095238096,2.9313131313131313,10.666666666666666,1000,10.666666666666666,2.8674417556808756
55,3,0.5272727272727273,0.07676767676767676,0.07095238095238096,2.9313131313131313,14.0,1000,14.0,3.091206165165234
55,4,0.6727272727272727,0.07676767676767676,0.07095238095238096,2.9313131313131313,12.666666666666664,1000,12.666666666666664,3.197221015541813
