size,trial,rate,density,clustering,shortest_path,n_comp_nodes,steps,l1,l2
55,0,0.6545454545454545,0.08686868686868687,0.10596221959858323,2.709090909090909,10.333333333333332,1000,10.333333333333332,2.6034165586355518
55,1,0.6545454545454545,0.08686868686868687,0.10596221959858323,2.709090909090909,10.666666666666668,1000,10.666666666666668,2.748737083745107
55,2,0.6545454545454545,0.08686868686868687,0.10596221959858323,2.709090909090909,11.0,1000,11.0,2.848001248439177
55,3,0.6545454545454545,0.08686868686868687,0.10596221959858323,2.709090909090909,9.333333333333332,1000,9.333333333333332,2.4037008503093262
55,4,0.6,0.08686868686868687,0.10596221959858323,2.709090909090909,12.666666666666666,1000,12.666666666666666,3.018461712712472
