size,trial,rate,density,clustering,shortest_path,n_comp_nodes,steps,l1,l2
55,0,0.6909090909090909,0.08552188552188553,0.10268660632296997,2.7932659932659933,12.333333333333334,1000,12.333333333333334,3.214550253664318
55,1,0.5818181818181818,0.08552188552188553,0.10268660632296997,2.7932659932659933,13.666666666666668,1000,13.666666666666668,3.1797973380564852
55,2,0.6363636363636364,0.08552188552188553,0.10268660632296997,2.7932659932659933,12.333333333333332,1000,12.333333333333332,3.0368111930480994
55,3,0.6,0.08552188552188553,0.10268660632296997,2.7932659932659933,14.333333333333332,1000,14.333333333333332,3.3499585403736303
55,4,0.6181818181818182,0.08552188552188553,0.10268660632296997,2.7932659932659933,13.666666666666668,1000,13.666666666666668,3.214550253664318
