size,trial,rate,density,clustering,shortest_path,n_comp_nodes,steps,l1,l2
175,0,0.8457142857142858,0.05931034482758621,0.052852809287130306,2.460361247947455,14.666666666666666,1000,14.666666666666666,3.0912061651652345
175,1,0.8742857142857143,0.05931034482758621,0.052852809287130306,2.460361247947455,11.333333333333332,1000,11.333333333333332,2.6666666666666665
175,2,0.8914285714285715,0.05931034482758621,0.052852809287130306,2.460361247947455,13.333333333333332,1000,13.333333333333332,3.2998316455372216
175,3,0.8742857142857143,0.05931034482758621,0.052852809287130306,2.460361247947455,12.0,1000,12.0,2.788866755113585
175,4,0.8571428571428572,0.05931034482758621,0.052852809287130306,2.460361247947455,13.666666666666664,1000,13.666666666666664,3.0368111930480994
