size,trial,rate,density,clustering,shortest_path,n_comp_nodes,steps,l1,l2
175,0,0.8742857142857143,0.0619376026272578,0.061885243166092306,2.4229885057471265,13.666666666666666,1000,13.666666666666666,3.1797973380564857
175,1,0.8457142857142858,0.0619376026272578,0.061885243166092306,2.4229885057471265,17.666666666666668,1000,17.666666666666668,3.636237371545238
175,2,0.8171428571428572,0.0619376026272578,0.061885243166092306,2.4229885057471265,17.0,1000,17.0,3.3499585403736303
175,3,0.8285714285714285,0.0619376026272578,0.061885243166092306,2.4229885057471265,16.666666666666664,1000,16.666666666666664,3.333333333333333
175,4,0.8857142857142857,0.0619376026272578,0.061885243166092306,2.4229885057471265,11.666666666666666,1000,11.666666666666666,2.8867513459481287
