size,trial,rate,density,clustering,shortest_path,n_comp_nodes,steps,l1,l2
175,0,0.9028571428571428,0.05937602627257799,0.06344194681921346,2.460361247947455,10.0,1000,10.0,2.7080128015453204
175,1,0.8742857142857143,0.05937602627257799,0.06344194681921346,2.460361247947455,12.333333333333332,1000,12.333333333333332,2.9627314724385294
175,2,0.8514285714285714,0.05937602627257799,0.06344194681921346,2.460361247947455,13.333333333333332,1000,13.333333333333332,2.9059326290271157
175,3,0.9028571428571428,0.05937602627257799,0.06344194681921346,2.460361247947455,12.333333333333332,1000,12.333333333333332,3.2145502536643185
175,4,0.8971428571428571,0.05937602627257799,0.06344194681921346,2.460361247947455,9.666666666666666,1000,9.666666666666666,2.516611478423583
