size,trial,rate,density,clustering,shortest_path,n_comp_nodes,steps,l1,l2
175,0,0.8628571428571429,0.06206896551724138,0.06683946713270017,2.4282430213464696,13.0,1000,13.0,2.96273147243853
175,1,0.8971428571428571,0.06206896551724138,0.06683946713270017,2.4282430213464696,12.0,1000,12.0,3.0550504633038935
175,2,0.8457142857142858,0.06206896551724138,0.06683946713270017,2.4282430213464696,16.666666666666664,1000,16.666666666666664,3.4960294939005054
175,3,0.88,0.06206896551724138,0.06683946713270017,2.4282430213464696,11.333333333333332,1000,11.333333333333332,2.7080128015453204
175,4,0.8857142857142857,0.06206896551724138,0.06683946713270017,2.4282430213464696,11.666666666666666,1000,11.666666666666666,2.9249881291307074
