size,trial,rate,density,clustering,shortest_path,n_comp_nodes,steps,l1,l2
175,0,0.8685714285714285,0.05931034482758621,0.056337244847638426,2.4576683087027913,15.999999999999998,1000,15.999999999999998,3.559026084010437
175,1,0.88,0.05931034482758621,0.056337244847638426,2.4576683087027913,10.0,1000,10.0,2.449489742783178
175,2,0.8628571428571429,0.05931034482758621,0.056337244847638426,2.4576683087027913,14.666666666666666,1000,14.666666666666666,3.2998316455372216
175,3,0.84,0.05931034482758621,0.056337244847638426,2.4576683087027913,16.0,1000,16.0,3.366501646120693
175,4,0.8742857142857143,0.05931034482758621,0.056337244847638426,2.4576683087027913,11.333333333333332,1000,11.333333333333332,2.7080128015453204
