size,trial,rate,density,clustering,shortest_path,n_comp_nodes,steps,l1,l2
175,0,0.8285714285714285,0.06154351395730706,0.06153618817174761,2.428834154351396,17.333333333333332,1000,17.333333333333332,3.559026084010437
175,1,0.9028571428571428,0.06154351395730706,0.06153618817174761,2.428834154351396,10.666666666666666,1000,10.666666666666666,2.8674417556808756
175,2,0.8228571428571428,0.06154351395730706,0.06153618817174761,2.428834154351396,14.999999999999998,1000,14.999999999999998,2.96273147243853
175,3,0.88,0.06154351395730706,0.06153618817174761,2.428834154351396,14.666666666666666,1000,14.666666666666666,3.366501646120693
175,4,0.8571428571428572,0.06154351395730706,0.06153618817174761,2.428834154351396,13.0,1000,13.0,2.8867513459481287
