size,trial,rate,density,clustering,shortest_path,n_comp_nodes,steps,l1,l2
175,0,0.8514285714285714,0.05924466338259442,0.05967252296575605,2.460623973727422,14.666666666666666,1000,14.666666666666666,3.126943839882286
175,1,0.9085714285714286,0.05924466338259442,0.05967252296575605,2.460623973727422,10.333333333333332,1000,10.333333333333332,2.848001248439177
175,2,0.8514285714285714,0.05924466338259442,0.05967252296575605,2.460623973727422,13.666666666666664,1000,13.666666666666664,2.886751345948129
175,3,0.9257142857142857,0.05924466338259442,0.05967252296575605,2.460623973727422,8.666666666666666,1000,8.666666666666666,2.581988897471611
175,4,0.88,0.05924466338259442,0.05967252296575605,2.460623973727422,11.666666666666666,1000,11.666666666666666,2.7688746209726918
