size,trial,rate,density,clustering,shortest_path,n_comp_nodes,steps,l1,l2
175,0,0.8514285714285714,0.05812807881773399,0.061429997640081634,2.4785550082101806,16.333333333333332,1000,16.333333333333332,3.48010216963685
175,1,0.8457142857142858,0.05812807881773399,0.061429997640081634,2.4785550082101806,16.333333333333332,1000,16.333333333333332,3.4480268109295333
175,2,0.8742857142857143,0.05812807881773399,0.061429997640081634,2.4785550082101806,12.666666666666664,1000,12.666666666666664,2.9814239699997196
175,3,0.8571428571428572,0.05812807881773399,0.061429997640081634,2.4785550082101806,14.999999999999998,1000,14.999999999999998,3.2829526005987018
175,4,0.8571428571428572,0.05812807881773399,0.061429997640081634,2.4785550082101806,16.666666666666664,1000,16.666666666666664,3.5901098714230026
