size,trial,rate,density,clustering,shortest_path,n_comp_nodes,steps,l1,l2
175,0,0.9028571428571428,0.06029556650246305,0.06318116337444067,2.4438095238095237,10.666666666666664,1000,10.666666666666664,2.8284271247461903
175,1,0.8342857142857143,0.06029556650246305,0.06318116337444067,2.4438095238095237,15.333333333333332,1000,15.333333333333332,3.2317865716108862
175,2,0.8857142857142857,0.06029556650246305,0.06318116337444067,2.4438095238095237,11.0,1000,11.0,2.7688746209726913
175,3,0.92,0.06029556650246305,0.06318116337444067,2.4438095238095237,8.333333333333332,1000,8.333333333333332,2.4720661623652207
175,4,0.8685714285714285,0.06029556650246305,0.06318116337444067,2.4438095238095237,12.333333333333334,1000,12.333333333333334,2.886751345948129
