size,trial,rate,density,clustering,shortest_path,n_comp_nodes,steps,l1,l2
175,0,0.8857142857142857,0.059835796387520526,0.059890539800756495,2.4522824302134647,11.0,1000,11.0,2.7284509239574835
175,1,0.8342857142857143,0.059835796387520526,0.059890539800756495,2.4522824302134647,17.0,1000,17.0,3.4480268109295333
175,2,0.8685714285714285,0.059835796387520526,0.059890539800756495,2.4522824302134647,12.0,1000,12.0,2.8674417556808756
175,3,0.8971428571428571,0.059835796387520526,0.059890539800756495,2.4522824302134647,12.666666666666664,1000,12.666666666666664,3.197221015541813
175,4,0.8857142857142857,0.059835796387520526,0.059890539800756495,2.4522824302134647,12.0,1000,12.0,2.9814239699997196
