size,trial,rate,density,clustering,shortest_path,n_comp_nodes,steps,l1,l2
35,0,0.5428571428571429,0.09915966386554621,0.0527891156462585,2.8739495798319328,9.999999999999998,1000,9.999999999999998,2.666666666666667
35,1,0.5428571428571429,0.09915966386554621,0.0527891156462585,2.8739495798319328,9.333333333333332,1000,9.333333333333332,2.494438257849294
35,2,0.5428571428571429,0.09915966386554621,0.0527891156462585,2.8739495798319328,7.999999999999999,1000,7.999999999999999,2.1081851067789197
35,3,0.6,0.09915966386554621,0.0527891156462585,2.8739495798319328,9.333333333333332,1000,9.333333333333332,2.6666666666666665
35,4,0.5714285714285714,0.09915966386554621,0.0527891156462585,2.8739495798319328,9.333333333333332,1000,9.333333333333332,2.6246692913372702
