size,trial,rate,density,clustering,shortest_path,n_comp_nodes,steps,l1,l2
35,0,0.6,0.09747899159663866,0.12040816326530612,2.954621848739496,9.666666666666666,1000,9.666666666666666,2.728450923957483
35,1,0.6285714285714286,0.09747899159663866,0.12040816326530612,2.954621848739496,8.666666666666666,1000,8.666666666666666,2.581988897471611
35,2,0.5714285714285714,0.09747899159663866,0.12040816326530612,2.954621848739496,9.333333333333332,1000,9.333333333333332,2.6246692913372702
35,3,0.5428571428571429,0.09747899159663866,0.12040816326530612,2.954621848739496,10.0,1000,10.0,2.748737083745107
35,4,0.6285714285714286,0.09747899159663866,0.12040816326530612,2.954621848739496,7.999999999999998,1000,7.999999999999998,2.3570226039551585
