size,trial,rate,density,clustering,shortest_path,n_comp_nodes,steps,l1,l2
35,0,0.5142857142857142,0.08907563025210084,0.05564625850340136,3.0554621848739494,10.333333333333332,1000,10.333333333333332,2.7284509239574835
35,1,0.5428571428571429,0.08907563025210084,0.05564625850340136,3.0554621848739494,10.0,1000,10.0,2.7080128015453204
35,2,0.4285714285714286,0.08907563025210084,0.05564625850340136,3.0554621848739494,13.666666666666666,1000,13.666666666666666,3.3166247903554
35,3,0.5428571428571429,0.08907563025210084,0.05564625850340136,3.0554621848739494,9.666666666666666,1000,9.666666666666666,2.6034165586355518
35,4,0.4571428571428572,0.08907563025210084,0.05564625850340136,3.0554621848739494,10.333333333333332,1000,10.333333333333332,2.560381915956203
