size,trial,rate,density,clustering,shortest_path,n_comp_nodes,steps,l1,l2
35,0,0.6,0.11428571428571428,0.12183673469387753,2.6638655462184873,9.0,1000,9.0,2.6034165586355513
35,1,0.6285714285714286,0.11428571428571428,0.12183673469387753,2.6638655462184873,8.666666666666666,1000,8.666666666666666,2.581988897471611
35,2,0.5714285714285714,0.11428571428571428,0.12183673469387753,2.6638655462184873,8.666666666666666,1000,8.666666666666666,2.449489742783178
35,3,0.5428571428571429,0.11428571428571428,0.12183673469387753,2.6638655462184873,8.333333333333332,1000,8.333333333333332,2.3804761428476167
35,4,0.6,0.11428571428571428,0.12183673469387753,2.6638655462184873,8.333333333333332,1000,8.333333333333332,2.4720661623652207
