size,trial,rate,density,clustering,shortest_path,n_comp_nodes,steps,l1,l2
35,0,0.5428571428571429,0.11596638655462185,0.05061224489795917,2.608403361344538,10.666666666666666,1000,10.666666666666666,2.8284271247461903
35,1,0.5428571428571429,0.11596638655462185,0.05061224489795917,2.608403361344538,10.333333333333334,1000,10.333333333333334,2.808716591058786
35,2,0.6,0.11596638655462185,0.05061224489795917,2.608403361344538,8.666666666666666,1000,8.666666666666666,2.5385910352879693
35,3,0.6,0.11596638655462185,0.05061224489795917,2.608403361344538,7.666666666666666,1000,7.666666666666666,2.23606797749979
35,4,0.6857142857142857,0.11596638655462185,0.05061224489795917,2.608403361344538,7.333333333333333,1000,7.333333333333333,2.4037008503093262
