size,trial,rate,density,clustering,shortest_path,n_comp_nodes,steps,l1,l2
35,0,0.4571428571428572,0.09243697478991597,0.05612244897959184,3.0168067226890756,11.333333333333332,1000,11.333333333333332,2.8674417556808756
35,1,0.4571428571428572,0.09243697478991597,0.05612244897959184,3.0168067226890756,12.666666666666666,1000,12.666666666666666,3.1622776601683795
35,2,0.5714285714285714,0.09243697478991597,0.05612244897959184,3.0168067226890756,9.666666666666666,1000,9.666666666666666,2.6457513110645907
35,3,0.5714285714285714,0.09243697478991597,0.05612244897959184,3.0168067226890756,9.0,1000,9.0,2.516611478423583
35,4,0.4285714285714286,0.09243697478991597,0.05612244897959184,3.0168067226890756,11.666666666666666,1000,11.666666666666666,2.808716591058786
