size,trial,rate,density,clustering,shortest_path,n_comp_nodes,steps,l1,l2
35,0,0.4285714285714286,0.0957983193277311,0.07346938775510205,3.0873949579831934,10.33333333333333,1000,10.33333333333333,2.5166114784235836
35,1,0.5714285714285714,0.0957983193277311,0.07346938775510205,3.0873949579831934,10.0,1000,10.0,2.788866755113585
35,2,0.6285714285714286,0.0957983193277311,0.07346938775510205,3.0873949579831934,8.0,1000,8.0,2.4037008503093262
35,3,0.5428571428571429,0.0957983193277311,0.07346938775510205,3.0873949579831934,11.666666666666664,1000,11.666666666666664,3.073181485764296
35,4,0.5714285714285714,0.0957983193277311,0.07346938775510205,3.0873949579831934,9.333333333333332,1000,9.333333333333332,2.581988897471611
