size,trial,rate,density,clustering,shortest_path,n_comp_nodes,steps,l1,l2
35,0,0.48571428571428577,0.10420168067226891,0.12272108843537417,2.880672268907563,11.666666666666666,1000,11.666666666666666,3.0368111930480994
35,1,0.48571428571428577,0.10420168067226891,0.12272108843537417,2.880672268907563,10.666666666666666,1000,10.666666666666666,2.70801280154532
35,2,0.5714285714285714,0.10420168067226891,0.12272108843537417,2.880672268907563,8.333333333333334,1000,8.333333333333334,2.3333333333333335
35,3,0.5714285714285714,0.10420168067226891,0.12272108843537417,2.880672268907563,9.333333333333332,1000,9.333333333333332,2.6246692913372702
35,4,0.6,0.10420168067226891,0.12272108843537417,2.880672268907563,7.666666666666666,1000,7.666666666666666,2.1858128414340006
