size,trial,rate,density,clustering,shortest_path,n_comp_nodes,steps,l1,l2
145,0,0.8,0.06245210727969348,0.05288110357075871,2.491475095785441,11.0,1000,11.0,2.1343747458109497
145,1,0.7655172413793103,0.06245210727969348,0.05288110357075871,2.491475095785441,13.999999999999998,1000,13.999999999999998,2.5385910352879693
145,2,0.7448275862068965,0.06245210727969348,0.05288110357075871,2.491475095785441,16.0,1000,16.0,2.82842712474619
145,3,0.7793103448275862,0.06245210727969348,0.05288110357075871,2.491475095785441,11.666666666666664,1000,11.666666666666664,2.1343747458109497
145,4,0.7931034482758621,0.06245210727969348,0.05288110357075871,2.491475095785441,11.666666666666666,1000,11.666666666666666,2.23606797749979
