size,trial,rate,density,clustering,shortest_path,n_comp_nodes,steps,l1,l2
145,0,0.7931034482758621,0.06063218390804598,0.05912742429983805,2.517528735632184,12.666666666666666,1000,12.666666666666666,2.449489742783178
145,1,0.7241379310344828,0.06063218390804598,0.05912742429983805,2.517528735632184,16.333333333333332,1000,16.333333333333332,2.7284509239574835
145,2,0.8137931034482758,0.06063218390804598,0.05912742429983805,2.517528735632184,11.0,1000,11.0,2.23606797749979
145,3,0.8344827586206897,0.06063218390804598,0.05912742429983805,2.517528735632184,11.0,1000,11.0,2.3804761428476167
145,4,0.806896551724138,0.06063218390804598,0.05912742429983805,2.517528735632184,10.666666666666666,1000,10.666666666666666,2.1081851067789197
