size,trial,rate,density,clustering,shortest_path,n_comp_nodes,steps,l1,l2
145,0,0.7655172413793103,0.061685823754789273,0.0670312254795013,2.516954022988506,14.333333333333332,1000,14.333333333333332,2.6034165586355513
145,1,0.7586206896551724,0.061685823754789273,0.0670312254795013,2.516954022988506,15.666666666666664,1000,15.666666666666664,2.808716591058786
145,2,0.7448275862068965,0.061685823754789273,0.0670312254795013,2.516954022988506,14.0,1000,14.0,2.4037008503093262
145,3,0.806896551724138,0.061685823754789273,0.0670312254795013,2.516954022988506,11.666666666666666,1000,11.666666666666666,2.333333333333333
145,4,0.8344827586206897,0.061685823754789273,0.0670312254795013,2.516954022988506,11.0,1000,11.0,2.4267032964268394
