size,trial,rate,density,clustering,shortest_path,n_comp_nodes,steps,l1,l2
145,0,0.8275862068965517,0.06254789272030652,0.07747872591685974,2.499329501915709,10.666666666666666,1000,10.666666666666666,2.260776661041756
145,1,0.8137931034482758,0.06254789272030652,0.07747872591685974,2.499329501915709,10.333333333333332,1000,10.333333333333332,2.0816659994661326
145,2,0.7655172413793103,0.06254789272030652,0.07747872591685974,2.499329501915709,14.333333333333332,1000,14.333333333333332,2.6034165586355513
145,3,0.8275862068965517,0.06254789272030652,0.07747872591685974,2.499329501915709,9.333333333333332,1000,9.333333333333332,1.9436506316151
145,4,0.7724137931034483,0.06254789272030652,0.07747872591685974,2.499329501915709,14.0,1000,14.0,2.581988897471611
