size,trial,rate,density,clustering,shortest_path,n_comp_nodes,steps,l1,l2
145,0,0.8620689655172413,0.06264367816091954,0.0546956289146958,2.496360153256705,8.666666666666666,1000,8.666666666666666,2.1081851067789197
145,1,0.8482758620689655,0.06264367816091954,0.0546956289146958,2.496360153256705,8.666666666666666,1000,8.666666666666666,1.9436506316151003
145,2,0.8275862068965517,0.06264367816091954,0.0546956289146958,2.496360153256705,11.333333333333332,1000,11.333333333333332,2.5385910352879693
145,3,0.7931034482758621,0.06264367816091954,0.0546956289146958,2.496360153256705,13.333333333333332,1000,13.333333333333332,2.6666666666666665
145,4,0.8,0.06264367816091954,0.0546956289146958,2.496360153256705,11.333333333333332,1000,11.333333333333332,2.2110831935702664
