size,trial,rate,density,clustering,shortest_path,n_comp_nodes,steps,l1,l2
145,0,0.7655172413793103,0.06197318007662835,0.0606453170449113,2.507854406130268,14.333333333333332,1000,14.333333333333332,2.6457513110645907
145,1,0.7103448275862069,0.06197318007662835,0.0606453170449113,2.507854406130268,15.666666666666664,1000,15.666666666666664,2.516611478423583
145,2,0.7655172413793103,0.06197318007662835,0.0606453170449113,2.507854406130268,14.333333333333332,1000,14.333333333333332,2.6034165586355513
145,3,0.7793103448275862,0.06197318007662835,0.0606453170449113,2.507854406130268,12.0,1000,12.0,2.211083193570267
145,4,0.8206896551724138,0.06197318007662835,0.0606453170449113,2.507854406130268,11.0,1000,11.0,2.285218200133681
