size,trial,rate,density,clustering,shortest_path,n_comp_nodes,steps,l1,l2
145,0,0.7379310344827585,0.06264367816091954,0.06353205280182962,2.495402298850575,14.666666666666664,1000,14.666666666666664,2.494438257849294
145,1,0.8,0.06264367816091954,0.06353205280182962,2.495402298850575,11.999999999999998,1000,11.999999999999998,2.3570226039551585
145,2,0.7931034482758621,0.06264367816091954,0.06353205280182962,2.495402298850575,12.333333333333332,1000,12.333333333333332,2.4267032964268394
145,3,0.8,0.06264367816091954,0.06353205280182962,2.495402298850575,11.666666666666666,1000,11.666666666666666,2.333333333333333
145,4,0.7724137931034483,0.06264367816091954,0.06353205280182962,2.495402298850575,13.333333333333332,1000,13.333333333333332,2.449489742783178
