size,trial,rate,density,clustering,shortest_path,n_comp_nodes,steps,l1,l2
145,0,0.7724137931034483,0.06111111111111111,0.059382628865387414,2.507375478927203,14.0,1000,14.0,2.6246692913372702
145,1,0.7517241379310344,0.06111111111111111,0.059382628865387414,2.507375478927203,16.0,1000,16.0,2.82842712474619
145,2,0.7655172413793103,0.06111111111111111,0.059382628865387414,2.507375478927203,13.999999999999998,1000,13.999999999999998,2.5385910352879693
145,3,0.7793103448275862,0.06111111111111111,0.059382628865387414,2.507375478927203,12.333333333333332,1000,12.333333333333332,2.3333333333333335
145,4,0.7793103448275862,0.06111111111111111,0.059382628865387414,2.507375478927203,13.333333333333332,1000,13.333333333333332,2.5385910352879693
