size,trial,rate,density,clustering,shortest_path,n_comp_nodes,steps,l1,l2
95,0,0.8,0.06942889137737962,0.0491304017619807,2.643673012318029,10.666666666666666,1000,10.666666666666666,2.7080128015453204
95,1,0.7789473684210526,0.06942889137737962,0.0491304017619807,2.643673012318029,15.0,1000,15.0,3.48010216963685
95,2,0.7789473684210526,0.06942889137737962,0.0491304017619807,2.643673012318029,14.0,1000,14.0,3.265986323710904
95,3,0.7263157894736842,0.06942889137737962,0.0491304017619807,2.643673012318029,13.999999999999998,1000,13.999999999999998,3.0550504633038935
95,4,0.7052631578947368,0.06942889137737962,0.0491304017619807,2.643673012318029,14.0,1000,14.0,2.9439202887759484
