size,trial,rate,density,clustering,shortest_path,n_comp_nodes,steps,l1,l2
95,0,0.7263157894736842,0.07346024636058231,0.0745430008587903,2.5204927211646138,14.999999999999998,1000,14.999999999999998,3.2829526005987018
95,1,0.736842105263158,0.07346024636058231,0.0745430008587903,2.5204927211646138,14.000000000000002,1000,14.000000000000002,3.0912061651652345
95,2,0.7894736842105263,0.07346024636058231,0.0745430008587903,2.5204927211646138,11.333333333333334,1000,11.333333333333334,2.788866755113585
95,3,0.7473684210526316,0.07346024636058231,0.0745430008587903,2.5204927211646138,14.0,1000,14.0,3.1622776601683795
95,4,0.7263157894736842,0.07346024636058231,0.0745430008587903,2.5204927211646138,14.0,1000,14.0,3.018461712712472
