size,trial,rate,density,clustering,shortest_path,n_comp_nodes,steps,l1,l2
95,0,0.7473684210526316,0.07390817469204927,0.06352320194425454,2.534154535274356,12.333333333333334,1000,12.333333333333334,2.808716591058786
95,1,0.8,0.07390817469204927,0.06352320194425454,2.534154535274356,10.333333333333332,1000,10.333333333333332,2.6034165586355518
95,2,0.7157894736842105,0.07390817469204927,0.06352320194425454,2.534154535274356,14.666666666666664,1000,14.666666666666664,3.0912061651652345
95,3,0.8315789473684211,0.07390817469204927,0.06352320194425454,2.534154535274356,9.666666666666666,1000,9.666666666666666,2.6034165586355513
95,4,0.736842105263158,0.07390817469204927,0.06352320194425454,2.534154535274356,15.666666666666666,1000,15.666666666666666,3.415650255319866
