size,trial,rate,density,clustering,shortest_path,n_comp_nodes,steps,l1,l2
95,0,0.7894736842105263,0.07256438969764838,0.07279685227053642,2.564389697648376,11.333333333333332,1000,11.333333333333332,2.7888667551135855
95,1,0.7473684210526316,0.07256438969764838,0.07279685227053642,2.564389697648376,12.333333333333334,1000,12.333333333333334,2.808716591058786
95,2,0.7578947368421053,0.07256438969764838,0.07279685227053642,2.564389697648376,12.0,1000,12.0,2.788866755113585
95,3,0.7684210526315789,0.07256438969764838,0.07279685227053642,2.564389697648376,13.666666666666666,1000,13.666666666666666,3.2145502536643185
95,4,0.8,0.07256438969764838,0.07279685227053642,2.564389697648376,11.333333333333332,1000,11.333333333333332,2.8284271247461903
