size,trial,rate,density,clustering,shortest_path,n_comp_nodes,steps,l1,l2
95,0,0.7684210526315789,0.06741321388577827,0.06788030682767524,2.640313549832027,13.666666666666666,1000,13.666666666666666,3.2489314482696545
95,1,0.7157894736842105,0.06741321388577827,0.06788030682767524,2.640313549832027,15.666666666666664,1000,15.666666666666664,3.3499585403736303
95,2,0.7263157894736842,0.06741321388577827,0.06788030682767524,2.640313549832027,13.333333333333332,1000,13.333333333333332,2.82842712474619
95,3,0.7052631578947368,0.06741321388577827,0.06788030682767524,2.640313549832027,18.0,1000,18.0,3.711842908553348
95,4,0.7789473684210526,0.06741321388577827,0.06788030682767524,2.640313549832027,11.333333333333334,1000,11.333333333333334,2.70801280154532
