size,trial,rate,density,clustering,shortest_path,n_comp_nodes,steps,l1,l2
95,0,0.8105263157894737,0.06898096304591265,0.053107185212448345,2.6134378499440087,10.333333333333334,1000,10.333333333333334,2.68741924943285
95,1,0.7684210526315789,0.06898096304591265,0.053107185212448345,2.6134378499440087,12.666666666666666,1000,12.666666666666666,3.018461712712472
95,2,0.7157894736842105,0.06898096304591265,0.053107185212448345,2.6134378499440087,16.0,1000,16.0,3.3993463423951895
95,3,0.7684210526315789,0.06898096304591265,0.053107185212448345,2.6134378499440087,12.666666666666666,1000,12.666666666666666,2.9059326290271152
95,4,0.7052631578947368,0.06898096304591265,0.053107185212448345,2.6134378499440087,15.0,1000,15.0,3.1446603773522015
