size,trial,rate,density,clustering,shortest_path,n_comp_nodes,steps,l1,l2
95,0,0.7263157894736842,0.07346024636058231,0.08860823387139177,2.5361702127659576,13.0,1000,13.0,2.808716591058786
95,1,0.7578947368421053,0.07346024636058231,0.08860823387139177,2.5361702127659576,11.333333333333334,1000,11.333333333333334,2.6246692913372702
95,2,0.7789473684210526,0.07346024636058231,0.08860823387139177,2.5361702127659576,11.333333333333332,1000,11.333333333333332,2.748737083745107
95,3,0.7789473684210526,0.07346024636058231,0.08860823387139177,2.5361702127659576,11.333333333333334,1000,11.333333333333334,2.6666666666666665
95,4,0.7894736842105263,0.07346024636058231,0.08860823387139177,2.5361702127659576,10.666666666666666,1000,10.666666666666666,2.6246692913372702
