size,trial,rate,density,clustering,shortest_path,n_comp_nodes,steps,l1,l2
95,0,0.7684210526315789,0.0671892497200448,0.08608917398391078,2.656662933930571,14.666666666666666,1000,14.666666666666666,3.366501646120693
95,1,0.7578947368421053,0.0671892497200448,0.08608917398391078,2.656662933930571,12.666666666666666,1000,12.666666666666666,2.9059326290271157
95,2,0.8,0.0671892497200448,0.08608917398391078,2.656662933930571,8.666666666666666,1000,8.666666666666666,2.1602468994692865
95,3,0.7578947368421053,0.0671892497200448,0.08608917398391078,2.656662933930571,12.666666666666666,1000,12.666666666666666,2.9059326290271157
95,4,0.736842105263158,0.0671892497200448,0.08608917398391078,2.656662933930571,13.333333333333334,1000,13.333333333333334,2.981423969999719
