size,trial,rate,density,clustering,shortest_path,n_comp_nodes,steps,l1,l2
95,0,0.736842105263158,0.07099664053751399,0.09125996466553739,2.6058230683090704,12.666666666666664,1000,12.666666666666664,2.82842712474619
95,1,0.7789473684210526,0.07099664053751399,0.09125996466553739,2.6058230683090704,12.333333333333334,1000,12.333333333333334,2.924988129130707
95,2,0.7789473684210526,0.07099664053751399,0.09125996466553739,2.6058230683090704,12.333333333333332,1000,12.333333333333332,2.962731472438529
95,3,0.7473684210526316,0.07099664053751399,0.09125996466553739,2.6058230683090704,17.333333333333332,1000,17.333333333333332,3.80058475033046
95,4,0.7684210526315789,0.07099664053751399,0.09125996466553739,2.6058230683090704,13.333333333333332,1000,13.333333333333332,3.1269438398822866
