size,trial,rate,density,clustering,shortest_path,n_comp_nodes,steps,l1,l2
95,0,0.7473684210526316,0.07346024636058231,0.05445233129443655,2.5449048152295632,13.999999999999998,1000,13.999999999999998,3.091206165165235
95,1,0.7894736842105263,0.07346024636058231,0.05445233129443655,2.5449048152295632,9.666666666666666,1000,9.666666666666666,2.333333333333333
95,2,0.8105263157894737,0.07346024636058231,0.05445233129443655,2.5449048152295632,10.0,1000,10.0,2.5385910352879693
95,3,0.8,0.07346024636058231,0.05445233129443655,2.5449048152295632,11.333333333333332,1000,11.333333333333332,2.8284271247461903
95,4,0.6842105263157895,0.07346024636058231,0.05445233129443655,2.5449048152295632,14.666666666666666,1000,14.666666666666666,3.018461712712472
