size,trial,rate,density,clustering,shortest_path,n_comp_nodes,steps,l1,l2
15,0,0.33333333333333337,0.19047619047619047,0.08444444444444445,2.4952380952380953,5.666666666666667,1000,5.666666666666667,1.914854215512676
15,1,0.5333333333333333,0.19047619047619047,0.08444444444444445,2.4952380952380953,4.666666666666667,1000,4.666666666666667,1.9436506316151
15,2,0.4,0.19047619047619047,0.08444444444444445,2.4952380952380953,5.999999999999999,1000,5.999999999999999,2.1602468994692865
15,3,0.33333333333333337,0.19047619047619047,0.08444444444444445,2.4952380952380953,6.333333333333334,1000,6.333333333333334,2.185812841434
15,4,0.6,0.19047619047619047,0.08444444444444445,2.4952380952380953,4.0,1000,4.0,1.7638342073763937
