size,trial,rate,density,clustering,shortest_path,n_comp_nodes,steps,l1,l2
15,0,0.4,0.18095238095238095,0.0,2.533333333333333,5.0,1000,5.0,1.855921454276674
15,1,0.4,0.18095238095238095,0.0,2.533333333333333,5.333333333333334,1000,5.333333333333334,1.9436506316151
15,2,0.33333333333333337,0.18095238095238095,0.0,2.533333333333333,5.999999999999999,1000,5.999999999999999,2.1081851067789192
15,3,0.19999999999999996,0.18095238095238095,0.0,2.533333333333333,7.999999999999999,1000,7.999999999999999,2.581988897471611
15,4,0.33333333333333337,0.18095238095238095,0.0,2.533333333333333,5.0,1000,5.0,1.7320508075688772
