size,trial,rate,density,clustering,shortest_path,n_comp_nodes,steps,l1,l2
15,0,0.4,0.18095238095238095,0.12412698412698413,2.638095238095238,5.666666666666665,1000,5.666666666666665,2.0816659994661326
15,1,0.2666666666666667,0.18095238095238095,0.12412698412698413,2.638095238095238,7.333333333333333,1000,7.333333333333333,2.3570226039551585
15,2,0.4666666666666667,0.18095238095238095,0.12412698412698413,2.638095238095238,3.9999999999999996,1000,3.9999999999999996,1.563471919941143
15,3,0.2666666666666667,0.18095238095238095,0.12412698412698413,2.638095238095238,5.666666666666666,1000,5.666666666666666,1.855921454276674
15,4,0.2666666666666667,0.18095238095238095,0.12412698412698413,2.638095238095238,6.666666666666666,1000,6.666666666666666,2.211083193570267
