size,trial,rate,density,clustering,shortest_path,n_comp_nodes,steps,l1,l2
15,0,0.4666666666666667,0.21904761904761905,0.2568253968253968,2.4761904761904763,6.0,1000,6.0,2.260776661041756
15,1,0.5333333333333333,0.21904761904761905,0.2568253968253968,2.4761904761904763,4.333333333333334,1000,4.333333333333334,1.7320508075688772
15,2,0.4,0.21904761904761905,0.2568253968253968,2.4761904761904763,5.666666666666667,1000,5.666666666666667,2.0275875100994063
15,3,0.5333333333333333,0.21904761904761905,0.2568253968253968,2.4761904761904763,3.6666666666666665,1000,3.6666666666666665,1.5275252316519468
15,4,0.5333333333333333,0.21904761904761905,0.2568253968253968,2.4761904761904763,3.9999999999999996,1000,3.9999999999999996,1.632993161855452
