size,trial,rate,density,clustering,shortest_path,n_comp_nodes,steps,l1,l2
15,0,0.33333333333333337,0.1619047619047619,0.09126984126984126,2.4761904761904763,6.666666666666667,1000,6.666666666666667,2.3094010767585034
15,1,0.4666666666666667,0.1619047619047619,0.09126984126984126,2.4761904761904763,4.0,1000,4.0,1.5634719199411433
15,2,0.2666666666666667,0.1619047619047619,0.09126984126984126,2.4761904761904763,6.333333333333333,1000,6.333333333333333,2.1343747458109497
15,3,0.4,0.1619047619047619,0.09126984126984126,2.4761904761904763,4.333333333333333,1000,4.333333333333333,1.5275252316519465
15,4,0.33333333333333337,0.1619047619047619,0.09126984126984126,2.4761904761904763,7.333333333333333,1000,7.333333333333333,2.494438257849294
