size,trial,rate,density,clustering,shortest_path,n_comp_nodes,steps,l1,l2
15,0,0.4,0.17142857142857143,0.0,2.5238095238095237,5.666666666666666,1000,5.666666666666666,2.0816659994661326
15,1,0.2666666666666667,0.17142857142857143,0.0,2.5238095238095237,6.666666666666667,1000,6.666666666666667,2.260776661041756
15,2,0.5333333333333333,0.17142857142857143,0.0,2.5238095238095237,5.333333333333333,1000,5.333333333333333,2.1602468994692865
15,3,0.4666666666666667,0.17142857142857143,0.0,2.5238095238095237,4.666666666666666,1000,4.666666666666666,1.8856180831641267
15,4,0.4666666666666667,0.17142857142857143,0.0,2.5238095238095237,5.333333333333333,1000,5.333333333333333,2.054804667656325
