size,trial,rate,density,clustering,shortest_path,n_comp_nodes,steps,l1,l2
15,0,0.4,0.18095238095238095,0.03777777777777778,2.5714285714285716,5.0,1000,5.0,1.7950549357115013
15,1,0.4,0.18095238095238095,0.03777777777777778,2.5714285714285716,5.999999999999999,1000,5.999999999999999,2.1602468994692865
15,2,0.5333333333333333,0.18095238095238095,0.03777777777777778,2.5714285714285716,4.333333333333333,1000,4.333333333333333,1.7950549357115013
15,3,0.2666666666666667,0.18095238095238095,0.03777777777777778,2.5714285714285716,5.0,1000,5.0,1.6666666666666667
15,4,0.5333333333333333,0.18095238095238095,0.03777777777777778,2.5714285714285716,4.333333333333333,1000,4.333333333333333,1.732050807568877
