size,trial,rate,density,clustering,shortest_path,n_comp_nodes,steps,l1,l2
15,0,0.33333333333333337,0.18095238095238095,0.1511111111111111,2.6285714285714286,5.333333333333334,1000,5.333333333333334,1.8257418583505536
15,1,0.5333333333333333,0.18095238095238095,0.1511111111111111,2.6285714285714286,3.3333333333333335,1000,3.3333333333333335,1.3333333333333333
15,2,0.4666666666666667,0.18095238095238095,0.1511111111111111,2.6285714285714286,5.333333333333334,1000,5.333333333333334,1.9999999999999998
15,3,0.5333333333333333,0.18095238095238095,0.1511111111111111,2.6285714285714286,5.0,1000,5.0,2.0275875100994063
15,4,0.33333333333333337,0.18095238095238095,0.1511111111111111,2.6285714285714286,5.333333333333334,1000,5.333333333333334,1.8257418583505536
