size,trial,rate,density,clustering,shortest_path,n_comp_nodes,steps,l1,l2
15,0,0.4666666666666667,0.18095238095238095,0.23333333333333336,2.380952380952381,5.0,1000,5.0,1.9148542155126762
15,1,0.5333333333333333,0.18095238095238095,0.23333333333333336,2.380952380952381,4.0,1000,4.0,1.563471919941143
15,2,0.4666666666666667,0.18095238095238095,0.23333333333333336,2.380952380952381,5.0,1000,5.0,1.9148542155126762
15,3,0.4,0.18095238095238095,0.23333333333333336,2.380952380952381,5.333333333333333,1000,5.333333333333333,2.0
15,4,0.4666666666666667,0.18095238095238095,0.23333333333333336,2.380952380952381,5.999999999999999,1000,5.999999999999999,2.260776661041756
