size,trial,rate,density,clustering,shortest_path,n_comp_nodes,steps,l1,l2
165,0,0.8848484848484849,0.06186252771618625,0.058198948011782194,2.44759793052476,10.0,1000,10.0,2.581988897471611
165,1,0.8606060606060606,0.06186252771618625,0.058198948011782194,2.44759793052476,11.333333333333332,1000,11.333333333333332,2.6246692913372702
165,2,0.8848484848484849,0.06186252771618625,0.058198948011782194,2.44759793052476,10.666666666666668,1000,10.666666666666668,2.7080128015453204
165,3,0.896969696969697,0.06186252771618625,0.058198948011782194,2.44759793052476,10.0,1000,10.0,2.6246692913372702
165,4,0.8848484848484849,0.06186252771618625,0.058198948011782194,2.44759793052476,9.666666666666666,1000,9.666666666666666,2.4267032964268394
