size,trial,rate,density,clustering,shortest_path,n_comp_nodes,steps,l1,l2
165,0,0.8181818181818181,0.05720620842572062,0.05356373968673427,2.5227642276422766,17.0,1000,17.0,3.4480268109295333
165,1,0.8787878787878788,0.05720620842572062,0.05356373968673427,2.5227642276422766,11.0,1000,11.0,2.7284509239574835
165,2,0.8666666666666667,0.05720620842572062,0.05356373968673427,2.5227642276422766,10.0,1000,10.0,2.309401076758503
165,3,0.8424242424242424,0.05720620842572062,0.05356373968673427,2.5227642276422766,13.0,1000,13.0,2.7688746209726913
165,4,0.8303030303030303,0.05720620842572062,0.05356373968673427,2.5227642276422766,14.0,1000,14.0,2.9439202887759492
