size,trial,rate,density,clustering,shortest_path,n_comp_nodes,steps,l1,l2
165,0,0.8484848484848485,0.06104951958610495,0.05499938699488371,2.459571322985957,13.666666666666664,1000,13.666666666666664,3.0
165,1,0.8787878787878788,0.06104951958610495,0.05499938699488371,2.459571322985957,10.666666666666664,1000,10.666666666666664,2.6666666666666665
165,2,0.8727272727272728,0.06104951958610495,0.05499938699488371,2.459571322985957,12.0,1000,12.0,2.9059326290271157
165,3,0.8727272727272728,0.06104951958610495,0.05499938699488371,2.459571322985957,11.0,1000,11.0,2.7284509239574835
165,4,0.896969696969697,0.06104951958610495,0.05499938699488371,2.459571322985957,9.0,1000,9.0,2.4267032964268394
