size,trial,rate,density,clustering,shortest_path,n_comp_nodes,steps,l1,l2
165,0,0.8181818181818181,0.05920177383592018,0.059219147699305245,2.489209164818921,16.333333333333332,1000,16.333333333333332,3.34995854037363
165,1,0.8484848484848485,0.05920177383592018,0.059219147699305245,2.489209164818921,14.999999999999996,1000,14.999999999999996,3.2829526005987018
165,2,0.8606060606060606,0.05920177383592018,0.059219147699305245,2.489209164818921,12.333333333333332,1000,12.333333333333332,2.808716591058786
165,3,0.8787878787878788,0.05920177383592018,0.059219147699305245,2.489209164818921,11.333333333333332,1000,11.333333333333332,2.7888667551135855
165,4,0.8484848484848485,0.05920177383592018,0.059219147699305245,2.489209164818921,13.0,1000,13.0,2.8867513459481287
