size,trial,rate,density,clustering,shortest_path,n_comp_nodes,steps,l1,l2
165,0,0.8727272727272728,0.06378418329637842,0.06884352458374408,2.421581670362158,8.333333333333332,1000,8.333333333333332,1.9148542155126762
165,1,0.9030303030303031,0.06378418329637842,0.06884352458374408,2.421581670362158,8.333333333333332,1000,8.333333333333332,2.3333333333333335
165,2,0.9090909090909091,0.06378418329637842,0.06884352458374408,2.421581670362158,9.666666666666666,1000,9.666666666666666,2.7688746209726913
165,3,0.8727272727272728,0.06378418329637842,0.06884352458374408,2.421581670362158,11.666666666666666,1000,11.666666666666666,2.8087165910587863
165,4,0.9030303030303031,0.06378418329637842,0.06884352458374408,2.421581670362158,8.666666666666666,1000,8.666666666666666,2.449489742783178
