size,trial,rate,density,clustering,shortest_path,n_comp_nodes,steps,l1,l2
165,0,0.8787878787878788,0.058906134515890614,0.060342653979017585,2.490169992609017,9.666666666666666,1000,9.666666666666666,2.285218200133681
165,1,0.9090909090909091,0.058906134515890614,0.060342653979017585,2.490169992609017,7.666666666666666,1000,7.666666666666666,2.185812841434
165,2,0.8545454545454545,0.058906134515890614,0.060342653979017585,2.490169992609017,11.0,1000,11.0,2.4720661623652207
165,3,0.8363636363636364,0.058906134515890614,0.060342653979017585,2.490169992609017,16.666666666666664,1000,16.666666666666664,3.4960294939005054
165,4,0.8848484848484849,0.058906134515890614,0.060342653979017585,2.490169992609017,10.666666666666666,1000,10.666666666666666,2.70801280154532
