size,trial,rate,density,clustering,shortest_path,n_comp_nodes,steps,l1,l2
165,0,0.8848484848484849,0.06348854397634886,0.061352429507509694,2.4258684405025868,13.0,1000,13.0,3.1446603773522015
165,1,0.896969696969697,0.06348854397634886,0.061352429507509694,2.4258684405025868,10.333333333333332,1000,10.333333333333332,2.6874192494328497
165,2,0.8848484848484849,0.06348854397634886,0.061352429507509694,2.4258684405025868,10.666666666666666,1000,10.666666666666666,2.7080128015453204
165,3,0.8666666666666667,0.06348854397634886,0.061352429507509694,2.4258684405025868,12.666666666666668,1000,12.666666666666668,2.943920288775949
165,4,0.8363636363636364,0.06348854397634886,0.061352429507509694,2.4258684405025868,11.0,1000,11.0,2.285218200133681
