size,trial,rate,density,clustering,shortest_path,n_comp_nodes,steps,l1,l2
165,0,0.8606060606060606,0.061271249076127125,0.06529215189642992,2.456910569105691,12.0,1000,12.0,2.748737083745107
165,1,0.8848484848484849,0.061271249076127125,0.06529215189642992,2.456910569105691,9.333333333333332,1000,9.333333333333332,2.4037008503093262
165,2,0.8545454545454545,0.061271249076127125,0.06529215189642992,2.456910569105691,13.0,1000,13.0,2.96273147243853
165,3,0.8848484848484849,0.061271249076127125,0.06529215189642992,2.456910569105691,9.333333333333332,1000,9.333333333333332,2.3570226039551585
165,4,0.8606060606060606,0.061271249076127125,0.06529215189642992,2.456910569105691,12.666666666666668,1000,12.666666666666668,2.9059326290271157
