size,trial,rate,density,clustering,shortest_path,n_comp_nodes,steps,l1,l2
165,0,0.8848484848484849,0.06267553584626756,0.06203694008506834,2.4409460458240946,8.666666666666666,1000,8.666666666666666,2.1602468994692865
165,1,0.8727272727272728,0.06267553584626756,0.06203694008506834,2.4409460458240946,12.0,1000,12.0,2.8284271247461903
165,2,0.8242424242424242,0.06267553584626756,0.06203694008506834,2.4409460458240946,14.333333333333332,1000,14.333333333333332,2.9249881291307074
165,3,0.8545454545454545,0.06267553584626756,0.06203694008506834,2.4409460458240946,11.666666666666664,1000,11.666666666666664,2.6034165586355518
165,4,0.8606060606060606,0.06267553584626756,0.06203694008506834,2.4409460458240946,11.333333333333332,1000,11.333333333333332,2.6246692913372702
