size,trial,rate,density,clustering,shortest_path,n_comp_nodes,steps,l1,l2
195,0,0.8974358974358975,0.06021675918583135,0.05656434843503189,2.4113666402326195,7.666666666666666,1000,7.666666666666666,1.855921454276674
195,1,0.9179487179487179,0.06021675918583135,0.05656434843503189,2.4113666402326195,8.666666666666666,1000,8.666666666666666,2.4944382578492945
195,2,0.9333333333333333,0.06021675918583135,0.05656434843503189,2.4113666402326195,7.333333333333332,1000,7.333333333333332,2.1602468994692865
195,3,0.882051282051282,0.06021675918583135,0.05656434843503189,2.4113666402326195,12.0,1000,12.0,2.70801280154532
195,4,0.9179487179487179,0.06021675918583135,0.05656434843503189,2.4113666402326195,8.333333333333332,1000,8.333333333333332,2.23606797749979
