size,trial,rate,density,clustering,shortest_path,n_comp_nodes,steps,l1,l2
195,0,0.9025641025641026,0.05931800158604282,0.05425564948665686,2.4274914089347077,11.999999999999998,1000,11.999999999999998,2.9814239699997196
195,1,0.9128205128205128,0.05931800158604282,0.05425564948665686,2.4274914089347077,9.333333333333332,1000,9.333333333333332,2.494438257849294
195,2,0.8923076923076922,0.05931800158604282,0.05425564948665686,2.4274914089347077,10.0,1000,10.0,2.309401076758503
195,3,0.9076923076923077,0.05931800158604282,0.05425564948665686,2.4274914089347077,11.333333333333332,1000,11.333333333333332,2.8674417556808756
195,4,0.9128205128205128,0.05931800158604282,0.05425564948665686,2.4274914089347077,9.333333333333332,1000,9.333333333333332,2.449489742783178
