size,trial,rate,density,clustering,shortest_path,n_comp_nodes,steps,l1,l2
195,0,0.9025641025641026,0.05894792492730637,0.05924529533028445,2.42426645519429,9.666666666666666,1000,9.666666666666666,2.4720661623652207
195,1,0.8461538461538461,0.05894792492730637,0.05924529533028445,2.42426645519429,15.333333333333332,1000,15.333333333333332,3.0912061651652345
195,2,0.8974358974358975,0.05894792492730637,0.05924529533028445,2.42426645519429,10.666666666666666,1000,10.666666666666666,2.6666666666666665
195,3,0.8666666666666667,0.05894792492730637,0.05924529533028445,2.42426645519429,13.333333333333332,1000,13.333333333333332,2.9059326290271157
195,4,0.8871794871794871,0.05894792492730637,0.05924529533028445,2.42426645519429,14.0,1000,14.0,3.265986323710904
