size,trial,rate,density,clustering,shortest_path,n_comp_nodes,steps,l1,l2
195,0,0.9179487179487179,0.0598466825270949,0.058726564686316964,2.415014538725879,7.999999999999999,1000,7.999999999999999,2.211083193570267
195,1,0.9025641025641026,0.0598466825270949,0.058726564686316964,2.415014538725879,10.666666666666666,1000,10.666666666666666,2.6666666666666665
195,2,0.9025641025641026,0.0598466825270949,0.058726564686316964,2.415014538725879,10.333333333333332,1000,10.333333333333332,2.6034165586355513
195,3,0.9179487179487179,0.0598466825270949,0.058726564686316964,2.415014538725879,9.333333333333332,1000,9.333333333333332,2.581988897471611
195,4,0.9076923076923077,0.0598466825270949,0.058726564686316964,2.415014538725879,10.666666666666666,1000,10.666666666666666,2.788866755113585
