size,trial,rate,density,clustering,shortest_path,n_comp_nodes,steps,l1,l2
195,0,0.9487179487179487,0.059212265397832406,0.05292415165122949,2.421200105736188,5.333333333333334,1000,5.333333333333334,1.8257418583505538
195,1,0.882051282051282,0.059212265397832406,0.05292415165122949,2.421200105736188,14.0,1000,14.0,3.2317865716108862
195,2,0.8974358974358975,0.059212265397832406,0.05292415165122949,2.421200105736188,11.0,1000,11.0,2.7284509239574835
195,3,0.9128205128205128,0.059212265397832406,0.05292415165122949,2.421200105736188,7.666666666666666,1000,7.666666666666666,2.0275875100994067
195,4,0.8871794871794871,0.059212265397832406,0.05292415165122949,2.421200105736188,13.999999999999998,1000,13.999999999999998,3.231786571610886
