size,trial,rate,density,clustering,shortest_path,n_comp_nodes,steps,l1,l2
195,0,0.9128205128205128,0.06048109965635739,0.056260422782213625,2.3995770552471583,9.333333333333332,1000,9.333333333333332,2.5385910352879693
195,1,0.8974358974358975,0.06048109965635739,0.056260422782213625,2.3995770552471583,12.0,1000,12.0,2.9059326290271157
195,2,0.8923076923076922,0.06048109965635739,0.056260422782213625,2.3995770552471583,14.0,1000,14.0,3.3333333333333335
195,3,0.9384615384615385,0.06048109965635739,0.056260422782213625,2.3995770552471583,5.333333333333333,1000,5.333333333333333,1.632993161855452
195,4,0.9076923076923077,0.06048109965635739,0.056260422782213625,2.3995770552471583,11.0,1000,11.0,2.848001248439177
