size,trial,rate,density,clustering,shortest_path,n_comp_nodes,steps,l1,l2
195,0,0.9076923076923077,0.06174993391488237,0.058532621533335966,2.386782976473698,8.333333333333332,1000,8.333333333333332,2.1343747458109497
195,1,0.9179487179487179,0.06174993391488237,0.058532621533335966,2.386782976473698,9.333333333333332,1000,9.333333333333332,2.5385910352879693
195,2,0.8923076923076922,0.06174993391488237,0.058532621533335966,2.386782976473698,10.666666666666666,1000,10.666666666666666,2.666666666666667
195,3,0.9128205128205128,0.06174993391488237,0.058532621533335966,2.386782976473698,10.333333333333332,1000,10.333333333333332,2.808716591058786
195,4,0.8871794871794871,0.06174993391488237,0.058532621533335966,2.386782976473698,11.333333333333332,1000,11.333333333333332,2.6666666666666665
