size,trial,rate,density,clustering,shortest_path,n_comp_nodes,steps,l1,l2
195,0,0.8923076923076922,0.056515992598466826,0.053171597130873084,2.458260639703939,11.333333333333332,1000,11.333333333333332,2.7080128015453204
195,1,0.8717948717948718,0.056515992598466826,0.053171597130873084,2.458260639703939,11.999999999999998,1000,11.999999999999998,2.7080128015453204
195,2,0.9282051282051282,0.056515992598466826,0.053171597130873084,2.458260639703939,7.333333333333333,1000,7.333333333333333,2.1081851067789197
195,3,0.882051282051282,0.056515992598466826,0.053171597130873084,2.458260639703939,13.0,1000,13.0,3.0
195,4,0.9025641025641026,0.056515992598466826,0.053171597130873084,2.458260639703939,11.333333333333332,1000,11.333333333333332,2.7888667551135855
