size,trial,rate,density,clustering,shortest_path,n_comp_nodes,steps,l1,l2
195,0,0.8871794871794871,0.05900079302141158,0.0606968233476615,2.4261168384879723,13.333333333333334,1000,13.333333333333334,3.018461712712472
195,1,0.9076923076923077,0.05900079302141158,0.0606968233476615,2.4261168384879723,9.666666666666666,1000,9.666666666666666,2.560381915956203
195,2,0.9025641025641026,0.05900079302141158,0.0606968233476615,2.4261168384879723,10.999999999999998,1000,10.999999999999998,2.8087165910587863
195,3,0.8769230769230769,0.05900079302141158,0.0606968233476615,2.4261168384879723,13.0,1000,13.0,2.9249881291307074
195,4,0.9076923076923077,0.05900079302141158,0.0606968233476615,2.4261168384879723,10.0,1000,10.0,2.581988897471611
