size,trial,rate,density,clustering,shortest_path,n_comp_nodes,steps,l1,l2
195,0,0.9282051282051282,0.06026962727993656,0.05897493087408902,2.4068199841395717,7.999999999999999,1000,7.999999999999999,2.3570226039551585
195,1,0.9025641025641026,0.06026962727993656,0.05897493087408902,2.4068199841395717,10.666666666666664,1000,10.666666666666664,2.7080128015453204
195,2,0.9076923076923077,0.06026962727993656,0.05897493087408902,2.4068199841395717,10.666666666666666,1000,10.666666666666666,2.7080128015453204
195,3,0.882051282051282,0.06026962727993656,0.05897493087408902,2.4068199841395717,10.666666666666666,1000,10.666666666666666,2.4037008503093262
195,4,0.9282051282051282,0.06026962727993656,0.05897493087408902,2.4068199841395717,8.666666666666666,1000,8.666666666666666,2.494438257849294
