size,trial,rate,density,clustering,shortest_path,n_comp_nodes,steps,l1,l2
35,0,0.6571428571428571,0.10252100840336134,0.08190476190476191,3.0016806722689076,7.333333333333332,1000,7.333333333333332,2.3094010767585034
35,1,0.6285714285714286,0.10252100840336134,0.08190476190476191,3.0016806722689076,8.0,1000,8.0,2.4037008503093262
35,2,0.5714285714285714,0.10252100840336134,0.08190476190476191,3.0016806722689076,8.0,1000,8.0,2.211083193570267
35,3,0.6,0.10252100840336134,0.08190476190476191,3.0016806722689076,8.333333333333332,1000,8.333333333333332,2.3333333333333335
35,4,0.6285714285714286,0.10252100840336134,0.08190476190476191,3.0016806722689076,8.0,1000,8.0,2.449489742783178
