size,trial,rate,density,clustering,shortest_path,n_comp_nodes,steps,l1,l2
35,0,0.5428571428571429,0.09915966386554621,0.0527891156462585,2.8739495798319328,9.666666666666666,1000,9.666666666666666,2.6457513110645907
35,1,0.5714285714285714,0.09915966386554621,0.0527891156462585,2.8739495798319328,9.0,1000,9.0,2.560381915956203
35,2,0.5428571428571429,0.09915966386554621,0.0527891156462585,2.8739495798319328,9.333333333333332,1000,9.333333333333332,2.5385910352879693
35,3,0.5428571428571429,0.09915966386554621,0.0527891156462585,2.8739495798319328,10.0,1000,10.0,2.7080128015453204
35,4,0.6,0.09915966386554621,0.0527891156462585,2.8739495798319328,9.333333333333332,1000,9.333333333333332,2.6666666666666665
