size,trial,rate,density,clustering,shortest_path,n_comp_nodes,steps,l1,l2
35,0,0.6285714285714286,0.0957983193277311,0.07346938775510205,3.0873949579831934,9.0,1000,9.0,2.6457513110645907
35,1,0.6,0.0957983193277311,0.07346938775510205,3.0873949579831934,9.666666666666666,1000,9.666666666666666,2.7688746209726918
35,2,0.6,0.0957983193277311,0.07346938775510205,3.0873949579831934,9.666666666666666,1000,9.666666666666666,2.7688746209726913
35,3,0.5142857142857142,0.0957983193277311,0.07346938775510205,3.0873949579831934,11.333333333333334,1000,11.333333333333334,3.018461712712472
35,4,0.5428571428571429,0.0957983193277311,0.07346938775510205,3.0873949579831934,11.0,1000,11.0,3.0
