size,trial,rate,density,clustering,shortest_path,n_comp_nodes,steps,l1,l2
35,0,0.5428571428571429,0.1092436974789916,0.049863945578231296,2.715966386554622,8.333333333333332,1000,8.333333333333332,2.23606797749979
35,1,0.6571428571428571,0.1092436974789916,0.049863945578231296,2.715966386554622,8.333333333333332,1000,8.333333333333332,2.6034165586355513
35,2,0.5714285714285714,0.1092436974789916,0.049863945578231296,2.715966386554622,10.333333333333332,1000,10.333333333333332,2.8480012484391772
35,3,0.6,0.1092436974789916,0.049863945578231296,2.715966386554622,9.333333333333332,1000,9.333333333333332,2.666666666666667
35,4,0.5714285714285714,0.1092436974789916,0.049863945578231296,2.715966386554622,10.0,1000,10.0,2.7888667551135855
