size,trial,rate,density,clustering,shortest_path,n_comp_nodes,steps,l1,l2
35,0,0.7714285714285715,0.11596638655462185,0.05061224489795917,2.608403361344538,5.666666666666667,1000,5.666666666666667,2.1343747458109497
35,1,0.7714285714285715,0.11596638655462185,0.05061224489795917,2.608403361344538,6.333333333333333,1000,6.333333333333333,2.3333333333333335
35,2,0.6,0.11596638655462185,0.05061224489795917,2.608403361344538,7.0,1000,7.0,2.1343747458109497
35,3,0.6285714285714286,0.11596638655462185,0.05061224489795917,2.608403361344538,9.0,1000,9.0,2.7284509239574835
35,4,0.6,0.11596638655462185,0.05061224489795917,2.608403361344538,10.333333333333332,1000,10.333333333333332,2.96273147243853
