size,trial,rate,density,clustering,shortest_path,n_comp_nodes,steps,l1,l2
35,0,0.4571428571428572,0.09243697478991597,0.05612244897959184,3.0168067226890756,11.999999999999998,1000,11.999999999999998,3.0184617127124724
35,1,0.48571428571428577,0.09243697478991597,0.05612244897959184,3.0168067226890756,11.333333333333332,1000,11.333333333333332,2.943920288775949
35,2,0.5428571428571429,0.09243697478991597,0.05612244897959184,3.0168067226890756,9.0,1000,9.0,2.4720661623652207
35,3,0.5142857142857142,0.09243697478991597,0.05612244897959184,3.0168067226890756,10.666666666666666,1000,10.666666666666666,2.8674417556808756
35,4,0.5142857142857142,0.09243697478991597,0.05612244897959184,3.0168067226890756,11.333333333333334,1000,11.333333333333334,3.055050463303893
