size,trial,rate,density,clustering,shortest_path,n_comp_nodes,steps,l1,l2
35,0,0.5428571428571429,0.11428571428571428,0.12183673469387753,2.6638655462184873,8.666666666666666,1000,8.666666666666666,2.4037008503093262
35,1,0.5142857142857142,0.11428571428571428,0.12183673469387753,2.6638655462184873,9.0,1000,9.0,2.3804761428476167
35,2,0.5142857142857142,0.11428571428571428,0.12183673469387753,2.6638655462184873,11.0,1000,11.0,2.9249881291307074
35,3,0.6,0.11428571428571428,0.12183673469387753,2.6638655462184873,7.333333333333333,1000,7.333333333333333,2.2110831935702664
35,4,0.5142857142857142,0.11428571428571428,0.12183673469387753,2.6638655462184873,9.0,1000,9.0,2.4267032964268394
