size,trial,rate,density,clustering,shortest_path,n_comp_nodes,steps,l1,l2
35,0,0.5714285714285714,0.09747899159663866,0.12040816326530612,2.954621848739496,8.666666666666666,1000,8.666666666666666,2.449489742783178
35,1,0.6,0.09747899159663866,0.12040816326530612,2.954621848739496,9.0,1000,9.0,2.6034165586355518
35,2,0.6,0.09747899159663866,0.12040816326530612,2.954621848739496,8.666666666666666,1000,8.666666666666666,2.449489742783178
35,3,0.5714285714285714,0.09747899159663866,0.12040816326530612,2.954621848739496,10.0,1000,10.0,2.788866755113585
35,4,0.6571428571428571,0.09747899159663866,0.12040816326530612,2.954621848739496,8.333333333333332,1000,8.333333333333332,2.560381915956203
