size,trial,rate,density,clustering,shortest_path,n_comp_nodes,steps,l1,l2
35,0,0.6,0.10420168067226891,0.12272108843537417,2.880672268907563,8.333333333333334,1000,8.333333333333334,2.3804761428476167
35,1,0.6,0.10420168067226891,0.12272108843537417,2.880672268907563,7.333333333333333,1000,7.333333333333333,2.1081851067789197
35,2,0.6285714285714286,0.10420168067226891,0.12272108843537417,2.880672268907563,6.333333333333333,1000,6.333333333333333,1.9148542155126762
35,3,0.7142857142857143,0.10420168067226891,0.12272108843537417,2.880672268907563,6.333333333333333,1000,6.333333333333333,2.1343747458109497
35,4,0.6,0.10420168067226891,0.12272108843537417,2.880672268907563,7.333333333333333,1000,7.333333333333333,2.211083193570267
