size,trial,rate,density,clustering,shortest_path,n_comp_nodes,steps,l1,l2
105,0,0.7333333333333334,0.06336996336996337,0.06313147170290023,2.6597069597069596,15.666666666666666,1000,15.666666666666666,3.2829526005987018
105,1,0.780952380952381,0.06336996336996337,0.06313147170290023,2.6597069597069596,13.333333333333332,1000,13.333333333333332,3.0550504633038935
105,2,0.8095238095238095,0.06336996336996337,0.06313147170290023,2.6597069597069596,10.333333333333332,1000,10.333333333333332,2.560381915956203
105,3,0.7333333333333334,0.06336996336996337,0.06313147170290023,2.6597069597069596,16.333333333333332,1000,16.333333333333332,3.4480268109295333
105,4,0.7428571428571429,0.06336996336996337,0.06313147170290023,2.6597069597069596,14.333333333333332,1000,14.333333333333332,3.073181485764296
