size,trial,rate,density,clustering,shortest_path,n_comp_nodes,steps,l1,l2
105,0,0.7523809523809524,0.06978021978021978,0.08918954061811205,2.5448717948717947,14.666666666666668,1000,14.666666666666668,3.197221015541813
105,1,0.8095238095238095,0.06978021978021978,0.08918954061811205,2.5448717948717947,13.666666666666664,1000,13.666666666666664,3.2829526005987018
105,2,0.7714285714285715,0.06978021978021978,0.08918954061811205,2.5448717948717947,15.666666666666664,1000,15.666666666666664,3.511884584284246
105,3,0.7904761904761904,0.06978021978021978,0.08918954061811205,2.5448717948717947,11.0,1000,11.0,2.560381915956203
105,4,0.819047619047619,0.06978021978021978,0.08918954061811205,2.5448717948717947,9.333333333333332,1000,9.333333333333332,2.3570226039551585
