size,trial,rate,density,clustering,shortest_path,n_comp_nodes,steps,l1,l2
105,0,0.780952380952381,0.07197802197802197,0.07655444151242466,2.5075091575091575,14.0,1000,14.0,3.1622776601683795
105,1,0.7523809523809524,0.07197802197802197,0.07655444151242466,2.5075091575091575,13.666666666666666,1000,13.666666666666666,2.9249881291307074
105,2,0.819047619047619,0.07197802197802197,0.07655444151242466,2.5075091575091575,11.333333333333334,1000,11.333333333333334,2.82842712474619
105,3,0.7904761904761904,0.07197802197802197,0.07655444151242466,2.5075091575091575,10.666666666666666,1000,10.666666666666666,2.449489742783178
105,4,0.819047619047619,0.07197802197802197,0.07655444151242466,2.5075091575091575,10.333333333333332,1000,10.333333333333332,2.560381915956203
