size,trial,rate,density,clustering,shortest_path,n_comp_nodes,steps,l1,l2
105,0,0.7333333333333334,0.0663003663003663,0.07062323919466774,2.614835164835165,15.666666666666666,1000,15.666666666666666,3.2489314482696545
105,1,0.7904761904761904,0.0663003663003663,0.07062323919466774,2.614835164835165,12.666666666666666,1000,12.666666666666666,2.9059326290271152
105,2,0.7428571428571429,0.0663003663003663,0.07062323919466774,2.614835164835165,14.666666666666666,1000,14.666666666666666,3.1622776601683795
105,3,0.7523809523809524,0.0663003663003663,0.07062323919466774,2.614835164835165,14.333333333333332,1000,14.333333333333332,3.1091263510296048
105,4,0.7714285714285715,0.0663003663003663,0.07062323919466774,2.614835164835165,12.666666666666666,1000,12.666666666666666,2.9059326290271152
