size,trial,rate,density,clustering,shortest_path,n_comp_nodes,steps,l1,l2
105,0,0.780952380952381,0.06648351648351648,0.06086072657501227,2.581868131868132,13.666666666666666,1000,13.666666666666666,3.1446603773522015
105,1,0.7904761904761904,0.06648351648351648,0.06086072657501227,2.581868131868132,11.999999999999998,1000,11.999999999999998,2.8284271247461903
105,2,0.7714285714285715,0.06648351648351648,0.06086072657501227,2.581868131868132,12.0,1000,12.0,2.70801280154532
105,3,0.7904761904761904,0.06648351648351648,0.06086072657501227,2.581868131868132,13.666666666666664,1000,13.666666666666664,3.248931448269655
105,4,0.7904761904761904,0.06648351648351648,0.06086072657501227,2.581868131868132,12.333333333333332,1000,12.333333333333332,2.848001248439177
