size,trial,rate,density,clustering,shortest_path,n_comp_nodes,steps,l1,l2
105,0,0.7619047619047619,0.07014652014652015,0.09507090514609302,2.5388278388278387,12.666666666666666,1000,12.666666666666666,2.788866755113585
105,1,0.8285714285714285,0.07014652014652015,0.09507090514609302,2.5388278388278387,9.0,1000,9.0,2.285218200133681
105,2,0.7428571428571429,0.07014652014652015,0.09507090514609302,2.5388278388278387,12.666666666666666,1000,12.666666666666666,2.6246692913372702
105,3,0.7523809523809524,0.07014652014652015,0.09507090514609302,2.5388278388278387,14.333333333333334,1000,14.333333333333334,3.109126351029605
105,4,0.780952380952381,0.07014652014652015,0.09507090514609302,2.5388278388278387,13.0,1000,13.0,2.9249881291307074
