size,trial,rate,density,clustering,shortest_path,n_comp_nodes,steps,l1,l2
105,0,0.7904761904761904,0.07307692307692308,0.09592690378404659,2.4866300366300367,11.666666666666666,1000,11.666666666666666,2.8087165910587863
105,1,0.819047619047619,0.07307692307692308,0.09592690378404659,2.4866300366300367,11.333333333333332,1000,11.333333333333332,2.8284271247461903
105,2,0.8761904761904762,0.07307692307692308,0.09592690378404659,2.4866300366300367,6.0,1000,6.0,1.8257418583505536
105,3,0.7904761904761904,0.07307692307692308,0.09592690378404659,2.4866300366300367,12.333333333333334,1000,12.333333333333334,2.924988129130707
105,4,0.7523809523809524,0.07307692307692308,0.09592690378404659,2.4866300366300367,14.666666666666666,1000,14.666666666666666,3.197221015541813
