size,trial,rate,density,clustering,shortest_path,n_comp_nodes,steps,l1,l2
105,0,0.7333333333333334,0.06391941391941391,0.05249707963993676,2.6364468864468864,15.333333333333332,1000,15.333333333333332,3.197221015541813
105,1,0.7714285714285715,0.06391941391941391,0.05249707963993676,2.6364468864468864,12.333333333333332,1000,12.333333333333332,2.7688746209726913
105,2,0.7714285714285715,0.06391941391941391,0.05249707963993676,2.6364468864468864,12.666666666666664,1000,12.666666666666664,2.9059326290271157
105,3,0.7619047619047619,0.06391941391941391,0.05249707963993676,2.6364468864468864,14.0,1000,14.0,3.0912061651652345
105,4,0.6666666666666667,0.06391941391941391,0.05249707963993676,2.6364468864468864,17.666666666666664,1000,17.666666666666664,3.3829638550307397
