size,trial,rate,density,clustering,shortest_path,n_comp_nodes,steps,l1,l2
105,0,0.819047619047619,0.07087912087912088,0.08528307671164811,2.5142857142857142,8.0,1000,8.0,1.9436506316151
105,1,0.8,0.07087912087912088,0.08528307671164811,2.5142857142857142,11.666666666666666,1000,11.666666666666666,2.7688746209726913
105,2,0.7333333333333334,0.07087912087912088,0.08528307671164811,2.5142857142857142,14.666666666666666,1000,14.666666666666666,3.1269438398822866
105,3,0.780952380952381,0.07087912087912088,0.08528307671164811,2.5142857142857142,12.0,1000,12.0,2.748737083745107
105,4,0.8380952380952381,0.07087912087912088,0.08528307671164811,2.5142857142857142,9.333333333333332,1000,9.333333333333332,2.494438257849294
