size,trial,rate,density,clustering,shortest_path,n_comp_nodes,steps,l1,l2
105,0,0.780952380952381,0.0728937728937729,0.06608946608946606,2.509157509157509,12.333333333333332,1000,12.333333333333332,2.8867513459481287
105,1,0.8476190476190476,0.0728937728937729,0.06608946608946606,2.509157509157509,9.666666666666668,1000,9.666666666666668,2.6457513110645903
105,2,0.7619047619047619,0.0728937728937729,0.06608946608946606,2.509157509157509,13.0,1000,13.0,2.8867513459481287
105,3,0.7047619047619047,0.0728937728937729,0.06608946608946606,2.509157509157509,14.333333333333334,1000,14.333333333333334,2.848001248439177
105,4,0.8095238095238095,0.0728937728937729,0.06608946608946606,2.509157509157509,11.0,1000,11.0,2.7284509239574835
