size,trial,rate,density,clustering,shortest_path,n_comp_nodes,steps,l1,l2
15,0,0.33333333333333337,0.17142857142857143,0.06444444444444444,2.5142857142857142,6.333333333333333,1000,6.333333333333333,2.23606797749979
15,1,0.4666666666666667,0.17142857142857143,0.06444444444444444,2.5142857142857142,7.000000000000001,1000,7.000000000000001,2.560381915956203
15,2,0.4,0.17142857142857143,0.06444444444444444,2.5142857142857142,5.666666666666667,1000,5.666666666666667,2.0275875100994063
15,3,0.33333333333333337,0.17142857142857143,0.06444444444444444,2.5142857142857142,6.333333333333333,1000,6.333333333333333,2.23606797749979
15,4,0.4666666666666667,0.17142857142857143,0.06444444444444444,2.5142857142857142,4.666666666666666,1000,4.666666666666666,1.8856180831641267
