size,trial,rate,density,clustering,shortest_path,n_comp_nodes,steps,l1,l2
15,0,0.4,0.1619047619047619,0.09126984126984126,2.4761904761904763,6.666666666666667,1000,6.666666666666667,2.4037008503093262
15,1,0.2666666666666667,0.1619047619047619,0.09126984126984126,2.4761904761904763,6.666666666666666,1000,6.666666666666666,2.260776661041756
15,2,0.19999999999999996,0.1619047619047619,0.09126984126984126,2.4761904761904763,7.666666666666667,1000,7.666666666666667,2.4267032964268394
15,3,0.2666666666666667,0.1619047619047619,0.09126984126984126,2.4761904761904763,6.666666666666667,1000,6.666666666666667,2.211083193570267
15,4,0.4,0.1619047619047619,0.09126984126984126,2.4761904761904763,5.333333333333333,1000,5.333333333333333,1.9436506316151
