size,trial,rate,density,clustering,shortest_path,n_comp_nodes,steps,l1,l2
15,0,0.4666666666666667,0.19047619047619047,0.08444444444444445,2.4952380952380953,5.0,1000,5.0,1.9148542155126762
15,1,0.4666666666666667,0.19047619047619047,0.08444444444444445,2.4952380952380953,4.333333333333333,1000,4.333333333333333,1.7320508075688772
15,2,0.33333333333333337,0.19047619047619047,0.08444444444444445,2.4952380952380953,6.666666666666666,1000,6.666666666666666,2.309401076758503
15,3,0.4666666666666667,0.19047619047619047,0.08444444444444445,2.4952380952380953,4.333333333333333,1000,4.333333333333333,1.5986105077709063
15,4,0.4,0.19047619047619047,0.08444444444444445,2.4952380952380953,5.999999999999999,1000,5.999999999999999,2.1602468994692865
