size,trial,rate,density,clustering,shortest_path,n_comp_nodes,steps,l1,l2
15,0,0.4,0.18095238095238095,0.23333333333333336,2.380952380952381,5.666666666666667,1000,5.666666666666667,2.0275875100994063
15,1,0.4666666666666667,0.18095238095238095,0.23333333333333336,2.380952380952381,5.333333333333333,1000,5.333333333333333,2.054804667656325
15,2,0.4,0.18095238095238095,0.23333333333333336,2.380952380952381,6.333333333333333,1000,6.333333333333333,2.2852182001336816
15,3,0.4666666666666667,0.18095238095238095,0.23333333333333336,2.380952380952381,5.666666666666667,1000,5.666666666666667,2.0816659994661326
15,4,0.4666666666666667,0.18095238095238095,0.23333333333333336,2.380952380952381,4.666666666666667,1000,4.666666666666667,1.8257418583505536
