size,trial,rate,density,clustering,shortest_path,n_comp_nodes,steps,l1,l2
15,0,0.5333333333333333,0.17142857142857143,0.0,2.5238095238095237,6.0,1000,6.0,2.3570226039551585
15,1,0.4,0.17142857142857143,0.0,2.5238095238095237,6.0,1000,6.0,2.211083193570267
15,2,0.33333333333333337,0.17142857142857143,0.0,2.5238095238095237,5.333333333333333,1000,5.333333333333333,1.8856180831641267
15,3,0.4666666666666667,0.17142857142857143,0.0,2.5238095238095237,6.0,1000,6.0,2.2607766610417563
15,4,0.4,0.17142857142857143,0.0,2.5238095238095237,4.666666666666667,1000,4.666666666666667,1.699673171197595
