size,trial,rate,density,clustering,shortest_path,n_comp_nodes,steps,l1,l2
15,0,0.33333333333333337,0.18095238095238095,0.03777777777777778,2.5714285714285716,7.666666666666667,1000,7.666666666666667,2.560381915956203
15,1,0.4,0.18095238095238095,0.03777777777777778,2.5714285714285716,5.333333333333333,1000,5.333333333333333,1.8856180831641265
15,2,0.5333333333333333,0.18095238095238095,0.03777777777777778,2.5714285714285716,5.0,1000,5.0,2.0275875100994063
15,3,0.4,0.18095238095238095,0.03777777777777778,2.5714285714285716,6.333333333333334,1000,6.333333333333334,2.3333333333333335
15,4,0.4666666666666667,0.18095238095238095,0.03777777777777778,2.5714285714285716,4.333333333333334,1000,4.333333333333334,1.6666666666666667
