size,trial,rate,density,clustering,shortest_path,n_comp_nodes,steps,l1,l2
15,0,0.5333333333333333,0.21904761904761905,0.2568253968253968,2.4761904761904763,5.333333333333334,1000,5.333333333333334,2.1602468994692865
15,1,0.7333333333333334,0.21904761904761905,0.2568253968253968,2.4761904761904763,2.6666666666666665,1000,2.6666666666666665,1.4142135623730951
15,2,0.4666666666666667,0.21904761904761905,0.2568253968253968,2.4761904761904763,5.666666666666667,1000,5.666666666666667,2.1343747458109497
15,3,0.5333333333333333,0.21904761904761905,0.2568253968253968,2.4761904761904763,5.0,1000,5.0,2.081665999466133
15,4,0.6,0.21904761904761905,0.2568253968253968,2.4761904761904763,3.333333333333333,1000,3.333333333333333,1.414213562373095
