size,trial,rate,density,clustering,shortest_path,n_comp_nodes,steps,l1,l2
165,0,0.8303030303030303,0.060679970436067994,0.06115399855900834,2.460827790096083,9.666666666666664,1000,9.666666666666664,1.855921454276674
165,1,0.806060606060606,0.060679970436067994,0.06115399855900834,2.460827790096083,12.666666666666664,1000,12.666666666666664,2.4037008503093262
165,2,0.8303030303030303,0.060679970436067994,0.06115399855900834,2.460827790096083,11.666666666666664,1000,11.666666666666664,2.3804761428476167
165,3,0.7757575757575758,0.060679970436067994,0.06115399855900834,2.460827790096083,14.0,1000,14.0,2.403700850309326
165,4,0.7878787878787878,0.060679970436067994,0.06115399855900834,2.460827790096083,13.666666666666664,1000,13.666666666666664,2.4267032964268394
