size,trial,rate,density,clustering,shortest_path,n_comp_nodes,steps,l1,l2
165,0,0.8121212121212121,0.06186252771618625,0.058198948011782194,2.44759793052476,12.333333333333332,1000,12.333333333333332,2.3804761428476167
165,1,0.8363636363636364,0.06186252771618625,0.058198948011782194,2.44759793052476,11.0,1000,11.0,2.23606797749979
165,2,0.8121212121212121,0.06186252771618625,0.058198948011782194,2.44759793052476,11.999999999999998,1000,11.999999999999998,2.260776661041756
165,3,0.8666666666666667,0.06186252771618625,0.058198948011782194,2.44759793052476,9.0,1000,9.0,2.0816659994661326
165,4,0.8545454545454545,0.06186252771618625,0.058198948011782194,2.44759793052476,9.666666666666666,1000,9.666666666666666,2.0816659994661326
