size,trial,rate,density,clustering,shortest_path,n_comp_nodes,steps,l1,l2
165,0,0.806060606060606,0.05920177383592018,0.059219147699305245,2.489209164818921,12.666666666666666,1000,12.666666666666666,2.3570226039551585
165,1,0.8242424242424242,0.05920177383592018,0.059219147699305245,2.489209164818921,12.666666666666666,1000,12.666666666666666,2.494438257849294
165,2,0.8363636363636364,0.05920177383592018,0.059219147699305245,2.489209164818921,11.0,1000,11.0,2.23606797749979
165,3,0.8242424242424242,0.05920177383592018,0.059219147699305245,2.489209164818921,12.0,1000,12.0,2.357022603955158
165,4,0.7818181818181819,0.05920177383592018,0.059219147699305245,2.489209164818921,15.666666666666664,1000,15.666666666666664,2.808716591058786
