size,trial,rate,density,clustering,shortest_path,n_comp_nodes,steps,l1,l2
165,0,0.8303030303030303,0.06378418329637842,0.06884352458374408,2.421581670362158,10.333333333333332,1000,10.333333333333332,2.0275875100994063
165,1,0.8181818181818181,0.06378418329637842,0.06884352458374408,2.421581670362158,12.666666666666666,1000,12.666666666666666,2.449489742783178
165,2,0.8242424242424242,0.06378418329637842,0.06884352458374408,2.421581670362158,12.666666666666664,1000,12.666666666666664,2.5385910352879693
165,3,0.8787878787878788,0.06378418329637842,0.06884352458374408,2.421581670362158,7.666666666666666,1000,7.666666666666666,1.7950549357115013
165,4,0.8121212121212121,0.06378418329637842,0.06884352458374408,2.421581670362158,11.0,1000,11.0,2.0275875100994067
