size,trial,rate,density,clustering,shortest_path,n_comp_nodes,steps,l1,l2
165,0,0.806060606060606,0.06267553584626756,0.06203694008506834,2.4409460458240946,13.333333333333332,1000,13.333333333333332,2.494438257849294
165,1,0.8484848484848485,0.06267553584626756,0.06203694008506834,2.4409460458240946,8.999999999999998,1000,8.999999999999998,1.855921454276674
165,2,0.8242424242424242,0.06267553584626756,0.06203694008506834,2.4409460458240946,10.333333333333332,1000,10.333333333333332,1.9720265943665387
165,3,0.896969696969697,0.06267553584626756,0.06203694008506834,2.4409460458240946,7.0,1000,7.0,1.7950549357115013
165,4,0.8727272727272728,0.06267553584626756,0.06203694008506834,2.4409460458240946,9.0,1000,9.0,2.1343747458109497
