size,trial,rate,density,clustering,shortest_path,n_comp_nodes,steps,l1,l2
165,0,0.8,0.06104951958610495,0.05499938699488371,2.459571322985957,13.0,1000,13.0,2.3804761428476167
165,1,0.8666666666666667,0.06104951958610495,0.05499938699488371,2.459571322985957,9.666666666666666,1000,9.666666666666666,2.185812841434
165,2,0.8242424242424242,0.06104951958610495,0.05499938699488371,2.459571322985957,12.0,1000,12.0,2.3570226039551585
165,3,0.8606060606060606,0.06104951958610495,0.05499938699488371,2.459571322985957,8.333333333333332,1000,8.333333333333332,1.7950549357115013
165,4,0.8424242424242424,0.06104951958610495,0.05499938699488371,2.459571322985957,10.333333333333332,1000,10.333333333333332,2.1343747458109497
