size,trial,rate,density,clustering,shortest_path,n_comp_nodes,steps,l1,l2
165,0,0.7878787878787878,0.05720620842572062,0.05356373968673427,2.5227642276422766,15.0,1000,15.0,2.8087165910587863
165,1,0.8121212121212121,0.05720620842572062,0.05356373968673427,2.5227642276422766,11.666666666666666,1000,11.666666666666666,2.23606797749979
165,2,0.8242424242424242,0.05720620842572062,0.05356373968673427,2.5227642276422766,11.666666666666666,1000,11.666666666666666,2.2852182001336816
165,3,0.7878787878787878,0.05720620842572062,0.05356373968673427,2.5227642276422766,13.999999999999998,1000,13.999999999999998,2.494438257849294
165,4,0.806060606060606,0.05720620842572062,0.05356373968673427,2.5227642276422766,12.333333333333332,1000,12.333333333333332,2.3333333333333335
