size,trial,rate,density,clustering,shortest_path,n_comp_nodes,steps,l1,l2
165,0,0.8242424242424242,0.058906134515890614,0.060342653979017585,2.490169992609017,11.333333333333332,1000,11.333333333333332,2.260776661041756
165,1,0.8424242424242424,0.058906134515890614,0.060342653979017585,2.490169992609017,10.333333333333332,1000,10.333333333333332,2.1343747458109497
165,2,0.8,0.058906134515890614,0.060342653979017585,2.490169992609017,14.0,1000,14.0,2.581988897471611
165,3,0.8303030303030303,0.058906134515890614,0.060342653979017585,2.490169992609017,11.999999999999998,1000,11.999999999999998,2.403700850309326
165,4,0.8666666666666667,0.058906134515890614,0.060342653979017585,2.490169992609017,8.666666666666664,1000,8.666666666666664,1.9436506316151
