size,trial,rate,density,clustering,shortest_path,n_comp_nodes,steps,l1,l2
165,0,0.8424242424242424,0.06348854397634886,0.061352429507509694,2.4258684405025868,9.333333333333332,1000,9.333333333333332,1.8856180831641267
165,1,0.7878787878787878,0.06348854397634886,0.061352429507509694,2.4258684405025868,13.666666666666664,1000,13.666666666666664,2.4267032964268394
165,2,0.8363636363636364,0.06348854397634886,0.061352429507509694,2.4258684405025868,10.999999999999998,1000,10.999999999999998,2.2360679774997894
165,3,0.8545454545454545,0.06348854397634886,0.061352429507509694,2.4258684405025868,10.0,1000,10.0,2.1602468994692865
165,4,0.8181818181818181,0.06348854397634886,0.061352429507509694,2.4258684405025868,12.666666666666666,1000,12.666666666666666,2.5385910352879693
