size,trial,rate,density,clustering,shortest_path,n_comp_nodes,steps,l1,l2
165,0,0.8606060606060606,0.061271249076127125,0.06529215189642992,2.456910569105691,11.0,1000,11.0,2.4720661623652207
165,1,0.806060606060606,0.061271249076127125,0.06529215189642992,2.456910569105691,12.666666666666664,1000,12.666666666666664,2.3570226039551585
165,2,0.8242424242424242,0.061271249076127125,0.06529215189642992,2.456910569105691,12.0,1000,12.0,2.4037008503093262
165,3,0.8727272727272728,0.061271249076127125,0.06529215189642992,2.456910569105691,8.0,1000,8.0,1.8257418583505536
165,4,0.7878787878787878,0.061271249076127125,0.06529215189642992,2.456910569105691,15.0,1000,15.0,2.7688746209726913
