size,trial,rate,density,clustering,shortest_path,n_comp_nodes,steps,l1,l2
105,0,0.7142857142857143,0.0728937728937729,0.06608946608946606,2.509157509157509,12.333333333333332,1000,12.333333333333332,2.3804761428476167
105,1,0.7523809523809524,0.0728937728937729,0.06608946608946606,2.509157509157509,11.666666666666666,1000,11.666666666666666,2.472066162365221
105,2,0.7428571428571429,0.0728937728937729,0.06608946608946606,2.509157509157509,11.0,1000,11.0,2.23606797749979
105,3,0.7523809523809524,0.0728937728937729,0.06608946608946606,2.509157509157509,11.666666666666664,1000,11.666666666666664,2.4267032964268394
105,4,0.6952380952380952,0.0728937728937729,0.06608946608946606,2.509157509157509,13.666666666666666,1000,13.666666666666666,2.6034165586355513
