size,trial,rate,density,clustering,shortest_path,n_comp_nodes,steps,l1,l2
105,0,0.7714285714285715,0.07197802197802197,0.07655444151242466,2.5075091575091575,11.333333333333332,1000,11.333333333333332,2.5385910352879693
105,1,0.7904761904761904,0.07197802197802197,0.07655444151242466,2.5075091575091575,9.333333333333334,1000,9.333333333333334,2.1081851067789192
105,2,0.6952380952380952,0.07197802197802197,0.07655444151242466,2.5075091575091575,13.666666666666666,1000,13.666666666666666,2.560381915956203
105,3,0.7333333333333334,0.07197802197802197,0.07655444151242466,2.5075091575091575,12.0,1000,12.0,2.4037008503093262
105,4,0.7142857142857143,0.07197802197802197,0.07655444151242466,2.5075091575091575,13.333333333333332,1000,13.333333333333332,2.6666666666666665
