size,trial,rate,density,clustering,shortest_path,n_comp_nodes,steps,l1,l2
105,0,0.7142857142857143,0.06391941391941391,0.05249707963993676,2.6364468864468864,13.0,1000,13.0,2.6034165586355513
105,1,0.6952380952380952,0.06391941391941391,0.05249707963993676,2.6364468864468864,14.666666666666668,1000,14.666666666666668,2.788866755113585
105,2,0.7333333333333334,0.06391941391941391,0.05249707963993676,2.6364468864468864,12.666666666666668,1000,12.666666666666668,2.5385910352879693
105,3,0.7523809523809524,0.06391941391941391,0.05249707963993676,2.6364468864468864,10.666666666666668,1000,10.666666666666668,2.260776661041756
105,4,0.6666666666666667,0.06391941391941391,0.05249707963993676,2.6364468864468864,15.999999999999998,1000,15.999999999999998,2.943920288775949
