size,trial,rate,density,clustering,shortest_path,n_comp_nodes,steps,l1,l2
105,0,0.7333333333333334,0.06336996336996337,0.06313147170290023,2.6597069597069596,12.999999999999998,1000,12.999999999999998,2.6457513110645907
105,1,0.6571428571428571,0.06336996336996337,0.06313147170290023,2.6597069597069596,15.666666666666666,1000,15.666666666666666,2.7688746209726913
105,2,0.7333333333333334,0.06336996336996337,0.06313147170290023,2.6597069597069596,14.666666666666664,1000,14.666666666666664,3.018461712712472
105,3,0.6761904761904762,0.06336996336996337,0.06313147170290023,2.6597069597069596,14.666666666666664,1000,14.666666666666664,2.70801280154532
105,4,0.7714285714285715,0.06336996336996337,0.06313147170290023,2.6597069597069596,10.666666666666668,1000,10.666666666666668,2.4037008503093262
