size,trial,rate,density,clustering,shortest_path,n_comp_nodes,steps,l1,l2
105,0,0.6952380952380952,0.06648351648351648,0.06086072657501227,2.581868131868132,13.999999999999998,1000,13.999999999999998,2.7080128015453204
105,1,0.6666666666666667,0.06648351648351648,0.06086072657501227,2.581868131868132,14.666666666666666,1000,14.666666666666666,2.6246692913372702
105,2,0.7428571428571429,0.06648351648351648,0.06086072657501227,2.581868131868132,12.666666666666666,1000,12.666666666666666,2.6246692913372702
105,3,0.6952380952380952,0.06648351648351648,0.06086072657501227,2.581868131868132,15.333333333333332,1000,15.333333333333332,2.943920288775949
105,4,0.6476190476190475,0.06648351648351648,0.06086072657501227,2.581868131868132,15.666666666666666,1000,15.666666666666666,2.7688746209726913
