size,trial,rate,density,clustering,shortest_path,n_comp_nodes,steps,l1,l2
105,0,0.6952380952380952,0.0663003663003663,0.07062323919466774,2.614835164835165,13.0,1000,13.0,2.4720661623652207
105,1,0.7238095238095238,0.0663003663003663,0.07062323919466774,2.614835164835165,13.333333333333332,1000,13.333333333333332,2.70801280154532
105,2,0.8285714285714285,0.0663003663003663,0.07062323919466774,2.614835164835165,8.0,1000,8.0,2.0
105,3,0.7714285714285715,0.0663003663003663,0.07062323919466774,2.614835164835165,10.666666666666666,1000,10.666666666666666,2.3570226039551585
105,4,0.7428571428571429,0.0663003663003663,0.07062323919466774,2.614835164835165,11.666666666666668,1000,11.666666666666668,2.4267032964268394
