size,trial,rate,density,clustering,shortest_path,n_comp_nodes,steps,l1,l2
105,0,0.7523809523809524,0.06978021978021978,0.08918954061811205,2.5448717948717947,11.666666666666666,1000,11.666666666666666,2.4720661623652207
105,1,0.7619047619047619,0.06978021978021978,0.08918954061811205,2.5448717948717947,12.333333333333332,1000,12.333333333333332,2.7284509239574835
105,2,0.6476190476190475,0.06978021978021978,0.08918954061811205,2.5448717948717947,13.666666666666666,1000,13.666666666666666,2.3804761428476167
105,3,0.7333333333333334,0.06978021978021978,0.08918954061811205,2.5448717948717947,12.0,1000,12.0,2.494438257849294
105,4,0.7904761904761904,0.06978021978021978,0.08918954061811205,2.5448717948717947,9.666666666666666,1000,9.666666666666666,2.185812841434
