size,trial,rate,density,clustering,shortest_path,n_comp_nodes,steps,l1,l2
105,0,0.8380952380952381,0.07087912087912088,0.08528307671164811,2.5142857142857142,8.0,1000,8.0,2.054804667656325
105,1,0.7714285714285715,0.07087912087912088,0.08528307671164811,2.5142857142857142,10.0,1000,10.0,2.1602468994692865
105,2,0.7142857142857143,0.07087912087912088,0.08528307671164811,2.5142857142857142,13.0,1000,13.0,2.516611478423583
105,3,0.6952380952380952,0.07087912087912088,0.08528307671164811,2.5142857142857142,13.333333333333332,1000,13.333333333333332,2.5385910352879693
105,4,0.6952380952380952,0.07087912087912088,0.08528307671164811,2.5142857142857142,15.0,1000,15.0,2.96273147243853
