size,trial,rate,density,clustering,shortest_path,n_comp_nodes,steps,l1,l2
105,0,0.7619047619047619,0.07307692307692308,0.09592690378404659,2.4866300366300367,10.0,1000,10.0,2.1602468994692865
105,1,0.7047619047619047,0.07307692307692308,0.09592690378404659,2.4866300366300367,12.333333333333334,1000,12.333333333333334,2.333333333333333
105,2,0.7523809523809524,0.07307692307692308,0.09592690378404659,2.4866300366300367,11.666666666666666,1000,11.666666666666666,2.4267032964268394
105,3,0.780952380952381,0.07307692307692308,0.09592690378404659,2.4866300366300367,10.333333333333332,1000,10.333333333333332,2.333333333333333
105,4,0.8285714285714285,0.07307692307692308,0.09592690378404659,2.4866300366300367,7.999999999999999,1000,7.999999999999999,2.054804667656325
