size,trial,rate,density,clustering,shortest_path,n_comp_nodes,steps,l1,l2
5,0,0.4,0.4,0.0,1.8,2.333333333333333,1000,2.333333333333333,1.4529663145135578
5,1,0.4,0.4,0.0,1.8,2.0,1000,2.0,1.247219128924647
5,2,0.19999999999999996,0.4,0.0,1.8,1.9999999999999998,1000,1.9999999999999998,1.1547005383792517
5,3,0.19999999999999996,0.4,0.0,1.8,2.333333333333333,1000,2.333333333333333,1.201850425154663
5,4,0.4,0.4,0.0,1.8,2.333333333333333,1000,2.333333333333333,1.3743685418725535
