size,trial,rate,density,clustering,shortest_path,n_comp_nodes,steps,l1,l2
5,0,0.4,0.5,0.4666666666666666,1.7,1.3333333333333333,1000,1.3333333333333333,0.816496580927726
5,1,0.4,0.5,0.4666666666666666,1.7,1.6666666666666665,1000,1.6666666666666665,1.1055415967851334
5,2,0.6,0.5,0.4666666666666666,1.7,1.6666666666666665,1000,1.6666666666666665,1.2018504251546631
5,3,0.6,0.5,0.4666666666666666,1.7,1.0,1000,1.0,0.7453559924999298
5,4,0.4,0.5,0.4666666666666666,1.7,1.3333333333333333,1000,1.3333333333333333,0.816496580927726
