size,trial,rate,density,clustering,shortest_path,n_comp_nodes,steps,l1,l2
5,0,0.4,0.4,0.0,1.8,2.6666666666666665,1000,2.6666666666666665,1.5634719199411433
5,1,0.19999999999999996,0.4,0.0,1.8,2.6666666666666665,1000,2.6666666666666665,1.4907119849998598
5,2,0.19999999999999996,0.4,0.0,1.8,1.9999999999999998,1000,1.9999999999999998,1.1547005383792517
5,3,0.19999999999999996,0.4,0.0,1.8,2.6666666666666665,1000,2.6666666666666665,1.4907119849998598
5,4,0.19999999999999996,0.4,0.0,1.8,2.6666666666666665,1000,2.6666666666666665,1.4142135623730951
