size,trial,rate,density,clustering,shortest_path,n_comp_nodes,steps,l1,l2
5,0,0.0,0.4,0.0,1.8,2.3333333333333335,1000,2.3333333333333335,1.1055415967851332
5,1,0.19999999999999996,0.4,0.0,1.8,2.9999999999999996,1000,2.9999999999999996,1.5986105077709065
5,2,0.0,0.4,0.0,1.8,2.3333333333333335,1000,2.3333333333333335,1.2018504251546631
5,3,0.0,0.4,0.0,1.8,3.0,1000,3.0,1.5275252316519468
5,4,0.4,0.4,0.0,1.8,2.3333333333333335,1000,2.3333333333333335,1.4529663145135578
