size,trial,rate,density,clustering,shortest_path,n_comp_nodes,steps,l1,l2
5,0,0.4,0.4,0.0,2.0,2.0,1000,2.0,1.247219128924647
5,1,0.19999999999999996,0.4,0.0,2.0,2.6666666666666665,1000,2.6666666666666665,1.4907119849998598
5,2,0.19999999999999996,0.4,0.0,2.0,1.6666666666666665,1000,1.6666666666666665,0.8819171036881968
5,3,0.4,0.4,0.0,2.0,2.6666666666666665,1000,2.6666666666666665,1.5634719199411433
5,4,0.19999999999999996,0.4,0.0,2.0,2.333333333333333,1000,2.333333333333333,1.2909944487358056
