size,trial,rate,density,clustering,shortest_path,n_comp_nodes,steps,l1,l2
75,0,0.7066666666666667,0.07243243243243243,0.0694074074074074,2.694774774774775,12.666666666666666,1000,12.666666666666666,2.9059326290271157
75,1,0.7466666666666666,0.07243243243243243,0.0694074074074074,2.694774774774775,12.666666666666666,1000,12.666666666666666,3.126943839882286
75,2,0.6799999999999999,0.07243243243243243,0.0694074074074074,2.694774774774775,15.0,1000,15.0,3.34995854037363
75,3,0.6666666666666667,0.07243243243243243,0.0694074074074074,2.694774774774775,15.0,1000,15.0,3.2829526005987018
75,4,0.72,0.07243243243243243,0.0694074074074074,2.694774774774775,12.666666666666666,1000,12.666666666666666,2.9814239699997196
