size,trial,rate,density,clustering,shortest_path,n_comp_nodes,steps,l1,l2
75,0,0.7333333333333334,0.06882882882882883,0.04292833092833093,2.799279279279279,11.0,1000,11.0,2.6874192494328497
75,1,0.64,0.06882882882882883,0.04292833092833093,2.799279279279279,14.999999999999998,1000,14.999999999999998,3.1446603773522015
75,2,0.6666666666666667,0.06882882882882883,0.04292833092833093,2.799279279279279,15.999999999999998,1000,15.999999999999998,3.4641016151377544
75,3,0.6533333333333333,0.06882882882882883,0.04292833092833093,2.799279279279279,16.333333333333332,1000,16.333333333333332,3.5746017649212027
75,4,0.6799999999999999,0.06882882882882883,0.04292833092833093,2.799279279279279,11.999999999999998,1000,11.999999999999998,2.70801280154532
