size,trial,rate,density,clustering,shortest_path,n_comp_nodes,steps,l1,l2
75,0,0.6933333333333334,0.07783783783783783,0.0872275132275132,2.63027027027027,14.666666666666666,1000,14.666666666666666,3.3333333333333335
75,1,0.7333333333333334,0.07783783783783783,0.0872275132275132,2.63027027027027,12.0,1000,12.0,2.9814239699997196
75,2,0.7733333333333333,0.07783783783783783,0.0872275132275132,2.63027027027027,10.333333333333332,1000,10.333333333333332,2.6874192494328497
75,3,0.7466666666666666,0.07783783783783783,0.0872275132275132,2.63027027027027,11.333333333333332,1000,11.333333333333332,2.788866755113585
75,4,0.7066666666666667,0.07783783783783783,0.0872275132275132,2.63027027027027,11.0,1000,11.0,2.560381915956203
