size,trial,rate,density,clustering,shortest_path,n_comp_nodes,steps,l1,l2
75,0,0.7066666666666667,0.07423423423423424,0.07081673881673883,2.671351351351351,10.666666666666666,1000,10.666666666666666,2.449489742783178
75,1,0.76,0.07423423423423424,0.07081673881673883,2.671351351351351,10.333333333333334,1000,10.333333333333334,2.68741924943285
75,2,0.6133333333333333,0.07423423423423424,0.07081673881673883,2.671351351351351,13.0,1000,13.0,2.6457513110645903
75,3,0.72,0.07423423423423424,0.07081673881673883,2.671351351351351,10.333333333333332,1000,10.333333333333332,2.4720661623652207
75,4,0.6933333333333334,0.07423423423423424,0.07081673881673883,2.671351351351351,11.999999999999998,1000,11.999999999999998,2.7080128015453204
