size,trial,rate,density,clustering,shortest_path,n_comp_nodes,steps,l1,l2
75,0,0.7066666666666667,0.07711711711711712,0.05243171643171643,2.6194594594594593,10.999999999999998,1000,10.999999999999998,2.5166114784235836
75,1,0.7333333333333334,0.07711711711711712,0.05243171643171643,2.6194594594594593,12.0,1000,12.0,2.9439202887759484
75,2,0.7333333333333334,0.07711711711711712,0.05243171643171643,2.6194594594594593,11.0,1000,11.0,2.7688746209726913
75,3,0.76,0.07711711711711712,0.05243171643171643,2.6194594594594593,9.666666666666666,1000,9.666666666666666,2.516611478423583
75,4,0.7733333333333333,0.07711711711711712,0.05243171643171643,2.6194594594594593,11.666666666666666,1000,11.666666666666666,3.0731814857642954
