size,trial,rate,density,clustering,shortest_path,n_comp_nodes,steps,l1,l2
75,0,0.6266666666666667,0.06918918918918919,0.11018389018389017,2.7816216216216216,14.33333333333333,1000,14.33333333333333,3.0
75,1,0.7866666666666666,0.06918918918918919,0.11018389018389017,2.7816216216216216,9.0,1000,9.0,2.472066162365221
75,2,0.72,0.06918918918918919,0.11018389018389017,2.7816216216216216,12.333333333333332,1000,12.333333333333332,2.9627314724385294
75,3,0.7333333333333334,0.06918918918918919,0.11018389018389017,2.7816216216216216,11.0,1000,11.0,2.6457513110645907
75,4,0.72,0.06918918918918919,0.11018389018389017,2.7816216216216216,11.666666666666664,1000,11.666666666666664,2.7284509239574835
