size,trial,rate,density,clustering,shortest_path,n_comp_nodes,steps,l1,l2
75,0,0.76,0.0727927927927928,0.059415103415103435,2.6936936936936937,11.0,1000,11.0,2.848001248439177
75,1,0.6666666666666667,0.0727927927927928,0.059415103415103435,2.6936936936936937,12.666666666666666,1000,12.666666666666666,2.82842712474619
75,2,0.6799999999999999,0.0727927927927928,0.059415103415103435,2.6936936936936937,14.333333333333332,1000,14.333333333333332,3.1797973380564852
75,3,0.6666666666666667,0.0727927927927928,0.059415103415103435,2.6936936936936937,15.666666666666664,1000,15.666666666666664,3.4156502553198664
75,4,0.6799999999999999,0.0727927927927928,0.059415103415103435,2.6936936936936937,14.0,1000,14.0,3.1269438398822866
