size,trial,rate,density,clustering,shortest_path,n_comp_nodes,steps,l1,l2
75,0,0.7066666666666667,0.07243243243243243,0.04825012025012025,2.716036036036036,10.666666666666664,1000,10.666666666666664,2.494438257849294
75,1,0.6666666666666667,0.07243243243243243,0.04825012025012025,2.716036036036036,12.333333333333332,1000,12.333333333333332,2.7284509239574835
75,2,0.6666666666666667,0.07243243243243243,0.04825012025012025,2.716036036036036,14.666666666666664,1000,14.666666666666664,3.197221015541813
75,3,0.72,0.07243243243243243,0.04825012025012025,2.716036036036036,12.666666666666664,1000,12.666666666666664,3.018461712712472
75,4,0.6933333333333334,0.07243243243243243,0.04825012025012025,2.716036036036036,13.333333333333332,1000,13.333333333333332,3.0550504633038935
