size,trial,rate,density,clustering,shortest_path,n_comp_nodes,steps,l1,l2
75,0,0.6666666666666667,0.07855855855855856,0.059773929773929785,2.5945945945945947,13.0,1000,13.0,2.886751345948129
75,1,0.64,0.07855855855855856,0.059773929773929785,2.5945945945945947,17.333333333333336,1000,17.333333333333336,3.5901098714230026
75,2,0.8,0.07855855855855856,0.059773929773929785,2.5945945945945947,7.666666666666666,1000,7.666666666666666,2.1343747458109497
75,3,0.6533333333333333,0.07855855855855856,0.059773929773929785,2.5945945945945947,14.0,1000,14.0,3.055050463303893
75,4,0.6666666666666667,0.07855855855855856,0.059773929773929785,2.5945945945945947,12.999999999999998,1000,12.999999999999998,2.9249881291307074
