size,trial,rate,density,clustering,shortest_path,n_comp_nodes,steps,l1,l2
75,0,0.76,0.07495495495495495,0.08313730713730713,2.6695495495495494,10.666666666666666,1000,10.666666666666666,2.7080128015453204
75,1,0.8,0.07495495495495495,0.08313730713730713,2.6695495495495494,9.333333333333332,1000,9.333333333333332,2.581988897471611
75,2,0.7466666666666666,0.07495495495495495,0.08313730713730713,2.6695495495495494,11.666666666666664,1000,11.666666666666664,2.8867513459481287
75,3,0.6933333333333334,0.07495495495495495,0.08313730713730713,2.6695495495495494,13.333333333333332,1000,13.333333333333332,3.0912061651652345
75,4,0.7333333333333334,0.07495495495495495,0.08313730713730713,2.6695495495495494,10.333333333333332,1000,10.333333333333332,2.4720661623652207
