size,trial,rate,density,clustering,shortest_path,n_comp_nodes,steps,l1,l2
55,0,0.7090909090909091,0.08686868686868687,0.10596221959858323,2.709090909090909,7.333333333333333,1000,7.333333333333333,1.9436506316151
55,1,0.6181818181818182,0.08686868686868687,0.10596221959858323,2.709090909090909,11.999999999999998,1000,11.999999999999998,2.8674417556808756
55,2,0.6181818181818182,0.08686868686868687,0.10596221959858323,2.709090909090909,12.999999999999998,1000,12.999999999999998,3.0368111930481
55,3,0.6909090909090909,0.08686868686868687,0.10596221959858323,2.709090909090909,8.333333333333332,1000,8.333333333333332,2.23606797749979
55,4,0.6363636363636364,0.08686868686868687,0.10596221959858323,2.709090909090909,10.999999999999998,1000,10.999999999999998,2.6874192494328497
