size,trial,rate,density,clustering,shortest_path,n_comp_nodes,steps,l1,l2
55,0,0.7090909090909091,0.09023569023569024,0.0732034632034632,2.696969696969697,9.666666666666666,1000,9.666666666666666,2.6034165586355513
55,1,0.6,0.09023569023569024,0.0732034632034632,2.696969696969697,11.333333333333332,1000,11.333333333333332,2.6246692913372702
55,2,0.5818181818181818,0.09023569023569024,0.0732034632034632,2.696969696969697,12.333333333333334,1000,12.333333333333334,2.808716591058786
55,3,0.7272727272727273,0.09023569023569024,0.0732034632034632,2.696969696969697,7.666666666666667,1000,7.666666666666667,2.1343747458109497
55,4,0.6545454545454545,0.09023569023569024,0.0732034632034632,2.696969696969697,11.333333333333332,1000,11.333333333333332,2.7888667551135855
