size,trial,rate,density,clustering,shortest_path,n_comp_nodes,steps,l1,l2
55,0,0.6363636363636364,0.08552188552188553,0.09832611832611833,2.68013468013468,10.666666666666666,1000,10.666666666666666,2.6246692913372702
55,1,0.6181818181818182,0.08552188552188553,0.09832611832611833,2.68013468013468,13.0,1000,13.0,3.1091263510296048
55,2,0.6363636363636364,0.08552188552188553,0.09832611832611833,2.68013468013468,12.0,1000,12.0,2.8674417556808756
55,3,0.6363636363636364,0.08552188552188553,0.09832611832611833,2.68013468013468,12.666666666666666,1000,12.666666666666666,3.0550504633038935
55,4,0.6727272727272727,0.08552188552188553,0.09832611832611833,2.68013468013468,10.666666666666666,1000,10.666666666666666,2.70801280154532
