size,trial,rate,density,clustering,shortest_path,n_comp_nodes,steps,l1,l2
55,0,0.6545454545454545,0.08350168350168351,0.04855699855699856,2.731313131313131,11.666666666666666,1000,11.666666666666666,2.9249881291307074
55,1,0.6727272727272727,0.08350168350168351,0.04855699855699856,2.731313131313131,10.333333333333332,1000,10.333333333333332,2.6874192494328497
55,2,0.6363636363636364,0.08350168350168351,0.04855699855699856,2.731313131313131,11.333333333333332,1000,11.333333333333332,2.70801280154532
55,3,0.7090909090909091,0.08350168350168351,0.04855699855699856,2.731313131313131,8.666666666666666,1000,8.666666666666666,2.3094010767585034
55,4,0.6363636363636364,0.08350168350168351,0.04855699855699856,2.731313131313131,11.666666666666666,1000,11.666666666666666,2.8867513459481287
