size,trial,rate,density,clustering,shortest_path,n_comp_nodes,steps,l1,l2
55,0,0.6909090909090909,0.07676767676767676,0.07095238095238096,2.9313131313131313,13.0,1000,13.0,3.3166247903554
55,1,0.6363636363636364,0.07676767676767676,0.07095238095238096,2.9313131313131313,11.666666666666666,1000,11.666666666666666,2.808716591058786
55,2,0.5636363636363637,0.07676767676767676,0.07095238095238096,2.9313131313131313,14.666666666666666,1000,14.666666666666666,3.2998316455372216
55,3,0.5454545454545454,0.07676767676767676,0.07095238095238096,2.9313131313131313,15.999999999999998,1000,15.999999999999998,3.4641016151377544
55,4,0.6727272727272727,0.07676767676767676,0.07095238095238096,2.9313131313131313,10.666666666666668,1000,10.666666666666668,2.788866755113585
