size,trial,rate,density,clustering,shortest_path,n_comp_nodes,steps,l1,l2
55,0,0.6363636363636364,0.08215488215488216,0.04896103896103896,2.758922558922559,11.0,1000,11.0,2.7284509239574835
55,1,0.6,0.08215488215488216,0.04896103896103896,2.758922558922559,10.333333333333332,1000,10.333333333333332,2.3804761428476167
55,2,0.7272727272727273,0.08215488215488216,0.04896103896103896,2.758922558922559,10.0,1000,10.0,2.70801280154532
55,3,0.7090909090909091,0.08215488215488216,0.04896103896103896,2.758922558922559,10.333333333333332,1000,10.333333333333332,2.728450923957483
55,4,0.6181818181818182,0.08215488215488216,0.04896103896103896,2.758922558922559,9.666666666666666,1000,9.666666666666666,2.285218200133681
