size,trial,rate,density,clustering,shortest_path,n_comp_nodes,steps,l1,l2
55,0,0.6727272727272727,0.08484848484848485,0.036709956709956706,2.727946127946128,10.33333333333333,1000,10.33333333333333,2.6874192494328497
55,1,0.6727272727272727,0.08484848484848485,0.036709956709956706,2.727946127946128,11.0,1000,11.0,2.848001248439177
55,2,0.6545454545454545,0.08484848484848485,0.036709956709956706,2.727946127946128,11.666666666666666,1000,11.666666666666666,2.886751345948129
55,3,0.6545454545454545,0.08484848484848485,0.036709956709956706,2.727946127946128,11.999999999999998,1000,11.999999999999998,3.018461712712472
55,4,0.6909090909090909,0.08484848484848485,0.036709956709956706,2.727946127946128,10.0,1000,10.0,2.6666666666666665
