size,trial,rate,density,clustering,shortest_path,n_comp_nodes,steps,l1,l2
55,0,0.6,0.08080808080808081,0.07627705627705628,2.783164983164983,13.0,1000,13.0,2.9999999999999996
55,1,0.6727272727272727,0.08080808080808081,0.07627705627705628,2.783164983164983,11.666666666666668,1000,11.666666666666668,2.9627314724385294
55,2,0.6545454545454545,0.08080808080808081,0.07627705627705628,2.783164983164983,9.666666666666666,1000,9.666666666666666,2.4267032964268394
55,3,0.6181818181818182,0.08080808080808081,0.07627705627705628,2.783164983164983,12.666666666666668,1000,12.666666666666668,3.018461712712472
55,4,0.5454545454545454,0.08080808080808081,0.07627705627705628,2.783164983164983,12.333333333333334,1000,12.333333333333334,2.6457513110645907
