size,trial,rate,density,clustering,shortest_path,n_comp_nodes,steps,l1,l2
55,0,0.7454545454545455,0.08350168350168351,0.12634527089072548,2.748148148148148,6.999999999999999,1000,6.999999999999999,2.081665999466133
55,1,0.7454545454545455,0.08350168350168351,0.12634527089072548,2.748148148148148,8.666666666666666,1000,8.666666666666666,2.5385910352879693
55,2,0.5636363636363637,0.08350168350168351,0.12634527089072548,2.748148148148148,13.666666666666666,1000,13.666666666666666,3.1091263510296048
55,3,0.6545454545454545,0.08350168350168351,0.12634527089072548,2.748148148148148,12.0,1000,12.0,2.9814239699997196
55,4,0.6181818181818182,0.08350168350168351,0.12634527089072548,2.748148148148148,11.999999999999998,1000,11.999999999999998,2.8284271247461903
