size,trial,rate,density,clustering,shortest_path,n_comp_nodes,steps,l1,l2
55,0,0.5454545454545454,0.08552188552188553,0.10268660632296997,2.7932659932659933,15.666666666666664,1000,15.666666666666664,3.415650255319866
55,1,0.6545454545454545,0.08552188552188553,0.10268660632296997,2.7932659932659933,11.666666666666666,1000,11.666666666666666,2.8867513459481287
55,2,0.5818181818181818,0.08552188552188553,0.10268660632296997,2.7932659932659933,14.666666666666664,1000,14.666666666666664,3.265986323710904
55,3,0.6727272727272727,0.08552188552188553,0.10268660632296997,2.7932659932659933,11.0,1000,11.0,2.7284509239574835
55,4,0.6727272727272727,0.08552188552188553,0.10268660632296997,2.7932659932659933,11.333333333333332,1000,11.333333333333332,2.8284271247461903
